ssp,year,depth_zone,phys_zone,contaminant,baseline,precip_delta,temp_delta,projected,total_change_pct,baseline_exceeds_who,projected_exceeds_who,who_guideline
SSP2-4.5,2030,Shallow,Barind_Tract,As,0.7997,0.12515166666666663,0.047982,0.9728336666666666,21.649827018465253,False,False,10.0
SSP2-4.5,2030,Shallow,Barind_Tract,Mn2+,0.73547,-0.019353333333333313,0.03530256,0.7514192266666666,2.168576103262764,True,True,0.4
SSP2-4.5,2030,Shallow,Barind_Tract,Fe2+,0.85185,0.06575333333333333,0.030666599999999995,0.9482699333333333,11.318886345405096,True,True,0.3
SSP2-4.5,2030,Shallow,Barind_Tract,Cr3+,0.0106,0.0007883333333333333,0.00019079999999999998,0.011579133333333333,9.237106918238993,False,False,0.05
SSP2-4.5,2030,Shallow,Barind_Tract,NO3-,1.1,0.033333333333333326,0.033,1.1663333333333332,6.030303030303012,False,False,50.0
SSP2-4.5,2030,Shallow,Northern_Terrace,As,1.14405,0.34381666666666666,0.068643,1.5565096666666667,36.05259094153811,False,False,10.0
SSP2-4.5,2030,Shallow,Northern_Terrace,Mn2+,0.55535,-0.08245833333333334,0.0266568,0.49954846666666664,-10.047993757690353,True,True,0.4
SSP2-4.5,2030,Shallow,Northern_Terrace,Fe2+,4.36683,0.05886166666666659,0.15720588,4.5828975466666675,4.94792668060509,True,True,0.3
SSP2-4.5,2030,Shallow,Northern_Terrace,Cr3+,0.0030499999999999998,-0.00012833333333333333,5.489999999999999e-05,0.0029765666666666667,-2.4076502732240357,False,False,0.05
SSP2-4.5,2030,Shallow,Northern_Terrace,NO3-,2.05,-0.09166666666666663,0.06149999999999999,2.019833333333333,-1.471544715447155,False,False,50.0
SSP2-4.5,2030,Shallow,Brahmaputra_Floodplain,As,0.7136,0.9473466666666666,0.042816,1.7037626666666665,138.75597907324362,False,False,10.0
SSP2-4.5,2030,Shallow,Brahmaputra_Floodplain,Mn2+,0.36365,-0.050508333333333336,0.0174552,0.33059686666666666,-9.08927081901095,False,False,0.4
SSP2-4.5,2030,Shallow,Brahmaputra_Floodplain,Fe2+,2.66452,0.08925666666666668,0.09592271999999999,2.8496993866666664,6.9498216063931375,True,True,0.3
SSP2-4.5,2030,Shallow,Brahmaputra_Floodplain,Cr3+,0.0041,0.00013166666666666665,7.38e-05,0.004305466666666666,5.01138211382112,False,False,0.05
SSP2-4.5,2030,Shallow,Brahmaputra_Floodplain,NO3-,1.8,0.05000000000000001,0.054000000000000006,1.9040000000000001,5.777777777777783,False,False,50.0
SSP2-4.5,2030,Shallow,Ganges_Floodplain,As,5.5763,1.3954666666666669,0.334578,7.306344666666666,31.024956811266723,False,False,10.0
SSP2-4.5,2030,Shallow,Ganges_Floodplain,Mn2+,0.48376,0.012031666666666652,0.023220479999999998,0.5190121466666667,7.287114822777142,True,True,0.4
SSP2-4.5,2030,Shallow,Ganges_Floodplain,Fe2+,2.83742,-0.004504166666666679,0.10214712,2.9350629533333334,3.441258373216994,True,True,0.3
SSP2-4.5,2030,Shallow,Ganges_Floodplain,Cr3+,0.0053,-0.0007166666666666667,9.539999999999999e-05,0.004678733333333333,-11.722012578616356,False,False,0.05
SSP2-4.5,2030,Shallow,Ganges_Floodplain,NO3-,1.0,0.05833333333333335,0.03,1.0883333333333334,8.833333333333337,False,False,50.0
SSP2-4.5,2030,Shallow,GBM_Delta,As,12.426,2.0214333333333334,0.7455600000000001,15.192993333333332,22.267771876173605,True,True,10.0
SSP2-4.5,2030,Shallow,GBM_Delta,Mn2+,0.21023,-0.020138333333333334,0.01009104,0.20018270666666665,-4.779191044728795,False,False,0.4
SSP2-4.5,2030,Shallow,GBM_Delta,Fe2+,2.97427,0.2709549999999999,0.10707372,3.35229872,12.709966479169665,True,True,0.3
SSP2-4.5,2030,Shallow,GBM_Delta,Cr3+,0.007,0.0006816666666666666,0.000126,0.007807666666666667,11.538095238095238,False,False,0.05
SSP2-4.5,2030,Shallow,GBM_Delta,NO3-,1.7,0.0666666666666667,0.051000000000000004,1.8176666666666665,6.921568627450976,False,False,50.0
SSP2-4.5,2030,Shallow,Meghna_Floodplain,As,22.421,-1.2155,1.3452600000000001,22.55076,0.578743142589541,True,True,10.0
SSP2-4.5,2030,Shallow,Meghna_Floodplain,Mn2+,0.56043,0.009811666666666663,0.026900639999999996,0.5971423066666667,6.550739015874721,True,True,0.4
SSP2-4.5,2030,Shallow,Meghna_Floodplain,Fe2+,5.14651,-0.1675533333333334,0.18527435999999997,5.164231026666667,0.3443309478980313,True,True,0.3
SSP2-4.5,2030,Shallow,Meghna_Floodplain,Cr3+,0.0097,-0.0008533333333333333,0.0001746,0.009021266666666668,-6.997250859106517,False,False,0.05
SSP2-4.5,2030,Shallow,Meghna_Floodplain,NO3-,2.0,0.04999999999999997,0.06,2.11,5.499999999999994,False,False,50.0
SSP2-4.5,2030,Intermediate,Barind_Tract,As,0.9025,0.5159266666666666,0.05415,1.4725766666666664,63.166389658356394,False,False,10.0
SSP2-4.5,2030,Intermediate,Barind_Tract,Mn2+,0.61833,-0.08688833333333335,0.029679840000000002,0.5611215066666667,-9.252097315888493,True,True,0.4
SSP2-4.5,2030,Intermediate,Barind_Tract,Fe2+,2.69995,-0.01131833333333332,0.09719819999999998,2.7858298666666665,3.180794706074805,True,True,0.3
SSP2-4.5,2030,Intermediate,Barind_Tract,Cr3+,0.0103,-0.00155,0.00018539999999999998,0.008935400000000001,-13.248543689320377,False,False,0.05
SSP2-4.5,2030,Intermediate,Barind_Tract,NO3-,1.0,0.01666666666666668,0.03,1.0466666666666666,4.666666666666663,False,False,50.0
SSP2-4.5,2030,Intermediate,Northern_Terrace,As,1.8745,0.46013166666666655,0.11247,2.4471016666666667,30.5469013959278,False,False,10.0
SSP2-4.5,2030,Intermediate,Northern_Terrace,Mn2+,0.2884,-0.03480833333333333,0.013843199999999998,0.26743486666666666,-7.269463707813221,False,False,0.4
SSP2-4.5,2030,Intermediate,Northern_Terrace,Fe2+,7.90227,-0.6053783333333334,0.28448171999999994,7.581373386666666,-4.060815605304978,True,True,0.3
SSP2-4.5,2030,Intermediate,Northern_Terrace,Cr3+,0.0032,-0.00019583333333333337,5.76e-05,0.003061766666666667,-4.319791666666667,False,False,0.05
SSP2-4.5,2030,Intermediate,Northern_Terrace,NO3-,1.6,-0.05833333333333335,0.04800000000000001,1.5896666666666668,-0.6458333333333316,False,False,50.0
SSP2-4.5,2030,Intermediate,Brahmaputra_Floodplain,As,1.0627499999999999,0.786825,0.06376499999999999,1.9133399999999998,80.03669724770643,False,False,10.0
SSP2-4.5,2030,Intermediate,Brahmaputra_Floodplain,Mn2+,0.328785,-0.042930833333333335,0.01578168,0.30163584666666665,-8.257418475092642,False,False,0.4
SSP2-4.5,2030,Intermediate,Brahmaputra_Floodplain,Fe2+,3.790615,0.0572508333333334,0.13646213999999998,3.984327973333333,5.110330997300785,True,True,0.3
SSP2-4.5,2030,Intermediate,Brahmaputra_Floodplain,Cr3+,0.00515,-0.0006916666666666666,9.269999999999999e-05,0.0045510333333333335,-11.630420711974109,False,False,0.05
SSP2-4.5,2030,Intermediate,Brahmaputra_Floodplain,NO3-,2.1,-0.0666666666666667,0.063,2.0963333333333334,-0.1746031746031765,False,False,50.0
SSP2-4.5,2030,Intermediate,Ganges_Floodplain,As,4.4356,1.6318749999999995,0.266136,6.333611,42.79040039678962,False,False,10.0
SSP2-4.5,2030,Intermediate,Ganges_Floodplain,Mn2+,0.78158,-0.03823000000000001,0.03751584,0.78086584,-0.09137388367153959,True,True,0.4
SSP2-4.5,2030,Intermediate,Ganges_Floodplain,Fe2+,3.90689,-0.22791333333333333,0.14064804,3.8196247066666666,-2.233625552122879,True,True,0.3
SSP2-4.5,2030,Intermediate,Ganges_Floodplain,Cr3+,0.0086,-0.0012666666666666666,0.0001548,0.007488133333333333,-12.928682170542634,False,False,0.05
SSP2-4.5,2030,Intermediate,Ganges_Floodplain,NO3-,1.1,0.041666666666666664,0.033,1.1746666666666667,6.787878787878787,False,False,50.0
SSP2-4.5,2030,Intermediate,GBM_Delta,As,12.187750000000001,0.17922499999999975,0.731265,13.09824,7.4705339377653734,True,True,10.0
SSP2-4.5,2030,Intermediate,GBM_Delta,Mn2+,0.289755,-0.03440916666666667,0.01390824,0.26925407333333334,-7.075262434355453,False,False,0.4
SSP2-4.5,2030,Intermediate,GBM_Delta,Fe2+,4.28583,0.062304999999999985,0.15428988,4.50242488,5.053744082243127,True,True,0.3
SSP2-4.5,2030,Intermediate,GBM_Delta,Cr3+,0.01125,-0.0003416666666666666,0.00020249999999999996,0.011110833333333332,-1.2370370370370458,False,False,0.05
SSP2-4.5,2030,Intermediate,GBM_Delta,NO3-,2.8,-0.033333333333333284,0.08399999999999999,2.8506666666666667,1.8095238095238164,False,False,50.0
SSP2-4.5,2030,Intermediate,Meghna_Floodplain,As,7.7431,5.284941666666667,0.464586,13.492627666666667,74.25356338761823,False,True,10.0
SSP2-4.5,2030,Intermediate,Meghna_Floodplain,Mn2+,0.26086,0.07591500000000001,0.01252128,0.34929628,33.90181706662579,False,False,0.4
SSP2-4.5,2030,Intermediate,Meghna_Floodplain,Fe2+,2.02999,0.05611666666666667,0.07307964,2.1591863066666668,6.364381433734481,True,True,0.3
SSP2-4.5,2030,Intermediate,Meghna_Floodplain,Cr3+,0.0193,-0.0030499999999999998,0.0003474,0.016597400000000002,-14.003108808290152,False,False,0.05
SSP2-4.5,2030,Intermediate,Meghna_Floodplain,NO3-,1.6,0.07499999999999996,0.04800000000000001,1.723,7.6875,False,False,50.0
SSP2-4.5,2030,Intermediate,Eastern_Hills,As,0.35475,-0.00484083333333334,0.021285,0.37119416666666666,4.635424007517026,False,False,10.0
SSP2-4.5,2030,Intermediate,Eastern_Hills,Mn2+,0.25305,-0.02905,0.0121464,0.2361464,-6.6799446749654185,False,False,0.4
SSP2-4.5,2030,Intermediate,Eastern_Hills,Fe2+,3.8976300000000004,-0.3256125000000001,0.14031468,3.71233218,-4.754115193078875,True,True,0.3
SSP2-4.5,2030,Intermediate,Eastern_Hills,Cr3+,0.0049499999999999995,-0.0006583333333333333,8.909999999999998e-05,0.004380766666666666,-11.49966329966331,False,False,0.05
SSP2-4.5,2030,Intermediate,Eastern_Hills,NO3-,1.4,0.03333333333333336,0.041999999999999996,1.4753333333333334,5.380952380952391,False,False,50.0
SSP2-4.5,2030,Medium_Deep,Northern_Terrace,As,4.0949,0.8165283333333334,0.245694,5.157122333333334,25.940128778073547,False,False,10.0
SSP2-4.5,2030,Medium_Deep,Northern_Terrace,Mn2+,0.36571,-0.05010166666666666,0.01755408,0.3331624133333333,-8.89983502410836,False,False,0.4
SSP2-4.5,2030,Medium_Deep,Northern_Terrace,Fe2+,4.83835,-0.013058333333333394,0.1741806,4.999472266666666,3.3301077157846435,True,True,0.3
SSP2-4.5,2030,Medium_Deep,Northern_Terrace,Cr3+,0.0041,-0.0005166666666666667,7.38e-05,0.003657133333333334,-10.801626016260157,False,False,0.05
SSP2-4.5,2030,Medium_Deep,Northern_Terrace,NO3-,1.3,0.033333333333333326,0.039,1.3723333333333334,5.564102564102566,False,False,50.0
SSP2-4.5,2030,Medium_Deep,Brahmaputra_Floodplain,As,0.4419,0.3920758333333334,0.026514000000000003,0.8604898333333334,94.7250132005733,False,False,10.0
SSP2-4.5,2030,Medium_Deep,Brahmaputra_Floodplain,Mn2+,0.24042999999999998,-0.02984666666666666,0.01154064,0.2221239733333333,-7.6138695947538455,False,False,0.4
SSP2-4.5,2030,Medium_Deep,Brahmaputra_Floodplain,Fe2+,3.21312,0.00364666666666665,0.11567232,3.3324389866666664,3.71349301198419,True,True,0.3
SSP2-4.5,2030,Medium_Deep,Brahmaputra_Floodplain,Cr3+,0.0025,-0.00025,4.4999999999999996e-05,0.002295,-8.199999999999994,False,False,0.05
SSP2-4.5,2030,Medium_Deep,Brahmaputra_Floodplain,NO3-,2.4,-0.11666666666666661,0.072,2.3553333333333333,-1.8611111111111098,False,False,50.0
SSP2-4.5,2030,Medium_Deep,Ganges_Floodplain,As,2.9532,1.0511866666666667,0.177192,4.181578666666667,41.594834981263276,False,False,10.0
SSP2-4.5,2030,Medium_Deep,Ganges_Floodplain,Mn2+,0.62914,-0.014073333333333344,0.030198720000000002,0.6452653866666667,2.563083998262172,True,True,0.4
SSP2-4.5,2030,Medium_Deep,Ganges_Floodplain,Fe2+,2.81262,-0.11911833333333328,0.10125432,2.7947559866666665,-0.6351378193048982,True,True,0.3
SSP2-4.5,2030,Medium_Deep,Ganges_Floodplain,Cr3+,0.007,-0.001,0.000126,0.006126,-12.485714285714282,False,False,0.05
SSP2-4.5,2030,Medium_Deep,Ganges_Floodplain,NO3-,1.1,0.016666666666666642,0.033,1.1496666666666666,4.515151515151502,False,False,50.0
SSP2-4.5,2030,Medium_Deep,GBM_Delta,As,3.42075,0.8161575000000001,0.205245,4.4421525,29.8590221442666,False,False,10.0
SSP2-4.5,2030,Medium_Deep,GBM_Delta,Mn2+,0.25886,-0.02862666666666666,0.012425279999999999,0.24265861333333333,-6.258744752633335,False,False,0.4
SSP2-4.5,2030,Medium_Deep,GBM_Delta,Fe2+,2.659815,0.17922666666666665,0.09575334,2.9347950066666666,10.338313253616004,True,True,0.3
SSP2-4.5,2030,Medium_Deep,GBM_Delta,Cr3+,0.0135,-0.0005000000000000001,0.00024299999999999997,0.013243,-1.9037037037037057,False,False,0.05
SSP2-4.5,2030,Medium_Deep,GBM_Delta,NO3-,2.1500000000000004,-0.05833333333333339,0.06450000000000002,2.156166666666667,0.28682170542635593,False,False,50.0
SSP2-4.5,2030,Medium_Deep,Meghna_Floodplain,As,2.7743,0.8630925,0.166458,3.8038505000000002,37.11028007064845,False,False,10.0
SSP2-4.5,2030,Medium_Deep,Meghna_Floodplain,Mn2+,0.29354,0.04435999999999999,0.01408992,0.35198992,19.912080125366213,False,False,0.4
SSP2-4.5,2030,Medium_Deep,Meghna_Floodplain,Fe2+,3.8668250000000004,-0.06502666666666679,0.1392057,3.941004033333334,1.918344722953157,True,True,0.3
SSP2-4.5,2030,Medium_Deep,Meghna_Floodplain,Cr3+,0.024,-0.003533333333333333,0.00043199999999999993,0.020898666666666666,-12.922222222222226,False,False,0.05
SSP2-4.5,2030,Medium_Deep,Meghna_Floodplain,NO3-,1.7,-0.024999999999999984,0.051000000000000004,1.726,1.5294117647058838,False,False,50.0
SSP2-4.5,2030,Medium_Deep,Eastern_Hills,As,0.09455,0.36740166666666674,0.005673,0.46762466666666674,394.57923497267774,False,False,10.0
SSP2-4.5,2030,Medium_Deep,Eastern_Hills,Mn2+,0.1451,-0.009541666666666669,0.0069648,0.14252313333333333,-1.7759246496669034,False,False,0.4
SSP2-4.5,2030,Medium_Deep,Eastern_Hills,Fe2+,3.567005,-0.2395516666666667,0.12841218,3.4558655133333334,-3.1157648129640028,True,True,0.3
SSP2-4.5,2030,Medium_Deep,Eastern_Hills,Cr3+,0.0068000000000000005,-0.0005150000000000002,0.0001224,0.006407400000000001,-5.773529411764704,False,False,0.05
SSP2-4.5,2030,Medium_Deep,Eastern_Hills,NO3-,1.2,0.041666666666666664,0.036,1.2776666666666667,6.472222222222232,False,False,50.0
SSP2-4.5,2030,Deep,Northern_Terrace,As,1.7324,0.35288166666666665,0.103944,2.1892256666666663,26.36952589856075,False,False,10.0
SSP2-4.5,2030,Deep,Northern_Terrace,Mn2+,0.23079,-0.027098333333333335,0.01107792,0.21476958666666665,-6.941554371217706,False,False,0.4
SSP2-4.5,2030,Deep,Northern_Terrace,Fe2+,2.81453,0.008225000000000001,0.10132308,2.9240780799999997,3.892233516786096,True,True,0.3
SSP2-4.5,2030,Deep,Northern_Terrace,Cr3+,0.0041,-0.0005166666666666667,7.38e-05,0.003657133333333334,-10.801626016260157,False,False,0.05
SSP2-4.5,2030,Deep,Northern_Terrace,NO3-,1.2,-0.016666666666666642,0.036,1.2193333333333334,1.6111111111111187,False,False,50.0
SSP2-4.5,2030,Deep,Brahmaputra_Floodplain,As,0.2965,0.44614333333333334,0.01779,0.7604333333333333,156.4699269252389,False,False,10.0
SSP2-4.5,2030,Deep,Brahmaputra_Floodplain,Mn2+,0.22946,-0.022843333333333334,0.011014079999999999,0.21763074666666668,-5.155257270693505,False,False,0.4
SSP2-4.5,2030,Deep,Brahmaputra_Floodplain,Fe2+,1.32796,0.04463666666666666,0.04780656,1.4204032266666666,6.961296022972574,True,True,0.3
SSP2-4.5,2030,Deep,Brahmaputra_Floodplain,Cr3+,0.0032,-0.00036666666666666667,5.76e-05,0.0028909333333333336,-9.658333333333328,False,False,0.05
SSP2-4.5,2030,Deep,Brahmaputra_Floodplain,NO3-,1.8,-0.08333333333333333,0.054000000000000006,1.7706666666666668,-1.6296296296296229,False,False,50.0
SSP2-4.5,2030,Deep,Ganges_Floodplain,As,10.1645,0.134775,0.60987,10.909145,7.325938314722811,True,True,10.0
SSP2-4.5,2030,Deep,Ganges_Floodplain,Mn2+,0.2566,0.0074666666666666675,0.012316800000000001,0.2763834666666667,7.709846713432071,False,False,0.4
SSP2-4.5,2030,Deep,Ganges_Floodplain,Fe2+,2.67919,0.10436583333333334,0.09645084000000001,2.880006673333334,7.495424860996557,True,True,0.3
SSP2-4.5,2030,Deep,Ganges_Floodplain,Cr3+,0.00615,-0.0008583333333333333,0.00011069999999999998,0.005402366666666667,-12.156639566395663,False,False,0.05
SSP2-4.5,2030,Deep,Ganges_Floodplain,NO3-,1.3,0.05000000000000001,0.039,1.389,6.846153846153843,False,False,50.0
SSP2-4.5,2030,Deep,GBM_Delta,As,3.48725,0.2389758333333333,0.209235,3.9354608333333334,12.852844887327649,False,False,10.0
SSP2-4.5,2030,Deep,GBM_Delta,Mn2+,0.213225,-0.026820833333333332,0.0102348,0.19663896666666666,-7.77865322233947,False,False,0.4
SSP2-4.5,2030,Deep,GBM_Delta,Fe2+,1.54091,0.16854499999999997,0.055472759999999996,1.76492776,14.538017145712596,True,True,0.3
SSP2-4.5,2030,Deep,GBM_Delta,Cr3+,0.00865,-0.0001358333333333333,0.00015569999999999996,0.008669866666666666,0.2296724470134872,False,False,0.05
SSP2-4.5,2030,Deep,GBM_Delta,NO3-,2.2,-0.08416666666666672,0.066,2.1818333333333335,-0.8257575757575755,False,False,50.0
SSP2-4.5,2030,Deep,Meghna_Floodplain,As,2.3027,0.7714166666666665,0.138162,3.2122786666666667,39.50052836525237,False,False,10.0
SSP2-4.5,2030,Deep,Meghna_Floodplain,Mn2+,0.27829,-0.030981666666666664,0.01335792,0.2606662533333333,-6.3328709859019945,False,False,0.4
SSP2-4.5,2030,Deep,Meghna_Floodplain,Fe2+,3.66245,-0.07103666666666672,0.1318482,3.7232615333333334,1.660405830341253,True,True,0.3
SSP2-4.5,2030,Deep,Meghna_Floodplain,Cr3+,0.0062,-0.00028666666666666673,0.00011159999999999999,0.006024933333333333,-2.8236559139784996,False,False,0.05
SSP2-4.5,2030,Deep,Meghna_Floodplain,NO3-,1.2,0.08333333333333333,0.036,1.3193333333333332,9.944444444444441,False,False,50.0
SSP2-4.5,2030,Deep,Eastern_Hills,As,0.10005,0.3988475,0.006003,0.5049005,404.64817591204394,False,False,10.0
SSP2-4.5,2030,Deep,Eastern_Hills,Mn2+,0.26636000000000004,-0.032901666666666676,0.012785280000000001,0.2462436133333334,-7.552330179706656,False,False,0.4
SSP2-4.5,2030,Deep,Eastern_Hills,Fe2+,5.62028,-0.7091091666666666,0.20233008,5.113500913333334,-9.016972226769246,True,True,0.3
SSP2-4.5,2030,Deep,Eastern_Hills,Cr3+,0.0068000000000000005,-0.0008566666666666667,0.0001224,0.006065733333333333,-10.798039215686279,False,False,0.05
SSP2-4.5,2030,Deep,Eastern_Hills,NO3-,1.6,-0.00833333333333334,0.04800000000000001,1.6396666666666668,2.4791666666666714,False,False,50.0
SSP2-4.5,2040,Shallow,Barind_Tract,As,0.7997,0.20024266666666662,0.071973,1.0719156666666667,34.03972322954442,False,False,10.0
SSP2-4.5,2040,Shallow,Barind_Tract,Mn2+,0.73547,-0.030965333333333303,0.052953839999999995,0.7574585066666667,2.989721765220436,True,True,0.4
SSP2-4.5,2040,Shallow,Barind_Tract,Fe2+,0.85185,0.10520533333333333,0.045999899999999996,1.0030552333333334,17.750218152648163,True,True,0.3
SSP2-4.5,2040,Shallow,Barind_Tract,Cr3+,0.0106,0.0012613333333333333,0.00028619999999999996,0.012147533333333333,14.599371069182391,False,False,0.05
SSP2-4.5,2040,Shallow,Barind_Tract,NO3-,1.1,0.05333333333333332,0.04950000000000001,1.2028333333333334,9.348484848484848,False,False,50.0
SSP2-4.5,2040,Shallow,Northern_Terrace,As,1.14405,0.5501066666666666,0.10296450000000001,1.7971211666666669,57.084145506460985,False,False,10.0
SSP2-4.5,2040,Shallow,Northern_Terrace,Mn2+,0.55535,-0.13193333333333335,0.039985200000000005,0.46340186666666666,-16.556790012304557,True,True,0.4
SSP2-4.5,2040,Shallow,Northern_Terrace,Fe2+,4.36683,0.09417866666666655,0.23580882000000003,4.696817486666666,7.55668268896811,True,True,0.3
SSP2-4.5,2040,Shallow,Northern_Terrace,Cr3+,0.0030499999999999998,-0.0002053333333333333,8.235e-05,0.0029270166666666665,-4.032240437158468,False,False,0.05
SSP2-4.5,2040,Shallow,Northern_Terrace,NO3-,2.05,-0.1466666666666666,0.09225,1.9955833333333333,-2.654471544715442,False,False,50.0
SSP2-4.5,2040,Shallow,Brahmaputra_Floodplain,As,0.7136,1.5157546666666666,0.064224,2.2935786666666664,221.4095665171898,False,False,10.0
SSP2-4.5,2040,Shallow,Brahmaputra_Floodplain,Mn2+,0.36365,-0.08081333333333333,0.0261828,0.30901946666666663,-15.02283331041753,False,False,0.4
SSP2-4.5,2040,Shallow,Brahmaputra_Floodplain,Fe2+,2.66452,0.1428106666666667,0.14388408,2.9512147466666665,10.759714570229029,True,True,0.3
SSP2-4.5,2040,Shallow,Brahmaputra_Floodplain,Cr3+,0.0041,0.00021066666666666665,0.00011070000000000001,0.004421366666666667,7.838211382113812,False,False,0.05
SSP2-4.5,2040,Shallow,Brahmaputra_Floodplain,NO3-,1.8,0.08000000000000002,0.08100000000000002,1.961,8.944444444444446,False,False,50.0
SSP2-4.5,2040,Shallow,Ganges_Floodplain,As,5.5763,2.232746666666667,0.501867,8.310913666666668,49.039930898026796,False,False,10.0
SSP2-4.5,2040,Shallow,Ganges_Floodplain,Mn2+,0.48376,0.019250666666666645,0.03483072,0.5378413866666667,11.179383716443416,True,True,0.4
SSP2-4.5,2040,Shallow,Ganges_Floodplain,Fe2+,2.83742,-0.007206666666666687,0.15322068,2.983434013333333,5.146013397147168,True,True,0.3
SSP2-4.5,2040,Shallow,Ganges_Floodplain,Cr3+,0.0053,-0.0011466666666666667,0.00014309999999999998,0.004296433333333334,-18.935220125786156,False,False,0.05
SSP2-4.5,2040,Shallow,Ganges_Floodplain,NO3-,1.0,0.09333333333333335,0.045000000000000005,1.1383333333333332,13.83333333333332,False,False,50.0
SSP2-4.5,2040,Shallow,GBM_Delta,As,12.426,3.2342933333333335,1.1183400000000001,16.778633333333335,35.028435001877796,True,True,10.0
SSP2-4.5,2040,Shallow,GBM_Delta,Mn2+,0.21023,-0.03222133333333334,0.01513656,0.19314522666666664,-8.126705671566075,False,False,0.4
SSP2-4.5,2040,Shallow,GBM_Delta,Fe2+,2.97427,0.43352799999999986,0.16061058,3.5684085800000003,19.975946366671486,True,True,0.3
SSP2-4.5,2040,Shallow,GBM_Delta,Cr3+,0.007,0.0010906666666666664,0.000189,0.008279666666666666,18.28095238095237,False,False,0.05
SSP2-4.5,2040,Shallow,GBM_Delta,NO3-,1.7,0.1066666666666667,0.07650000000000001,1.8831666666666667,10.774509803921571,False,False,50.0
SSP2-4.5,2040,Shallow,Meghna_Floodplain,As,22.421,-1.9447999999999999,2.0178900000000004,22.49409,0.325989028143261,True,True,10.0
SSP2-4.5,2040,Shallow,Meghna_Floodplain,Mn2+,0.56043,0.01569866666666666,0.04035096,0.6164796266666667,10.001182425399548,True,True,0.4
SSP2-4.5,2040,Shallow,Meghna_Floodplain,Fe2+,5.14651,-0.2680853333333334,0.27791153999999996,5.1563362066666665,0.19092951663683422,True,True,0.3
SSP2-4.5,2040,Shallow,Meghna_Floodplain,Cr3+,0.0097,-0.0013653333333333334,0.00026189999999999997,0.008596566666666668,-11.375601374570437,False,False,0.05
SSP2-4.5,2040,Shallow,Meghna_Floodplain,NO3-,2.0,0.07999999999999995,0.09000000000000001,2.17,8.499999999999996,False,False,50.0
SSP2-4.5,2040,Intermediate,Barind_Tract,As,0.9025,0.8254826666666667,0.081225,1.8092076666666668,100.46622345337029,False,False,10.0
SSP2-4.5,2040,Intermediate,Barind_Tract,Mn2+,0.61833,-0.13902133333333336,0.044519760000000005,0.5238284266666667,-15.28335570542159,True,True,0.4
SSP2-4.5,2040,Intermediate,Barind_Tract,Fe2+,2.69995,-0.01810933333333331,0.1457973,2.8276379666666664,4.729271529719684,True,True,0.3
SSP2-4.5,2040,Intermediate,Barind_Tract,Cr3+,0.0103,-0.00248,0.0002781,0.0080981,-21.37766990291262,False,False,0.05
SSP2-4.5,2040,Intermediate,Barind_Tract,NO3-,1.0,0.02666666666666669,0.045000000000000005,1.0716666666666665,7.1666666666666545,False,False,50.0
SSP2-4.5,2040,Intermediate,Northern_Terrace,As,1.8745,0.7362106666666665,0.16870500000000002,2.7794156666666665,48.27504223348447,False,False,10.0
SSP2-4.5,2040,Intermediate,Northern_Terrace,Mn2+,0.2884,-0.05569333333333333,0.0207648,0.25347146666666664,-12.11114193250116,False,False,0.4
SSP2-4.5,2040,Intermediate,Northern_Terrace,Fe2+,7.90227,-0.9686053333333333,0.42672257999999996,7.360387246666666,-6.857304968487962,True,True,0.3
SSP2-4.5,2040,Intermediate,Northern_Terrace,Cr3+,0.0032,-0.0003133333333333334,8.64e-05,0.0029730666666666667,-7.091666666666671,False,False,0.05
SSP2-4.5,2040,Intermediate,Northern_Terrace,NO3-,1.6,-0.09333333333333335,0.07200000000000002,1.5786666666666669,-1.3333333333333253,False,False,50.0
SSP2-4.5,2040,Intermediate,Brahmaputra_Floodplain,As,1.0627499999999999,1.25892,0.0956475,2.4173175000000002,127.45871559633034,False,False,10.0
SSP2-4.5,2040,Intermediate,Brahmaputra_Floodplain,Mn2+,0.328785,-0.06868933333333334,0.023672520000000002,0.2837681866666667,-13.691869560148213,False,False,0.4
SSP2-4.5,2040,Intermediate,Brahmaputra_Floodplain,Fe2+,3.790615,0.09160133333333344,0.20469321,4.086909543333333,7.816529595681268,True,True,0.3
SSP2-4.5,2040,Intermediate,Brahmaputra_Floodplain,Cr3+,0.00515,-0.0011066666666666666,0.00013905,0.004182383333333334,-18.788673139158572,False,False,0.05
SSP2-4.5,2040,Intermediate,Brahmaputra_Floodplain,NO3-,2.1,-0.1066666666666667,0.09450000000000001,2.087833333333333,-0.5793650793650896,False,False,50.0
SSP2-4.5,2040,Intermediate,Ganges_Floodplain,As,4.4356,2.6109999999999993,0.399204,7.445804,67.86464063486338,False,False,10.0
SSP2-4.5,2040,Intermediate,Ganges_Floodplain,Mn2+,0.78158,-0.06116800000000001,0.05627376000000001,0.7766857600000001,-0.6261982138744515,True,True,0.4
SSP2-4.5,2040,Intermediate,Ganges_Floodplain,Fe2+,3.90689,-0.36466133333333334,0.21097206,3.753200726666667,-3.933800883396596,True,True,0.3
SSP2-4.5,2040,Intermediate,Ganges_Floodplain,Cr3+,0.0086,-0.0020266666666666666,0.00023219999999999998,0.006805533333333334,-20.86589147286821,False,False,0.05
SSP2-4.5,2040,Intermediate,Ganges_Floodplain,NO3-,1.1,0.06666666666666667,0.04950000000000001,1.2161666666666668,10.560606060606068,False,False,50.0
SSP2-4.5,2040,Intermediate,GBM_Delta,As,12.187750000000001,0.28675999999999957,1.0968975,13.571407500000001,11.352854300424605,True,True,10.0
SSP2-4.5,2040,Intermediate,GBM_Delta,Mn2+,0.289755,-0.05505466666666667,0.02086236,0.2555626933333333,-11.80041989496874,False,False,0.4
SSP2-4.5,2040,Intermediate,GBM_Delta,Fe2+,4.28583,0.09968799999999997,0.23143481999999999,4.616952819999999,7.725990531588961,True,True,0.3
SSP2-4.5,2040,Intermediate,GBM_Delta,Cr3+,0.01125,-0.0005466666666666665,0.00030375,0.011007083333333334,-2.1592592592592497,False,False,0.05
SSP2-4.5,2040,Intermediate,GBM_Delta,NO3-,2.8,-0.05333333333333326,0.126,2.8726666666666665,2.595238095238095,False,False,50.0
SSP2-4.5,2040,Intermediate,Meghna_Floodplain,As,7.7431,8.455906666666667,0.696879,16.89588566666667,118.20570142018919,False,True,10.0
SSP2-4.5,2040,Intermediate,Meghna_Floodplain,Mn2+,0.26086,0.12146400000000002,0.01878192,0.40110592,53.76290730660126,False,True,0.4
SSP2-4.5,2040,Intermediate,Meghna_Floodplain,Fe2+,2.02999,0.08978666666666667,0.10961946,2.229396126666667,9.823010293975175,True,True,0.3
SSP2-4.5,2040,Intermediate,Meghna_Floodplain,Cr3+,0.0193,-0.00488,0.0005211,0.014941100000000002,-22.584974093264243,False,False,0.05
SSP2-4.5,2040,Intermediate,Meghna_Floodplain,NO3-,1.6,0.11999999999999993,0.07200000000000002,1.792,11.999999999999996,False,False,50.0
SSP2-4.5,2040,Intermediate,Eastern_Hills,As,0.35475,-0.0077453333333333445,0.0319275,0.3789321666666667,6.816678412027251,False,False,10.0
SSP2-4.5,2040,Intermediate,Eastern_Hills,Mn2+,0.25305,-0.04648,0.018219600000000002,0.2247896,-11.16791147994467,False,False,0.4
SSP2-4.5,2040,Intermediate,Eastern_Hills,Fe2+,3.8976300000000004,-0.5209800000000001,0.21047202,3.5871220200000002,-7.966584308926196,True,True,0.3
SSP2-4.5,2040,Intermediate,Eastern_Hills,Cr3+,0.0049499999999999995,-0.0010533333333333332,0.00013365,0.004030316666666666,-18.579461279461277,False,False,0.05
SSP2-4.5,2040,Intermediate,Eastern_Hills,NO3-,1.4,0.05333333333333338,0.063,1.5163333333333333,8.309523809523816,False,False,50.0
SSP2-4.5,2040,Medium_Deep,Northern_Terrace,As,4.0949,1.3064453333333335,0.368541,5.769886333333334,40.90420604491767,False,False,10.0
SSP2-4.5,2040,Medium_Deep,Northern_Terrace,Mn2+,0.36571,-0.08016266666666666,0.02633112,0.3118784533333333,-14.719736038573373,False,False,0.4
SSP2-4.5,2040,Medium_Deep,Northern_Terrace,Fe2+,4.83835,-0.02089333333333343,0.2612709,5.078727566666666,4.96817234525543,True,True,0.3
SSP2-4.5,2040,Medium_Deep,Northern_Terrace,Cr3+,0.0041,-0.0008266666666666667,0.00011070000000000001,0.003384033333333334,-17.462601626016255,False,False,0.05
SSP2-4.5,2040,Medium_Deep,Northern_Terrace,NO3-,1.3,0.05333333333333332,0.0585,1.4118333333333333,8.602564102564095,False,False,50.0
SSP2-4.5,2040,Medium_Deep,Brahmaputra_Floodplain,As,0.4419,0.6273213333333334,0.03977100000000001,1.1089923333333334,150.96002112091728,False,False,10.0
SSP2-4.5,2040,Medium_Deep,Brahmaputra_Floodplain,Mn2+,0.24042999999999998,-0.047754666666666654,0.01731096,0.2099862933333333,-12.66219135160616,False,False,0.4
SSP2-4.5,2040,Medium_Deep,Brahmaputra_Floodplain,Fe2+,3.21312,0.00583466666666664,0.17350848,3.3924631466666666,5.581588819174716,True,True,0.3
SSP2-4.5,2040,Medium_Deep,Brahmaputra_Floodplain,Cr3+,0.0025,-0.0004,6.75e-05,0.0021674999999999997,-13.300000000000011,False,False,0.05
SSP2-4.5,2040,Medium_Deep,Brahmaputra_Floodplain,NO3-,2.4,-0.1866666666666666,0.108,2.3213333333333335,-3.2777777777777684,False,False,50.0
SSP2-4.5,2040,Medium_Deep,Ganges_Floodplain,As,2.9532,1.6818986666666667,0.26578799999999997,4.900886666666666,65.95173597002119,False,False,10.0
SSP2-4.5,2040,Medium_Deep,Ganges_Floodplain,Mn2+,0.62914,-0.02251733333333335,0.045298080000000004,0.6519207466666667,3.6209343972194787,True,True,0.4
SSP2-4.5,2040,Medium_Deep,Ganges_Floodplain,Fe2+,2.81262,-0.19058933333333325,0.15188148,2.773912146666667,-1.3762205108878176,True,True,0.3
SSP2-4.5,2040,Medium_Deep,Ganges_Floodplain,Cr3+,0.007,-0.0016,0.000189,0.005589,-20.15714285714286,False,False,0.05
SSP2-4.5,2040,Medium_Deep,Ganges_Floodplain,NO3-,1.1,0.02666666666666663,0.04950000000000001,1.1761666666666668,6.924242424242428,False,False,50.0
SSP2-4.5,2040,Medium_Deep,GBM_Delta,As,3.42075,1.3058520000000002,0.3078675,5.0344695,47.17443543082658,False,False,10.0
SSP2-4.5,2040,Medium_Deep,GBM_Delta,Mn2+,0.25886,-0.04580266666666666,0.01863792,0.23169525333333332,-10.493991604213344,False,False,0.4
SSP2-4.5,2040,Medium_Deep,GBM_Delta,Fe2+,2.659815,0.2867626666666666,0.14363001,3.0902076766666666,16.181301205785612,True,True,0.3
SSP2-4.5,2040,Medium_Deep,GBM_Delta,Cr3+,0.0135,-0.0008000000000000003,0.00036449999999999997,0.0130645,-3.2259259259259263,False,False,0.05
SSP2-4.5,2040,Medium_Deep,GBM_Delta,NO3-,2.1500000000000004,-0.09333333333333342,0.09675000000000003,2.153416666666667,0.15891472868217882,False,False,50.0
SSP2-4.5,2040,Medium_Deep,Meghna_Floodplain,As,2.7743,1.380948,0.24968700000000002,4.404935,58.77644811303752,False,False,10.0
SSP2-4.5,2040,Medium_Deep,Meghna_Floodplain,Mn2+,0.29354,0.07097599999999998,0.02113488,0.38565088000000003,31.37932820058595,False,False,0.4
SSP2-4.5,2040,Medium_Deep,Meghna_Floodplain,Fe2+,3.8668250000000004,-0.10404266666666687,0.20880855,3.9715908833333335,2.709351556725043,True,True,0.3
SSP2-4.5,2040,Medium_Deep,Meghna_Floodplain,Cr3+,0.024,-0.005653333333333333,0.0006479999999999999,0.018994666666666667,-20.855555555555558,False,False,0.05
SSP2-4.5,2040,Medium_Deep,Meghna_Floodplain,NO3-,1.7,-0.03999999999999997,0.07650000000000001,1.7365,2.147058823529411,False,False,50.0
SSP2-4.5,2040,Medium_Deep,Eastern_Hills,As,0.09455,0.5878426666666667,0.0085095,0.6909021666666667,630.7267759562842,False,False,10.0
SSP2-4.5,2040,Medium_Deep,Eastern_Hills,Mn2+,0.1451,-0.01526666666666667,0.0104472,0.14028053333333332,-3.321479439467049,False,False,0.4
SSP2-4.5,2040,Medium_Deep,Eastern_Hills,Fe2+,3.567005,-0.3832826666666667,0.19261827,3.3763406033333334,-5.3452237007424035,True,True,0.3
SSP2-4.5,2040,Medium_Deep,Eastern_Hills,Cr3+,0.0068000000000000005,-0.0008240000000000002,0.0001836,0.0061596,-9.41764705882353,False,False,0.05
SSP2-4.5,2040,Medium_Deep,Eastern_Hills,NO3-,1.2,0.06666666666666667,0.054,1.3206666666666667,10.055555555555559,False,False,50.0
SSP2-4.5,2040,Deep,Northern_Terrace,As,1.7324,0.5646106666666666,0.155916,2.4529266666666665,41.591241437697214,False,False,10.0
SSP2-4.5,2040,Deep,Northern_Terrace,Mn2+,0.23079,-0.04335733333333334,0.01661688,0.20404954666666666,-11.586486993948322,False,False,0.4
SSP2-4.5,2040,Deep,Northern_Terrace,Fe2+,2.81453,0.013160000000000002,0.15198462,2.97967462,5.8675736268577685,True,True,0.3
SSP2-4.5,2040,Deep,Northern_Terrace,Cr3+,0.0041,-0.0008266666666666667,0.00011070000000000001,0.003384033333333334,-17.462601626016255,False,False,0.05
SSP2-4.5,2040,Deep,Northern_Terrace,NO3-,1.2,-0.02666666666666663,0.054,1.2273333333333334,2.277777777777786,False,False,50.0
SSP2-4.5,2040,Deep,Brahmaputra_Floodplain,As,0.2965,0.7138293333333333,0.026685,1.0370143333333335,249.7518830803823,False,False,10.0
SSP2-4.5,2040,Deep,Brahmaputra_Floodplain,Mn2+,0.22946,-0.036549333333333336,0.01652112,0.20943178666666667,-8.728411633109614,False,False,0.4
SSP2-4.5,2040,Deep,Brahmaputra_Floodplain,Fe2+,1.32796,0.07141866666666666,0.07170984,1.4710885066666668,10.778073636756135,True,True,0.3
SSP2-4.5,2040,Deep,Brahmaputra_Floodplain,Cr3+,0.0032,-0.0005866666666666667,8.64e-05,0.0026997333333333333,-15.633333333333338,False,False,0.05
SSP2-4.5,2040,Deep,Brahmaputra_Floodplain,NO3-,1.8,-0.13333333333333333,0.08100000000000002,1.7476666666666667,-2.907407407407408,False,False,50.0
SSP2-4.5,2040,Deep,Ganges_Floodplain,As,10.1645,0.21564000000000003,0.9148050000000001,11.294945,11.121501303556494,True,True,10.0
SSP2-4.5,2040,Deep,Ganges_Floodplain,Mn2+,0.2566,0.011946666666666668,0.0184752,0.2870218666666667,11.855754741491305,False,False,0.4
SSP2-4.5,2040,Deep,Ganges_Floodplain,Fe2+,2.67919,0.16698533333333335,0.14467626000000003,2.9908515933333337,11.632679777594479,True,True,0.3
SSP2-4.5,2040,Deep,Ganges_Floodplain,Cr3+,0.00615,-0.0013733333333333334,0.00016605,0.004942716666666667,-19.63062330623306,False,False,0.05
SSP2-4.5,2040,Deep,Ganges_Floodplain,NO3-,1.3,0.08000000000000002,0.0585,1.4385000000000001,10.653846153846159,False,False,50.0
SSP2-4.5,2040,Deep,GBM_Delta,As,3.48725,0.3823613333333333,0.31385250000000003,4.183463833333334,19.964551819724242,False,False,10.0
SSP2-4.5,2040,Deep,GBM_Delta,Mn2+,0.213225,-0.04291333333333333,0.0153522,0.18566386666666668,-12.925845155743145,False,False,0.4
SSP2-4.5,2040,Deep,GBM_Delta,Fe2+,1.54091,0.26967199999999997,0.08320914,1.8937911399999998,22.900827433140144,True,True,0.3
SSP2-4.5,2040,Deep,GBM_Delta,Cr3+,0.00865,-0.00021733333333333327,0.00023354999999999998,0.008666216666666667,0.18747591522158966,False,False,0.05
SSP2-4.5,2040,Deep,GBM_Delta,NO3-,2.2,-0.13466666666666677,0.09900000000000002,2.1643333333333334,-1.6212121212121244,False,False,50.0
SSP2-4.5,2040,Deep,Meghna_Floodplain,As,2.3027,1.2342666666666664,0.20724300000000004,3.7442096666666664,62.60084538440379,False,False,10.0
SSP2-4.5,2040,Deep,Meghna_Floodplain,Mn2+,0.27829,-0.049570666666666666,0.02003688,0.24875621333333334,-10.612593577443187,False,False,0.4
SSP2-4.5,2040,Deep,Meghna_Floodplain,Fe2+,3.66245,-0.11365866666666674,0.1977723,3.7465636333333334,2.2966493285460063,True,True,0.3
SSP2-4.5,2040,Deep,Meghna_Floodplain,Cr3+,0.0062,-0.00045866666666666674,0.0001674,0.0059087333333333325,-4.6978494623656015,False,False,0.05
SSP2-4.5,2040,Deep,Meghna_Floodplain,NO3-,1.2,0.13333333333333333,0.054,1.3873333333333333,15.611111111111114,False,False,50.0
SSP2-4.5,2040,Deep,Eastern_Hills,As,0.10005,0.6381560000000001,0.0090045,0.7472105,646.8370814592704,False,False,10.0
SSP2-4.5,2040,Deep,Eastern_Hills,Mn2+,0.26636000000000004,-0.05264266666666668,0.019177920000000005,0.23289525333333339,-12.563728287530655,False,False,0.4
SSP2-4.5,2040,Deep,Eastern_Hills,Fe2+,5.62028,-1.1345746666666665,0.30349512,4.789200453333334,-14.787155562830792,True,True,0.3
SSP2-4.5,2040,Deep,Eastern_Hills,Cr3+,0.0068000000000000005,-0.0013706666666666667,0.0001836,0.005612933333333334,-17.45686274509804,False,False,0.05
SSP2-4.5,2040,Deep,Eastern_Hills,NO3-,1.6,-0.013333333333333345,0.07200000000000002,1.6586666666666667,3.666666666666665,False,False,50.0
SSP2-4.5,2050,Shallow,Barind_Tract,As,0.7997,0.30036399999999996,0.103961,1.204025,50.55958484431661,False,False,10.0
SSP2-4.5,2050,Shallow,Barind_Tract,Mn2+,0.73547,-0.046447999999999955,0.07648888,0.76551088,4.084582647830646,True,True,0.4
SSP2-4.5,2050,Shallow,Barind_Tract,Fe2+,0.85185,0.157808,0.0664443,1.0761022999999998,26.325327228972217,True,True,0.3
SSP2-4.5,2050,Shallow,Barind_Tract,Cr3+,0.0106,0.001892,0.00041339999999999997,0.0129054,21.749056603773575,False,False,0.05
SSP2-4.5,2050,Shallow,Barind_Tract,NO3-,1.1,0.07999999999999999,0.07150000000000001,1.2515,13.77272727272727,False,False,50.0
SSP2-4.5,2050,Shallow,Northern_Terrace,As,1.14405,0.8251599999999999,0.1487265,2.1179365,85.12621825969143,False,False,10.0
SSP2-4.5,2050,Shallow,Northern_Terrace,Mn2+,0.55535,-0.19790000000000002,0.057756400000000006,0.4152064,-25.235185018456836,True,True,0.4
SSP2-4.5,2050,Shallow,Northern_Terrace,Fe2+,4.36683,0.14126799999999984,0.34061274,4.8487107400000005,11.035024033452189,True,True,0.3
SSP2-4.5,2050,Shallow,Northern_Terrace,Cr3+,0.0030499999999999998,-0.00030799999999999995,0.00011894999999999999,0.0028609499999999997,-6.198360655737708,False,False,0.05
SSP2-4.5,2050,Shallow,Northern_Terrace,NO3-,2.05,-0.21999999999999992,0.13325,1.96325,-4.231707317073165,False,False,50.0
SSP2-4.5,2050,Shallow,Brahmaputra_Floodplain,As,0.7136,2.273632,0.09276800000000002,3.08,331.6143497757848,False,False,10.0
SSP2-4.5,2050,Shallow,Brahmaputra_Floodplain,Mn2+,0.36365,-0.12122,0.0378196,0.2802496,-22.934249965626286,False,False,0.4
SSP2-4.5,2050,Shallow,Brahmaputra_Floodplain,Fe2+,2.66452,0.21421600000000005,0.20783256,3.08656856,15.839571855343548,True,True,0.3
SSP2-4.5,2050,Shallow,Brahmaputra_Floodplain,Cr3+,0.0041,0.000316,0.0001599,0.004575900000000001,11.607317073170742,False,False,0.05
SSP2-4.5,2050,Shallow,Brahmaputra_Floodplain,NO3-,1.8,0.12000000000000002,0.11700000000000002,2.0370000000000004,13.166666666666686,False,False,50.0
SSP2-4.5,2050,Shallow,Ganges_Floodplain,As,5.5763,3.34912,0.724919,9.650338999999999,73.05989634704014,False,False,10.0
SSP2-4.5,2050,Shallow,Ganges_Floodplain,Mn2+,0.48376,0.028875999999999968,0.05031104,0.56294704,16.369075574665107,True,True,0.4
SSP2-4.5,2050,Shallow,Ganges_Floodplain,Fe2+,2.83742,-0.01081000000000003,0.22131875999999998,3.0479287599999996,7.419020095720752,True,True,0.3
SSP2-4.5,2050,Shallow,Ganges_Floodplain,Cr3+,0.0053,-0.0017200000000000002,0.00020669999999999998,0.0037866999999999996,-28.552830188679252,False,False,0.05
SSP2-4.5,2050,Shallow,Ganges_Floodplain,NO3-,1.0,0.14,0.065,1.205,20.500000000000007,False,False,50.0
SSP2-4.5,2050,Shallow,GBM_Delta,As,12.426,4.85144,1.6153800000000003,18.89282,52.04265250281668,True,True,10.0
SSP2-4.5,2050,Shallow,GBM_Delta,Mn2+,0.21023,-0.04833200000000001,0.021863920000000002,0.18376192,-12.590058507349097,False,False,0.4
SSP2-4.5,2050,Shallow,GBM_Delta,Fe2+,2.97427,0.6502919999999998,0.23199306000000003,3.8565550600000003,29.66391955000723,True,True,0.3
SSP2-4.5,2050,Shallow,GBM_Delta,Cr3+,0.007,0.0016359999999999997,0.000273,0.008909,27.271428571428576,False,False,0.05
SSP2-4.5,2050,Shallow,GBM_Delta,NO3-,1.7,0.16000000000000006,0.11050000000000001,1.9705000000000001,15.911764705882364,False,False,50.0
SSP2-4.5,2050,Shallow,Meghna_Floodplain,As,22.421,-2.9172,2.9147300000000005,22.418529999999997,-0.011016457785122941,True,True,10.0
SSP2-4.5,2050,Shallow,Meghna_Floodplain,Mn2+,0.56043,0.02354799999999999,0.05828472,0.64226272,14.60177363809931,True,True,0.4
SSP2-4.5,2050,Shallow,Meghna_Floodplain,Fe2+,5.14651,-0.4021280000000001,0.40142777999999996,5.1458097799999996,-0.013605725044750407,True,True,0.3
SSP2-4.5,2050,Shallow,Meghna_Floodplain,Cr3+,0.0097,-0.0020480000000000003,0.0003783,0.0080303,-17.213402061855664,False,False,0.05
SSP2-4.5,2050,Shallow,Meghna_Floodplain,NO3-,2.0,0.11999999999999991,0.13,2.25,12.5,False,False,50.0
SSP2-4.5,2050,Intermediate,Barind_Tract,As,0.9025,1.238224,0.117325,2.258049,150.19933518005544,False,False,10.0
SSP2-4.5,2050,Intermediate,Barind_Tract,Mn2+,0.61833,-0.20853200000000005,0.06430632000000001,0.47410432,-23.32503355813239,True,True,0.4
SSP2-4.5,2050,Intermediate,Barind_Tract,Fe2+,2.69995,-0.027163999999999966,0.21059609999999998,2.8833821,6.793907294579533,True,True,0.3
SSP2-4.5,2050,Intermediate,Barind_Tract,Cr3+,0.0103,-0.00372,0.0004017,0.0069816999999999995,-32.216504854368935,False,False,0.05
SSP2-4.5,2050,Intermediate,Barind_Tract,NO3-,1.0,0.040000000000000036,0.065,1.105,10.499999999999998,False,False,50.0
SSP2-4.5,2050,Intermediate,Northern_Terrace,As,1.8745,1.1043159999999996,0.243685,3.222501,71.9125633502267,False,False,10.0
SSP2-4.5,2050,Intermediate,Northern_Terrace,Mn2+,0.2884,-0.08354,0.0299936,0.2348536,-18.56671289875173,False,False,0.4
SSP2-4.5,2050,Intermediate,Northern_Terrace,Fe2+,7.90227,-1.4529079999999999,0.6163770599999999,7.065739059999999,-10.585957452731941,True,True,0.3
SSP2-4.5,2050,Intermediate,Northern_Terrace,Cr3+,0.0032,-0.00047000000000000004,0.0001248,0.0028548000000000002,-10.787499999999998,False,False,0.05
SSP2-4.5,2050,Intermediate,Northern_Terrace,NO3-,1.6,-0.14,0.10400000000000002,1.564,-2.2500000000000018,False,False,50.0
SSP2-4.5,2050,Intermediate,Brahmaputra_Floodplain,As,1.0627499999999999,1.8883800000000002,0.1381575,3.0892875,190.68807339449546,False,False,10.0
SSP2-4.5,2050,Intermediate,Brahmaputra_Floodplain,Mn2+,0.328785,-0.10303400000000001,0.034193640000000004,0.25994464,-20.93780434022233,False,False,0.4
SSP2-4.5,2050,Intermediate,Brahmaputra_Floodplain,Fe2+,3.790615,0.13740200000000016,0.29566796999999995,4.22368497,11.424794393521896,True,True,0.3
SSP2-4.5,2050,Intermediate,Brahmaputra_Floodplain,Cr3+,0.00515,-0.00166,0.00020085,0.00369085,-28.333009708737865,False,False,0.05
SSP2-4.5,2050,Intermediate,Brahmaputra_Floodplain,NO3-,2.1,-0.16000000000000006,0.1365,2.0765,-1.1190476190476333,False,False,50.0
SSP2-4.5,2050,Intermediate,Ganges_Floodplain,As,4.4356,3.916499999999999,0.576628,8.928728,101.29696095229505,False,False,10.0
SSP2-4.5,2050,Intermediate,Ganges_Floodplain,Mn2+,0.78158,-0.09175200000000001,0.08128432000000002,0.7711123200000001,-1.3392973208116865,True,True,0.4
SSP2-4.5,2050,Intermediate,Ganges_Floodplain,Fe2+,3.90689,-0.546992,0.30473742,3.66463542,-6.200701325094896,True,True,0.3
SSP2-4.5,2050,Intermediate,Ganges_Floodplain,Cr3+,0.0086,-0.00304,0.00033539999999999997,0.005895399999999999,-31.448837209302333,False,False,0.05
SSP2-4.5,2050,Intermediate,Ganges_Floodplain,NO3-,1.1,0.1,0.07150000000000001,1.2715,15.590909090909088,False,False,50.0
SSP2-4.5,2050,Intermediate,GBM_Delta,As,12.187750000000001,0.43013999999999936,1.5844075000000002,14.2022975,16.5292814506369,True,True,10.0
SSP2-4.5,2050,Intermediate,GBM_Delta,Mn2+,0.289755,-0.082582,0.03013452,0.23730752,-18.100629842453106,False,False,0.4
SSP2-4.5,2050,Intermediate,GBM_Delta,Fe2+,4.28583,0.14953199999999994,0.33429474,4.769656739999999,11.288985797383463,True,True,0.3
SSP2-4.5,2050,Intermediate,GBM_Delta,Cr3+,0.01125,-0.0008199999999999998,0.00043874999999999996,0.01086875,-3.3888888888888857,False,False,0.05
SSP2-4.5,2050,Intermediate,GBM_Delta,NO3-,2.8,-0.07999999999999989,0.182,2.9019999999999997,3.642857142857139,False,False,50.0
SSP2-4.5,2050,Intermediate,Meghna_Floodplain,As,7.7431,12.683860000000001,1.0066030000000001,21.433563,176.80855213028372,False,True,10.0
SSP2-4.5,2050,Intermediate,Meghna_Floodplain,Mn2+,0.26086,0.18219600000000002,0.02712944,0.47018544,80.24436095990188,False,True,0.4
SSP2-4.5,2050,Intermediate,Meghna_Floodplain,Fe2+,2.02999,0.13468,0.15833922,2.3230092200000003,14.43451544096277,True,True,0.3
SSP2-4.5,2050,Intermediate,Meghna_Floodplain,Cr3+,0.0193,-0.00732,0.0007527,0.012732700000000001,-34.02746113989637,False,False,0.05
SSP2-4.5,2050,Intermediate,Meghna_Floodplain,NO3-,1.6,0.17999999999999988,0.10400000000000002,1.8840000000000001,17.750000000000004,False,False,50.0
SSP2-4.5,2050,Intermediate,Eastern_Hills,As,0.35475,-0.011618000000000017,0.0461175,0.38924949999999997,9.725017618040862,False,False,10.0
SSP2-4.5,2050,Intermediate,Eastern_Hills,Mn2+,0.25305,-0.06972,0.026317200000000002,0.2096472,-17.15186721991701,False,False,0.4
SSP2-4.5,2050,Intermediate,Eastern_Hills,Fe2+,3.8976300000000004,-0.7814700000000001,0.30401514,3.4201751400000004,-12.249876463389288,True,True,0.3
SSP2-4.5,2050,Intermediate,Eastern_Hills,Cr3+,0.0049499999999999995,-0.0015799999999999998,0.00019304999999999998,0.00356305,-28.019191919191915,False,False,0.05
SSP2-4.5,2050,Intermediate,Eastern_Hills,NO3-,1.4,0.08000000000000007,0.091,1.571,12.214285714285717,False,False,50.0
SSP2-4.5,2050,Medium_Deep,Northern_Terrace,As,4.0949,1.9596680000000002,0.5323370000000001,6.586905,60.85630906737649,False,False,10.0
SSP2-4.5,2050,Medium_Deep,Northern_Terrace,Mn2+,0.36571,-0.12024399999999999,0.03803384,0.28349984,-22.479604057860048,False,False,0.4
SSP2-4.5,2050,Medium_Deep,Northern_Terrace,Fe2+,4.83835,-0.031340000000000146,0.3773913,5.1844013,7.152258517883165,True,True,0.3
SSP2-4.5,2050,Medium_Deep,Northern_Terrace,Cr3+,0.0041,-0.0012400000000000002,0.0001599,0.0030199000000000003,-26.34390243902439,False,False,0.05
SSP2-4.5,2050,Medium_Deep,Northern_Terrace,NO3-,1.3,0.07999999999999999,0.0845,1.4645000000000001,12.65384615384616,False,False,50.0
SSP2-4.5,2050,Medium_Deep,Brahmaputra_Floodplain,As,0.4419,0.9409820000000001,0.05744700000000001,1.4403290000000002,225.9400316813759,False,False,10.0
SSP2-4.5,2050,Medium_Deep,Brahmaputra_Floodplain,Mn2+,0.24042999999999998,-0.07163199999999997,0.025004719999999998,0.19380272,-19.39328702740921,False,False,0.4
SSP2-4.5,2050,Medium_Deep,Brahmaputra_Floodplain,Fe2+,3.21312,0.00875199999999996,0.25062336,3.47249536,8.072383228762074,True,True,0.3
SSP2-4.5,2050,Medium_Deep,Brahmaputra_Floodplain,Cr3+,0.0025,-0.0006000000000000001,9.75e-05,0.0019975,-20.099999999999994,False,False,0.05
SSP2-4.5,2050,Medium_Deep,Brahmaputra_Floodplain,NO3-,2.4,-0.2799999999999999,0.156,2.2760000000000002,-5.166666666666653,False,False,50.0
SSP2-4.5,2050,Medium_Deep,Ganges_Floodplain,As,2.9532,2.5228479999999998,0.383916,5.859964,98.42760395503183,False,False,10.0
SSP2-4.5,2050,Medium_Deep,Ganges_Floodplain,Mn2+,0.62914,-0.03377600000000003,0.06543056000000001,0.66079456,5.031401595829227,True,True,0.4
SSP2-4.5,2050,Medium_Deep,Ganges_Floodplain,Fe2+,2.81262,-0.28588399999999986,0.21938436,2.74612036,-2.3643307663317468,True,True,0.3
SSP2-4.5,2050,Medium_Deep,Ganges_Floodplain,Cr3+,0.007,-0.0024000000000000002,0.000273,0.004873,-30.385714285714293,False,False,0.05
SSP2-4.5,2050,Medium_Deep,Ganges_Floodplain,NO3-,1.1,0.039999999999999945,0.07150000000000001,1.2115,10.13636363636363,False,False,50.0
SSP2-4.5,2050,Medium_Deep,GBM_Delta,As,3.42075,1.9587780000000004,0.4446975,5.824225500000001,70.26165314623988,False,False,10.0
SSP2-4.5,2050,Medium_Deep,GBM_Delta,Mn2+,0.25886,-0.06870399999999999,0.02692144,0.21707743999999998,-16.14098740632002,False,False,0.4
SSP2-4.5,2050,Medium_Deep,GBM_Delta,Fe2+,2.659815,0.4301439999999999,0.20746557000000002,3.29742457,23.971951808678423,True,True,0.3
SSP2-4.5,2050,Medium_Deep,GBM_Delta,Cr3+,0.0135,-0.0012000000000000003,0.0005265,0.0128265,-4.9888888888888925,False,False,0.05
SSP2-4.5,2050,Medium_Deep,GBM_Delta,NO3-,2.1500000000000004,-0.14000000000000012,0.13975000000000004,2.14975,-0.011627906976758395,False,False,50.0
SSP2-4.5,2050,Medium_Deep,Meghna_Floodplain,As,2.7743,2.071422,0.360659,5.206381,87.66467216955628,False,False,10.0
SSP2-4.5,2050,Medium_Deep,Meghna_Floodplain,Mn2+,0.29354,0.10646399999999998,0.030528160000000006,0.43053216000000005,46.668992300878934,False,True,0.4
SSP2-4.5,2050,Medium_Deep,Meghna_Floodplain,Fe2+,3.8668250000000004,-0.1560640000000003,0.30161235000000003,4.01237335,3.764027335087557,True,True,0.3
SSP2-4.5,2050,Medium_Deep,Meghna_Floodplain,Cr3+,0.024,-0.00848,0.000936,0.016456000000000002,-31.433333333333323,False,False,0.05
SSP2-4.5,2050,Medium_Deep,Meghna_Floodplain,NO3-,1.7,-0.059999999999999956,0.11050000000000001,1.7505,2.9705882352941173,False,False,50.0
SSP2-4.5,2050,Medium_Deep,Eastern_Hills,As,0.09455,0.8817640000000001,0.0122915,0.9886055000000001,945.5901639344264,False,False,10.0
SSP2-4.5,2050,Medium_Deep,Eastern_Hills,Mn2+,0.1451,-0.022900000000000004,0.0150904,0.1372904,-5.3822191592005515,False,False,0.4
SSP2-4.5,2050,Medium_Deep,Eastern_Hills,Fe2+,3.567005,-0.5749240000000001,0.27822639,3.2703073899999997,-8.317835551113617,True,True,0.3
SSP2-4.5,2050,Medium_Deep,Eastern_Hills,Cr3+,0.0068000000000000005,-0.0012360000000000003,0.0002652,0.0058292000000000005,-14.276470588235293,False,False,0.05
SSP2-4.5,2050,Medium_Deep,Eastern_Hills,NO3-,1.2,0.1,0.078,1.3780000000000001,14.833333333333348,False,False,50.0
SSP2-4.5,2050,Deep,Northern_Terrace,As,1.7324,0.8469159999999999,0.22521200000000002,2.804528,61.88686215654583,False,False,10.0
SSP2-4.5,2050,Deep,Northern_Terrace,Mn2+,0.23079,-0.06503600000000001,0.024002159999999998,0.18975615999999998,-17.77973049092249,False,False,0.4
SSP2-4.5,2050,Deep,Northern_Terrace,Fe2+,2.81453,0.01974,0.21953334,3.05380334,8.501360440286655,True,True,0.3
SSP2-4.5,2050,Deep,Northern_Terrace,Cr3+,0.0041,-0.0012400000000000002,0.0001599,0.0030199000000000003,-26.34390243902439,False,False,0.05
SSP2-4.5,2050,Deep,Northern_Terrace,NO3-,1.2,-0.039999999999999945,0.078,1.238,3.1666666666666696,False,False,50.0
SSP2-4.5,2050,Deep,Brahmaputra_Floodplain,As,0.2965,1.070744,0.038545,1.405789,374.12782462057334,False,False,10.0
SSP2-4.5,2050,Deep,Brahmaputra_Floodplain,Mn2+,0.22946,-0.054824000000000005,0.02386384,0.19849983999999998,-13.492617449664435,False,False,0.4
SSP2-4.5,2050,Deep,Brahmaputra_Floodplain,Fe2+,1.32796,0.10712799999999999,0.10358088,1.53866888,15.867110455134181,True,True,0.3
SSP2-4.5,2050,Deep,Brahmaputra_Floodplain,Cr3+,0.0032,-0.0008799999999999999,0.0001248,0.0024448,-23.600000000000005,False,False,0.05
SSP2-4.5,2050,Deep,Brahmaputra_Floodplain,NO3-,1.8,-0.2,0.11700000000000002,1.717,-4.611111111111109,False,False,50.0
SSP2-4.5,2050,Deep,Ganges_Floodplain,As,10.1645,0.32346,1.3213850000000003,11.809345,16.182251955334745,True,True,10.0
SSP2-4.5,2050,Deep,Ganges_Floodplain,Mn2+,0.2566,0.017920000000000002,0.026686400000000002,0.3012064,17.383632112236942,False,False,0.4
SSP2-4.5,2050,Deep,Ganges_Floodplain,Fe2+,2.67919,0.25047800000000003,0.20897682000000004,3.1386448200000006,17.14901966639172,True,True,0.3
SSP2-4.5,2050,Deep,Ganges_Floodplain,Cr3+,0.00615,-0.00206,0.00023985,0.00432985,-29.595934959349602,False,False,0.05
SSP2-4.5,2050,Deep,Ganges_Floodplain,NO3-,1.3,0.12000000000000002,0.0845,1.5045000000000002,15.73076923076924,False,False,50.0
SSP2-4.5,2050,Deep,GBM_Delta,As,3.48725,0.5735419999999999,0.45334250000000004,4.5141345,29.44682772958635,False,False,10.0
SSP2-4.5,2050,Deep,GBM_Delta,Mn2+,0.213225,-0.06437,0.0221754,0.17103040000000003,-19.788767733614712,False,False,0.4
SSP2-4.5,2050,Deep,GBM_Delta,Fe2+,1.54091,0.404508,0.12019098,2.06560898,34.05124114971023,True,True,0.3
SSP2-4.5,2050,Deep,GBM_Delta,Cr3+,0.00865,-0.0003259999999999999,0.00033735,0.00866135,0.13121387283237282,False,False,0.05
SSP2-4.5,2050,Deep,GBM_Delta,NO3-,2.2,-0.20200000000000015,0.14300000000000002,2.141,-2.681818181818189,False,False,50.0
SSP2-4.5,2050,Deep,Meghna_Floodplain,As,2.3027,1.8513999999999995,0.29935100000000003,4.453450999999999,93.40126807660567,False,False,10.0
SSP2-4.5,2050,Deep,Meghna_Floodplain,Mn2+,0.27829,-0.074356,0.02894216,0.23287615999999997,-16.318890366164798,False,False,0.4
SSP2-4.5,2050,Deep,Meghna_Floodplain,Fe2+,3.66245,-0.1704880000000001,0.2856711,3.7776331,3.1449739928190112,True,True,0.3
SSP2-4.5,2050,Deep,Meghna_Floodplain,Cr3+,0.0062,-0.0006880000000000001,0.0002418,0.0057538,-7.196774193548386,False,False,0.05
SSP2-4.5,2050,Deep,Meghna_Floodplain,NO3-,1.2,0.2,0.078,1.478,23.166666666666668,False,False,50.0
SSP2-4.5,2050,Deep,Eastern_Hills,As,0.10005,0.9572340000000001,0.0130065,1.0702905,969.7556221889055,False,False,10.0
SSP2-4.5,2050,Deep,Eastern_Hills,Mn2+,0.26636000000000004,-0.07896400000000002,0.027701440000000004,0.21509744,-19.245592431296004,False,False,0.4
SSP2-4.5,2050,Deep,Eastern_Hills,Fe2+,5.62028,-1.7018619999999998,0.43838183999999997,4.356799840000001,-22.480733344246183,True,True,0.3
SSP2-4.5,2050,Deep,Eastern_Hills,Cr3+,0.0068000000000000005,-0.002056,0.0002652,0.0050092,-26.335294117647063,False,False,0.05
SSP2-4.5,2050,Deep,Eastern_Hills,NO3-,1.6,-0.020000000000000018,0.10400000000000002,1.6840000000000002,5.250000000000004,False,False,50.0
SSP2-4.5,2060,Shallow,Barind_Tract,As,0.7997,0.3754549999999999,0.127952,1.303107,62.949481055395786,False,False,10.0
SSP2-4.5,2060,Shallow,Barind_Tract,Mn2+,0.73547,-0.058059999999999945,0.09414016,0.7715501600000001,4.905728309788318,True,True,0.4
SSP2-4.5,2060,Shallow,Barind_Tract,Fe2+,0.85185,0.19726,0.0817776,1.1308875999999999,32.75665903621528,True,True,0.3
SSP2-4.5,2060,Shallow,Barind_Tract,Cr3+,0.0106,0.002365,0.0005088,0.013473800000000001,27.11132075471699,False,False,0.05
SSP2-4.5,2060,Shallow,Barind_Tract,NO3-,1.1,0.09999999999999998,0.08800000000000002,1.2880000000000003,17.090909090909104,False,False,50.0
SSP2-4.5,2060,Shallow,Northern_Terrace,As,1.14405,1.03145,0.18304800000000002,2.358548,106.1577728246143,False,False,10.0
SSP2-4.5,2060,Shallow,Northern_Terrace,Mn2+,0.55535,-0.247375,0.0710848,0.3790598,-31.743981273071036,True,False,0.4
SSP2-4.5,2060,Shallow,Northern_Terrace,Fe2+,4.36683,0.17658499999999977,0.41921568000000003,4.962630679999999,13.643780041815209,True,True,0.3
SSP2-4.5,2060,Shallow,Northern_Terrace,Cr3+,0.0030499999999999998,-0.0003849999999999999,0.00014639999999999998,0.0028114,-7.822950819672127,False,False,0.05
SSP2-4.5,2060,Shallow,Northern_Terrace,NO3-,2.05,-0.2749999999999999,0.164,1.9389999999999998,-5.414634146341464,False,False,50.0
SSP2-4.5,2060,Shallow,Brahmaputra_Floodplain,As,0.7136,2.84204,0.11417600000000001,3.669816,414.267937219731,False,False,10.0
SSP2-4.5,2060,Shallow,Brahmaputra_Floodplain,Mn2+,0.36365,-0.151525,0.046547200000000004,0.25867219999999996,-28.867812457032866,False,False,0.4
SSP2-4.5,2060,Shallow,Brahmaputra_Floodplain,Fe2+,2.66452,0.26777000000000006,0.25579392,3.18808392,19.64946481917944,True,True,0.3
SSP2-4.5,2060,Shallow,Brahmaputra_Floodplain,Cr3+,0.0041,0.00039499999999999995,0.0001968,0.004691800000000001,14.434146341463434,False,False,0.05
SSP2-4.5,2060,Shallow,Brahmaputra_Floodplain,NO3-,1.8,0.15000000000000002,0.14400000000000002,2.0940000000000003,16.333333333333346,False,False,50.0
SSP2-4.5,2060,Shallow,Ganges_Floodplain,As,5.5763,4.186400000000001,0.892208,10.654908,91.07487043380021,False,True,10.0
SSP2-4.5,2060,Shallow,Ganges_Floodplain,Mn2+,0.48376,0.03609499999999996,0.06192128,0.5817762799999999,20.261344468331384,True,True,0.4
SSP2-4.5,2060,Shallow,Ganges_Floodplain,Fe2+,2.83742,-0.013512500000000038,0.27239231999999997,3.0962998199999996,9.123775119650942,True,True,0.3
SSP2-4.5,2060,Shallow,Ganges_Floodplain,Cr3+,0.0053,-0.00215,0.0002544,0.0034044,-35.76603773584905,False,False,0.05
SSP2-4.5,2060,Shallow,Ganges_Floodplain,NO3-,1.0,0.17500000000000004,0.08000000000000002,1.2550000000000001,25.50000000000001,False,False,50.0
SSP2-4.5,2060,Shallow,GBM_Delta,As,12.426,6.0643,1.9881600000000004,20.478460000000002,64.80331562852085,True,True,10.0
SSP2-4.5,2060,Shallow,GBM_Delta,Mn2+,0.21023,-0.06041500000000001,0.026909440000000003,0.17672443999999998,-15.937573134186374,False,False,0.4
SSP2-4.5,2060,Shallow,GBM_Delta,Fe2+,2.97427,0.8128649999999997,0.28552992000000005,4.07266492,36.929899437509036,True,True,0.3
SSP2-4.5,2060,Shallow,GBM_Delta,Cr3+,0.007,0.0020449999999999995,0.00033600000000000004,0.009380999999999999,34.01428571428569,False,False,0.05
SSP2-4.5,2060,Shallow,GBM_Delta,NO3-,1.7,0.20000000000000007,0.136,2.036,19.764705882352946,False,False,50.0
SSP2-4.5,2060,Shallow,Meghna_Floodplain,As,22.421,-3.6464999999999996,3.5873600000000003,22.36186,-0.2637705722313871,True,True,10.0
SSP2-4.5,2060,Shallow,Meghna_Floodplain,Mn2+,0.56043,0.029434999999999985,0.07173504,0.66160004,18.05221704762414,True,True,0.4
SSP2-4.5,2060,Shallow,Meghna_Floodplain,Fe2+,5.14651,-0.5026600000000001,0.49406496,5.137914960000001,-0.16700715630591298,True,True,0.3
SSP2-4.5,2060,Shallow,Meghna_Floodplain,Cr3+,0.0097,-0.00256,0.0004656,0.0076056000000000006,-21.591752577319586,False,False,0.05
SSP2-4.5,2060,Shallow,Meghna_Floodplain,NO3-,2.0,0.1499999999999999,0.16000000000000003,2.31,15.500000000000004,False,False,50.0
SSP2-4.5,2060,Intermediate,Barind_Tract,As,0.9025,1.5477800000000002,0.1444,2.5946800000000003,187.4991689750693,False,False,10.0
SSP2-4.5,2060,Intermediate,Barind_Tract,Mn2+,0.61833,-0.26066500000000004,0.07914624000000002,0.43681124000000005,-29.356291947665486,True,True,0.4
SSP2-4.5,2060,Intermediate,Barind_Tract,Fe2+,2.69995,-0.03395499999999996,0.25919519999999996,2.9251901999999994,8.342384118224395,True,True,0.3
SSP2-4.5,2060,Intermediate,Barind_Tract,Cr3+,0.0103,-0.00465,0.0004944,0.0061444,-40.345631067961165,False,False,0.05
SSP2-4.5,2060,Intermediate,Barind_Tract,NO3-,1.0,0.050000000000000044,0.08000000000000002,1.1300000000000001,13.00000000000001,False,False,50.0
SSP2-4.5,2060,Intermediate,Northern_Terrace,As,1.8745,1.3803949999999996,0.29992,3.5548149999999996,89.64070418778338,False,False,10.0
SSP2-4.5,2060,Intermediate,Northern_Terrace,Mn2+,0.2884,-0.10442499999999999,0.0369152,0.2208902,-23.40839112343966,False,False,0.4
SSP2-4.5,2060,Intermediate,Northern_Terrace,Fe2+,7.90227,-1.816135,0.75861792,6.8447529199999995,-13.382446815914925,True,True,0.3
SSP2-4.5,2060,Intermediate,Northern_Terrace,Cr3+,0.0032,-0.0005875000000000001,0.00015360000000000002,0.0027661,-13.559375000000001,False,False,0.05
SSP2-4.5,2060,Intermediate,Northern_Terrace,NO3-,1.6,-0.17500000000000004,0.12800000000000003,1.5530000000000002,-2.9374999999999956,False,False,50.0
SSP2-4.5,2060,Intermediate,Brahmaputra_Floodplain,As,1.0627499999999999,2.360475,0.17004,3.593265,238.1100917431193,False,False,10.0
SSP2-4.5,2060,Intermediate,Brahmaputra_Floodplain,Mn2+,0.328785,-0.1287925,0.04208448000000001,0.24207698,-26.372255425277917,False,False,0.4
SSP2-4.5,2060,Intermediate,Brahmaputra_Floodplain,Fe2+,3.790615,0.1717525000000002,0.36389903999999995,4.32626654,14.13099299190237,True,True,0.3
SSP2-4.5,2060,Intermediate,Brahmaputra_Floodplain,Cr3+,0.00515,-0.002075,0.0002472,0.0033222,-35.49126213592233,False,False,0.05
SSP2-4.5,2060,Intermediate,Brahmaputra_Floodplain,NO3-,2.1,-0.20000000000000007,0.16800000000000004,2.068,-1.523809523809525,False,False,50.0
SSP2-4.5,2060,Intermediate,Ganges_Floodplain,As,4.4356,4.895624999999999,0.7096960000000001,10.040921,126.37120119036886,False,True,10.0
SSP2-4.5,2060,Intermediate,Ganges_Floodplain,Mn2+,0.78158,-0.11469000000000001,0.10004224000000002,0.76693224,-1.8741216510146126,True,True,0.4
SSP2-4.5,2060,Intermediate,Ganges_Floodplain,Fe2+,3.90689,-0.68374,0.37506144,3.5982114400000005,-7.900876656368613,True,True,0.3
SSP2-4.5,2060,Intermediate,Ganges_Floodplain,Cr3+,0.0086,-0.0038,0.0004128,0.0052128,-39.3860465116279,False,False,0.05
SSP2-4.5,2060,Intermediate,Ganges_Floodplain,NO3-,1.1,0.125,0.08800000000000002,1.3130000000000002,19.36363636363637,False,False,50.0
SSP2-4.5,2060,Intermediate,GBM_Delta,As,12.187750000000001,0.5376749999999992,1.9500400000000004,14.675465000000003,20.411601813296148,True,True,10.0
SSP2-4.5,2060,Intermediate,GBM_Delta,Mn2+,0.289755,-0.1032275,0.03708864,0.22361614,-22.825787303066384,False,False,0.4
SSP2-4.5,2060,Intermediate,GBM_Delta,Fe2+,4.28583,0.18691499999999994,0.41143968,4.88418468,13.961232246729338,True,True,0.3
SSP2-4.5,2060,Intermediate,GBM_Delta,Cr3+,0.01125,-0.0010249999999999999,0.00054,0.010765,-4.311111111111106,False,False,0.05
SSP2-4.5,2060,Intermediate,GBM_Delta,NO3-,2.8,-0.09999999999999987,0.22399999999999998,2.9240000000000004,4.428571428571448,False,False,50.0
SSP2-4.5,2060,Intermediate,Meghna_Floodplain,As,7.7431,15.854825000000002,1.2388960000000002,24.836821000000004,220.7606901628547,False,True,10.0
SSP2-4.5,2060,Intermediate,Meghna_Floodplain,Mn2+,0.26086,0.22774500000000003,0.03339008,0.5219950800000001,100.10545119987736,False,True,0.4
SSP2-4.5,2060,Intermediate,Meghna_Floodplain,Fe2+,2.02999,0.16835,0.19487904,2.39321904,17.893144301203442,True,True,0.3
SSP2-4.5,2060,Intermediate,Meghna_Floodplain,Cr3+,0.0193,-0.00915,0.0009264,0.0110764,-42.60932642487047,False,False,0.05
SSP2-4.5,2060,Intermediate,Meghna_Floodplain,NO3-,1.6,0.22499999999999987,0.12800000000000003,1.953,22.0625,False,False,50.0
SSP2-4.5,2060,Intermediate,Eastern_Hills,As,0.35475,-0.014522500000000022,0.056760000000000005,0.39698750000000005,11.906272022551102,False,False,10.0
SSP2-4.5,2060,Intermediate,Eastern_Hills,Mn2+,0.25305,-0.08715,0.03239040000000001,0.1982904,-21.639834024896263,False,False,0.4
SSP2-4.5,2060,Intermediate,Eastern_Hills,Fe2+,3.8976300000000004,-0.9768375000000002,0.37417248000000003,3.29496498,-15.462345579236619,True,True,0.3
SSP2-4.5,2060,Intermediate,Eastern_Hills,Cr3+,0.0049499999999999995,-0.0019749999999999998,0.00023759999999999997,0.0032126,-35.0989898989899,False,False,0.05
SSP2-4.5,2060,Intermediate,Eastern_Hills,NO3-,1.4,0.10000000000000009,0.11199999999999999,1.612,15.142857142857158,False,False,50.0
SSP2-4.5,2060,Medium_Deep,Northern_Terrace,As,4.0949,2.4495850000000003,0.6551840000000001,7.199669,75.82038633422063,False,False,10.0
SSP2-4.5,2060,Medium_Deep,Northern_Terrace,Mn2+,0.36571,-0.150305,0.04681088,0.26221587999999996,-28.299505072325076,False,False,0.4
SSP2-4.5,2060,Medium_Deep,Northern_Terrace,Fe2+,4.83835,-0.03917500000000018,0.4644816,5.2636566,8.79032314735395,True,True,0.3
SSP2-4.5,2060,Medium_Deep,Northern_Terrace,Cr3+,0.0041,-0.0015500000000000002,0.0001968,0.0027468,-33.00487804878049,False,False,0.05
SSP2-4.5,2060,Medium_Deep,Northern_Terrace,NO3-,1.3,0.09999999999999998,0.10400000000000001,1.504,15.692307692307688,False,False,50.0
SSP2-4.5,2060,Medium_Deep,Brahmaputra_Floodplain,As,0.4419,1.1762275000000002,0.07070400000000002,1.6888315000000003,282.1750396017199,False,False,10.0
SSP2-4.5,2060,Medium_Deep,Brahmaputra_Floodplain,Mn2+,0.24042999999999998,-0.08953999999999998,0.03077504,0.18166504,-24.441608784261522,False,False,0.4
SSP2-4.5,2060,Medium_Deep,Brahmaputra_Floodplain,Fe2+,3.21312,0.01093999999999995,0.30845952,3.5325195199999997,9.940479035952587,True,True,0.3
SSP2-4.5,2060,Medium_Deep,Brahmaputra_Floodplain,Cr3+,0.0025,-0.00075,0.00011999999999999999,0.0018700000000000001,-25.199999999999996,False,False,0.05
SSP2-4.5,2060,Medium_Deep,Brahmaputra_Floodplain,NO3-,2.4,-0.34999999999999987,0.192,2.242,-6.58333333333333,False,False,50.0
SSP2-4.5,2060,Medium_Deep,Ganges_Floodplain,As,2.9532,3.15356,0.472512,6.579272,122.78450494378978,False,False,10.0
SSP2-4.5,2060,Medium_Deep,Ganges_Floodplain,Mn2+,0.62914,-0.042220000000000035,0.08052992000000002,0.66744992,6.089251994786533,True,True,0.4
SSP2-4.5,2060,Medium_Deep,Ganges_Floodplain,Fe2+,2.81262,-0.35735499999999987,0.27001152,2.72527652,-3.1054134579146817,True,True,0.3
SSP2-4.5,2060,Medium_Deep,Ganges_Floodplain,Cr3+,0.007,-0.003,0.00033600000000000004,0.0043360000000000004,-38.05714285714285,False,False,0.05
SSP2-4.5,2060,Medium_Deep,Ganges_Floodplain,NO3-,1.1,0.04999999999999993,0.08800000000000002,1.238,12.545454545454534,False,False,50.0
SSP2-4.5,2060,Medium_Deep,GBM_Delta,As,3.42075,2.4484725000000003,0.54732,6.4165425,87.57706643279984,False,False,10.0
SSP2-4.5,2060,Medium_Deep,GBM_Delta,Mn2+,0.25886,-0.08587999999999998,0.03313408,0.20611408,-20.376234257900013,False,False,0.4
SSP2-4.5,2060,Medium_Deep,GBM_Delta,Fe2+,2.659815,0.5376799999999999,0.25534224,3.45283724,29.81493976084803,True,True,0.3
SSP2-4.5,2060,Medium_Deep,GBM_Delta,Cr3+,0.0135,-0.0015000000000000005,0.000648,0.012648,-6.311111111111114,False,False,0.05
SSP2-4.5,2060,Medium_Deep,GBM_Delta,NO3-,2.1500000000000004,-0.17500000000000016,0.17200000000000004,2.1470000000000002,-0.1395348837209355,False,False,50.0
SSP2-4.5,2060,Medium_Deep,Meghna_Floodplain,As,2.7743,2.5892775,0.44388800000000006,5.8074655,109.33084021194534,False,False,10.0
SSP2-4.5,2060,Medium_Deep,Meghna_Floodplain,Mn2+,0.29354,0.13307999999999998,0.03757312000000001,0.46419312,58.13624037609865,False,True,0.4
SSP2-4.5,2060,Medium_Deep,Meghna_Floodplain,Fe2+,3.8668250000000004,-0.19508000000000036,0.3712152,4.0429602000000004,4.555034168859465,True,True,0.3
SSP2-4.5,2060,Medium_Deep,Meghna_Floodplain,Cr3+,0.024,-0.0106,0.001152,0.014552,-39.36666666666667,False,False,0.05
SSP2-4.5,2060,Medium_Deep,Meghna_Floodplain,NO3-,1.7,-0.07499999999999996,0.136,1.7610000000000001,3.5882352941176565,False,False,50.0
SSP2-4.5,2060,Medium_Deep,Eastern_Hills,As,0.09455,1.102205,0.015128,1.211883,1181.737704918033,False,False,10.0
SSP2-4.5,2060,Medium_Deep,Eastern_Hills,Mn2+,0.1451,-0.028625000000000005,0.0185728,0.1350478,-6.927773949000697,False,False,0.4
SSP2-4.5,2060,Medium_Deep,Eastern_Hills,Fe2+,3.567005,-0.718655,0.34243248000000004,3.19078248,-10.547294438892006,True,True,0.3
SSP2-4.5,2060,Medium_Deep,Eastern_Hills,Cr3+,0.0068000000000000005,-0.0015450000000000004,0.0003264,0.0055814,-17.92058823529412,False,False,0.05
SSP2-4.5,2060,Medium_Deep,Eastern_Hills,NO3-,1.2,0.125,0.096,1.421,18.416666666666675,False,False,50.0
SSP2-4.5,2060,Deep,Northern_Terrace,As,1.7324,1.0586449999999998,0.27718400000000004,3.0682289999999997,77.10857769568229,False,False,10.0
SSP2-4.5,2060,Deep,Northern_Terrace,Mn2+,0.23079,-0.081295,0.02954112,0.17903612,-22.424663113653107,False,False,0.4
SSP2-4.5,2060,Deep,Northern_Terrace,Fe2+,2.81453,0.024675000000000002,0.27019487999999997,3.10939988,10.476700550358313,True,True,0.3
SSP2-4.5,2060,Deep,Northern_Terrace,Cr3+,0.0041,-0.0015500000000000002,0.0001968,0.0027468,-33.00487804878049,False,False,0.05
SSP2-4.5,2060,Deep,Northern_Terrace,NO3-,1.2,-0.04999999999999993,0.096,1.246,3.833333333333337,False,False,50.0
SSP2-4.5,2060,Deep,Brahmaputra_Floodplain,As,0.2965,1.33843,0.04744,1.68237,467.4097807757167,False,False,10.0
SSP2-4.5,2060,Deep,Brahmaputra_Floodplain,Mn2+,0.22946,-0.06853000000000001,0.029370880000000002,0.19030088,-17.065771812080534,False,False,0.4
SSP2-4.5,2060,Deep,Brahmaputra_Floodplain,Fe2+,1.32796,0.13390999999999997,0.12748416,1.58935416,19.68388806891774,True,True,0.3
SSP2-4.5,2060,Deep,Brahmaputra_Floodplain,Cr3+,0.0032,-0.0011,0.00015360000000000002,0.0022536,-29.575000000000003,False,False,0.05
SSP2-4.5,2060,Deep,Brahmaputra_Floodplain,NO3-,1.8,-0.25,0.14400000000000002,1.694,-5.888888888888895,False,False,50.0
SSP2-4.5,2060,Deep,Ganges_Floodplain,As,10.1645,0.40432500000000005,1.6263200000000002,12.195145,19.977814944168426,True,True,10.0
SSP2-4.5,2060,Deep,Ganges_Floodplain,Mn2+,0.2566,0.022400000000000003,0.0328448,0.31184480000000003,21.529540140296195,False,False,0.4
SSP2-4.5,2060,Deep,Ganges_Floodplain,Fe2+,2.67919,0.31309750000000003,0.25720224,3.2494897400000005,21.286274582989645,True,True,0.3
SSP2-4.5,2060,Deep,Ganges_Floodplain,Cr3+,0.00615,-0.002575,0.0002952,0.0038702,-37.06991869918699,False,False,0.05
SSP2-4.5,2060,Deep,Ganges_Floodplain,NO3-,1.3,0.15000000000000002,0.10400000000000001,1.5540000000000003,19.538461538461554,False,False,50.0
SSP2-4.5,2060,Deep,GBM_Delta,As,3.48725,0.7169274999999999,0.55796,4.7621375,36.55853466198293,False,False,10.0
SSP2-4.5,2060,Deep,GBM_Delta,Mn2+,0.213225,-0.08046249999999999,0.027292800000000002,0.1600553,-24.935959667018402,False,False,0.4
SSP2-4.5,2060,Deep,GBM_Delta,Fe2+,1.54091,0.505635,0.14792736,2.1944723600000002,42.414051437137815,True,True,0.3
SSP2-4.5,2060,Deep,GBM_Delta,Cr3+,0.00865,-0.0004074999999999999,0.00041519999999999995,0.008657699999999999,0.0890173410404552,False,False,0.05
SSP2-4.5,2060,Deep,GBM_Delta,NO3-,2.2,-0.25250000000000017,0.17600000000000005,2.1235,-3.4772727272727377,False,False,50.0
SSP2-4.5,2060,Deep,Meghna_Floodplain,As,2.3027,2.3142499999999995,0.3684320000000001,4.9853819999999995,116.50158509575712,False,False,10.0
SSP2-4.5,2060,Deep,Meghna_Floodplain,Mn2+,0.27829,-0.092945,0.03562112,0.22096612,-20.59861295770599,False,False,0.4
SSP2-4.5,2060,Deep,Meghna_Floodplain,Fe2+,3.66245,-0.21311000000000013,0.3515952,3.8009352000000005,3.7812174910237766,True,True,0.3
SSP2-4.5,2060,Deep,Meghna_Floodplain,Cr3+,0.0062,-0.0008600000000000001,0.0002976,0.0056375999999999996,-9.070967741935487,False,False,0.05
SSP2-4.5,2060,Deep,Meghna_Floodplain,NO3-,1.2,0.25,0.096,1.546,28.833333333333343,False,False,50.0
SSP2-4.5,2060,Deep,Eastern_Hills,As,0.10005,1.1965425,0.016008,1.3126005,1211.944527736132,False,False,10.0
SSP2-4.5,2060,Deep,Eastern_Hills,Mn2+,0.26636000000000004,-0.09870500000000001,0.034094080000000006,0.20174908000000003,-24.25699053911999,False,False,0.4
SSP2-4.5,2060,Deep,Eastern_Hills,Fe2+,5.62028,-2.1273275,0.53954688,4.03249938,-28.250916680307746,True,True,0.3
SSP2-4.5,2060,Deep,Eastern_Hills,Cr3+,0.0068000000000000005,-0.0025700000000000002,0.0003264,0.0045564,-32.99411764705882,False,False,0.05
SSP2-4.5,2060,Deep,Eastern_Hills,NO3-,1.6,-0.025000000000000022,0.12800000000000003,1.7030000000000003,6.437500000000012,False,False,50.0
SSP5-8.5,2030,Shallow,Barind_Tract,As,0.7997,0.1752123333333333,0.063976,1.0388883333333332,29.909757825851347,False,False,10.0
SSP5-8.5,2030,Shallow,Barind_Tract,Mn2+,0.73547,-0.027094666666666642,0.04707008,0.7554454133333334,2.716006544567884,True,True,0.4
SSP5-8.5,2030,Shallow,Barind_Tract,Fe2+,0.85185,0.09205466666666666,0.0408888,0.9847934666666667,15.606440883567139,True,True,0.3
SSP5-8.5,2030,Shallow,Barind_Tract,Cr3+,0.0106,0.0011036666666666666,0.0002544,0.011958066666666666,12.811949685534586,False,False,0.05
SSP5-8.5,2030,Shallow,Barind_Tract,NO3-,1.1,0.046666666666666655,0.04400000000000001,1.1906666666666668,8.242424242424242,False,False,50.0
SSP5-8.5,2030,Shallow,Northern_Terrace,As,1.14405,0.4813433333333333,0.09152400000000001,1.7169173333333332,50.07362731815333,False,False,10.0
SSP5-8.5,2030,Shallow,Northern_Terrace,Mn2+,0.55535,-0.11544166666666668,0.0355424,0.4754507333333333,-14.387191260766489,True,True,0.4
SSP5-8.5,2030,Shallow,Northern_Terrace,Fe2+,4.36683,0.08240633333333323,0.20960784000000002,4.658844173333334,6.68709735284711,True,True,0.3
SSP5-8.5,2030,Shallow,Northern_Terrace,Cr3+,0.0030499999999999998,-0.00017966666666666662,7.319999999999999e-05,0.002943533333333333,-3.490710382513662,False,False,0.05
SSP5-8.5,2030,Shallow,Northern_Terrace,NO3-,2.05,-0.1283333333333333,0.082,2.0036666666666663,-2.2601626016260274,False,False,50.0
SSP5-8.5,2030,Shallow,Brahmaputra_Floodplain,As,0.7136,1.3262853333333333,0.05708800000000001,2.096973333333333,193.8583707025411,False,False,10.0
SSP5-8.5,2030,Shallow,Brahmaputra_Floodplain,Mn2+,0.36365,-0.07071166666666667,0.023273600000000002,0.3162119333333333,-13.044979146615338,False,False,0.4
SSP5-8.5,2030,Shallow,Brahmaputra_Floodplain,Fe2+,2.66452,0.12495933333333337,0.12789696,2.9173762933333336,9.489750248950415,True,True,0.3
SSP5-8.5,2030,Shallow,Brahmaputra_Floodplain,Cr3+,0.0041,0.0001843333333333333,9.84e-05,0.004382733333333334,6.895934959349597,False,False,0.05
SSP5-8.5,2030,Shallow,Brahmaputra_Floodplain,NO3-,1.8,0.07,0.07200000000000001,1.9420000000000002,7.8888888888888955,False,False,50.0
SSP5-8.5,2030,Shallow,Ganges_Floodplain,As,5.5763,1.9536533333333335,0.446104,7.976057333333333,43.034939535773425,False,False,10.0
SSP5-8.5,2030,Shallow,Ganges_Floodplain,Mn2+,0.48376,0.016844333333333315,0.03096064,0.5315649733333333,9.881960751887977,True,True,0.4
SSP5-8.5,2030,Shallow,Ganges_Floodplain,Fe2+,2.83742,-0.006305833333333351,0.13619615999999998,2.9673103266666665,4.577761722503777,True,True,0.3
SSP5-8.5,2030,Shallow,Ganges_Floodplain,Cr3+,0.0053,-0.0010033333333333333,0.0001272,0.004423866666666667,-16.530817610062893,False,False,0.05
SSP5-8.5,2030,Shallow,Ganges_Floodplain,NO3-,1.0,0.08166666666666668,0.04000000000000001,1.1216666666666668,12.166666666666682,False,False,50.0
SSP5-8.5,2030,Shallow,GBM_Delta,As,12.426,2.830006666666667,0.9940800000000002,16.250086666666668,30.77488062664307,True,True,10.0
SSP5-8.5,2030,Shallow,GBM_Delta,Mn2+,0.21023,-0.028193666666666672,0.013454720000000002,0.19549105333333333,-7.010867462620306,False,False,0.4
SSP5-8.5,2030,Shallow,GBM_Delta,Fe2+,2.97427,0.37933699999999987,0.14276496000000002,3.4963719600000003,17.55395307083755,True,True,0.3
SSP5-8.5,2030,Shallow,GBM_Delta,Cr3+,0.007,0.0009543333333333331,0.00016800000000000002,0.008122333333333334,16.03333333333334,False,False,0.05
SSP5-8.5,2030,Shallow,GBM_Delta,NO3-,1.7,0.09333333333333337,0.068,1.8613333333333333,9.490196078431373,False,False,50.0
SSP5-8.5,2030,Shallow,Meghna_Floodplain,As,22.421,-1.7016999999999998,1.7936800000000002,22.51298,0.41024039962534903,True,True,10.0
SSP5-8.5,2030,Shallow,Meghna_Floodplain,Mn2+,0.56043,0.013736333333333326,0.03586752,0.6100338533333334,8.851034622224612,True,True,0.4
SSP5-8.5,2030,Shallow,Meghna_Floodplain,Fe2+,5.14651,-0.2345746666666667,0.24703248,5.158967813333333,0.24206332705722175,True,True,0.3
SSP5-8.5,2030,Shallow,Meghna_Floodplain,Cr3+,0.0097,-0.0011946666666666668,0.0002328,0.008738133333333334,-9.916151202749141,False,False,0.05
SSP5-8.5,2030,Shallow,Meghna_Floodplain,NO3-,2.0,0.06999999999999995,0.08000000000000002,2.15,7.499999999999996,False,False,50.0
SSP5-8.5,2030,Intermediate,Barind_Tract,As,0.9025,0.7222973333333333,0.0722,1.6969973333333335,88.032945521699,False,False,10.0
SSP5-8.5,2030,Intermediate,Barind_Tract,Mn2+,0.61833,-0.12164366666666669,0.03957312000000001,0.5362594533333334,-13.272936242243896,True,True,0.4
SSP5-8.5,2030,Intermediate,Barind_Tract,Fe2+,2.69995,-0.015845666666666647,0.12959759999999998,2.813701933333333,4.213112588504713,True,True,0.3
SSP5-8.5,2030,Intermediate,Barind_Tract,Cr3+,0.0103,-0.00217,0.0002472,0.0083772,-18.66796116504855,False,False,0.05
SSP5-8.5,2030,Intermediate,Barind_Tract,NO3-,1.0,0.023333333333333352,0.04000000000000001,1.0633333333333335,6.333333333333346,False,False,50.0
SSP5-8.5,2030,Intermediate,Northern_Terrace,As,1.8745,0.6441843333333331,0.14996,2.6686443333333334,42.36566195429892,False,False,10.0
SSP5-8.5,2030,Intermediate,Northern_Terrace,Mn2+,0.2884,-0.048731666666666666,0.0184576,0.25812593333333334,-10.497249190938508,False,False,0.4
SSP5-8.5,2030,Intermediate,Northern_Terrace,Fe2+,7.90227,-0.8475296666666666,0.37930896,7.4340492933333335,-5.925141847426957,True,True,0.3
SSP5-8.5,2030,Intermediate,Northern_Terrace,Cr3+,0.0032,-0.0002741666666666667,7.680000000000001e-05,0.0030026333333333334,-6.167708333333337,False,False,0.05
SSP5-8.5,2030,Intermediate,Northern_Terrace,NO3-,1.6,-0.08166666666666668,0.06400000000000002,1.5823333333333334,-1.10416666666667,False,False,50.0
SSP5-8.5,2030,Intermediate,Brahmaputra_Floodplain,As,1.0627499999999999,1.101555,0.08502,2.249325,111.65137614678899,False,False,10.0
SSP5-8.5,2030,Intermediate,Brahmaputra_Floodplain,Mn2+,0.328785,-0.06010316666666667,0.021042240000000004,0.28972407333333333,-11.880385865129693,False,False,0.4
SSP5-8.5,2030,Intermediate,Brahmaputra_Floodplain,Fe2+,3.790615,0.08015116666666676,0.18194951999999998,4.052715686666667,6.9144633962211115,True,True,0.3
SSP5-8.5,2030,Intermediate,Brahmaputra_Floodplain,Cr3+,0.00515,-0.0009683333333333333,0.0001236,0.004305266666666667,-16.402588996763757,False,False,0.05
SSP5-8.5,2030,Intermediate,Brahmaputra_Floodplain,NO3-,2.1,-0.09333333333333337,0.08400000000000002,2.090666666666667,-0.44444444444443776,False,False,50.0
SSP5-8.5,2030,Intermediate,Ganges_Floodplain,As,4.4356,2.2846249999999992,0.35484800000000005,7.075073,59.50656055550545,False,False,10.0
SSP5-8.5,2030,Intermediate,Ganges_Floodplain,Mn2+,0.78158,-0.05352200000000001,0.05002112000000001,0.7780791200000001,-0.4479234371401428,True,True,0.4
SSP5-8.5,2030,Intermediate,Ganges_Floodplain,Fe2+,3.90689,-0.3190786666666667,0.18753072,3.7753420533333335,-3.367075772972023,True,True,0.3
SSP5-8.5,2030,Intermediate,Ganges_Floodplain,Cr3+,0.0086,-0.0017733333333333334,0.0002064,0.0070330666666666665,-18.220155038759692,False,False,0.05
SSP5-8.5,2030,Intermediate,Ganges_Floodplain,NO3-,1.1,0.058333333333333334,0.04400000000000001,1.2023333333333335,9.303030303030308,False,False,50.0
SSP5-8.5,2030,Intermediate,GBM_Delta,As,12.187750000000001,0.2509149999999996,0.9750200000000002,13.413685000000001,10.058747512871529,True,True,10.0
SSP5-8.5,2030,Intermediate,GBM_Delta,Mn2+,0.289755,-0.04817283333333333,0.01854432,0.26012648666666666,-10.225367408097645,False,False,0.4
SSP5-8.5,2030,Intermediate,GBM_Delta,Fe2+,4.28583,0.08722699999999997,0.20571984,4.57877684,6.835241715140357,True,True,0.3
SSP5-8.5,2030,Intermediate,GBM_Delta,Cr3+,0.01125,-0.0004783333333333332,0.00027,0.011041666666666665,-1.8518518518518639,False,False,0.05
SSP5-8.5,2030,Intermediate,GBM_Delta,NO3-,2.8,-0.046666666666666606,0.11199999999999999,2.8653333333333335,2.3333333333333464,False,False,50.0
SSP5-8.5,2030,Intermediate,Meghna_Floodplain,As,7.7431,7.398918333333334,0.6194480000000001,15.761466333333335,103.55498874266553,False,True,10.0
SSP5-8.5,2030,Intermediate,Meghna_Floodplain,Mn2+,0.26086,0.10628100000000001,0.01669504,0.38383604,47.1425438932761,False,False,0.4
SSP5-8.5,2030,Intermediate,Meghna_Floodplain,Fe2+,2.02999,0.07856333333333333,0.09743952,2.2059928533333335,8.670134007228278,True,True,0.3
SSP5-8.5,2030,Intermediate,Meghna_Floodplain,Cr3+,0.0193,-0.0042699999999999995,0.0004632,0.015493200000000002,-19.724352331606212,False,False,0.05
SSP5-8.5,2030,Intermediate,Meghna_Floodplain,NO3-,1.6,0.10499999999999994,0.06400000000000002,1.7690000000000001,10.562500000000002,False,False,50.0
SSP5-8.5,2030,Intermediate,Eastern_Hills,As,0.35475,-0.006777166666666676,0.028380000000000002,0.37635283333333336,6.089593610523847,False,False,10.0
SSP5-8.5,2030,Intermediate,Eastern_Hills,Mn2+,0.25305,-0.04067,0.016195200000000003,0.2285752,-9.671922544951588,False,False,0.4
SSP5-8.5,2030,Intermediate,Eastern_Hills,Fe2+,3.8976300000000004,-0.4558575000000001,0.18708624000000001,3.6288587400000005,-6.895761270310414,True,True,0.3
SSP5-8.5,2030,Intermediate,Eastern_Hills,Cr3+,0.0049499999999999995,-0.0009216666666666666,0.00011879999999999999,0.004147133333333333,-16.219528619528617,False,False,0.05
SSP5-8.5,2030,Intermediate,Eastern_Hills,NO3-,1.4,0.046666666666666703,0.055999999999999994,1.5026666666666666,7.333333333333335,False,False,50.0
SSP5-8.5,2030,Medium_Deep,Northern_Terrace,As,4.0949,1.1431396666666669,0.32759200000000005,5.565631666666667,35.91618028930297,False,False,10.0
SSP5-8.5,2030,Medium_Deep,Northern_Terrace,Mn2+,0.36571,-0.07014233333333333,0.02340544,0.3189731066666667,-12.779769033751693,False,False,0.4
SSP5-8.5,2030,Medium_Deep,Northern_Terrace,Fe2+,4.83835,-0.01828166666666675,0.2322408,5.052309133333333,4.422150802098502,True,True,0.3
SSP5-8.5,2030,Medium_Deep,Northern_Terrace,Cr3+,0.0041,-0.0007233333333333334,9.84e-05,0.003475066666666667,-15.242276422764228,False,False,0.05
SSP5-8.5,2030,Medium_Deep,Northern_Terrace,NO3-,1.3,0.046666666666666655,0.052000000000000005,1.3986666666666667,7.58974358974359,False,False,50.0
SSP5-8.5,2030,Medium_Deep,Brahmaputra_Floodplain,As,0.4419,0.5489061666666667,0.03535200000000001,1.0261581666666668,132.21501848080263,False,False,10.0
SSP5-8.5,2030,Medium_Deep,Brahmaputra_Floodplain,Mn2+,0.24042999999999998,-0.04178533333333332,0.01538752,0.21403218666666665,-10.97941743265538,False,False,0.4
SSP5-8.5,2030,Medium_Deep,Brahmaputra_Floodplain,Fe2+,3.21312,0.00510533333333331,0.15422976,3.3724550933333335,4.958890216777883,True,True,0.3
SSP5-8.5,2030,Medium_Deep,Brahmaputra_Floodplain,Cr3+,0.0025,-0.00035,5.9999999999999995e-05,0.00221,-11.599999999999994,False,False,0.05
SSP5-8.5,2030,Medium_Deep,Brahmaputra_Floodplain,NO3-,2.4,-0.16333333333333327,0.096,2.332666666666667,-2.805555555555543,False,False,50.0
SSP5-8.5,2030,Medium_Deep,Ganges_Floodplain,As,2.9532,1.4716613333333333,0.236256,4.661117333333333,57.83276897376858,False,False,10.0
SSP5-8.5,2030,Medium_Deep,Ganges_Floodplain,Mn2+,0.62914,-0.01970266666666668,0.04026496000000001,0.6497022933333334,3.2683175975670546,True,True,0.4
SSP5-8.5,2030,Medium_Deep,Ganges_Floodplain,Fe2+,2.81262,-0.1667656666666666,0.13500576,2.780860093333333,-1.129192947026855,True,True,0.3
SSP5-8.5,2030,Medium_Deep,Ganges_Floodplain,Cr3+,0.007,-0.0014,0.00016800000000000002,0.005768,-17.60000000000001,False,False,0.05
SSP5-8.5,2030,Medium_Deep,Ganges_Floodplain,NO3-,1.1,0.023333333333333303,0.04400000000000001,1.1673333333333333,6.121212121212113,False,False,50.0
SSP5-8.5,2030,Medium_Deep,GBM_Delta,As,3.42075,1.1426205000000003,0.27366,4.837030500000001,41.402631001973276,False,False,10.0
SSP5-8.5,2030,Medium_Deep,GBM_Delta,Mn2+,0.25886,-0.040077333333333326,0.01656704,0.23534970666666666,-9.082242653686674,False,False,0.4
SSP5-8.5,2030,Medium_Deep,GBM_Delta,Fe2+,2.659815,0.25091733333333327,0.12767112,3.0384034533333333,14.233638555062411,True,True,0.3
SSP5-8.5,2030,Medium_Deep,GBM_Delta,Cr3+,0.0135,-0.0007000000000000002,0.000324,0.013123999999999999,-2.785185185185195,False,False,0.05
SSP5-8.5,2030,Medium_Deep,GBM_Delta,NO3-,2.1500000000000004,-0.08166666666666675,0.08600000000000002,2.1543333333333337,0.20155038759689767,False,False,50.0
SSP5-8.5,2030,Medium_Deep,Meghna_Floodplain,As,2.7743,1.2083295,0.22194400000000003,4.2045735,51.55439209890783,False,False,10.0
SSP5-8.5,2030,Medium_Deep,Meghna_Floodplain,Mn2+,0.29354,0.062103999999999986,0.018786560000000004,0.37443056,27.556912175512704,False,False,0.4
SSP5-8.5,2030,Medium_Deep,Meghna_Floodplain,Fe2+,3.8668250000000004,-0.09103733333333351,0.1856076,3.961395266666667,2.445682612134414,True,True,0.3
SSP5-8.5,2030,Medium_Deep,Meghna_Floodplain,Cr3+,0.024,-0.004946666666666667,0.000576,0.019629333333333332,-18.21111111111112,False,False,0.05
SSP5-8.5,2030,Medium_Deep,Meghna_Floodplain,NO3-,1.7,-0.034999999999999976,0.068,1.733,1.9411764705882437,False,False,50.0
SSP5-8.5,2030,Medium_Deep,Eastern_Hills,As,0.09455,0.5143623333333334,0.007564,0.6164763333333334,552.0109289617487,False,False,10.0
SSP5-8.5,2030,Medium_Deep,Eastern_Hills,Mn2+,0.1451,-0.013358333333333337,0.0092864,0.14102806666666667,-2.8062945095336547,False,False,0.4
SSP5-8.5,2030,Medium_Deep,Eastern_Hills,Fe2+,3.567005,-0.3353723333333334,0.17121624000000002,3.4028489066666667,-4.602070738149603,True,True,0.3
SSP5-8.5,2030,Medium_Deep,Eastern_Hills,Cr3+,0.0068000000000000005,-0.0007210000000000002,0.0001632,0.0062422,-8.202941176470597,False,False,0.05
SSP5-8.5,2030,Medium_Deep,Eastern_Hills,NO3-,1.2,0.058333333333333334,0.048,1.3063333333333333,8.861111111111116,False,False,50.0
SSP5-8.5,2030,Deep,Northern_Terrace,As,1.7324,0.49403433333333324,0.13859200000000002,2.3650263333333332,36.517336257985065,False,False,10.0
SSP5-8.5,2030,Deep,Northern_Terrace,Mn2+,0.23079,-0.03793766666666667,0.01477056,0.2076228933333333,-10.03817611970479,False,False,0.4
SSP5-8.5,2030,Deep,Northern_Terrace,Fe2+,2.81453,0.011515000000000001,0.13509743999999999,2.96114244,5.2091269235005555,True,True,0.3
SSP5-8.5,2030,Deep,Northern_Terrace,Cr3+,0.0041,-0.0007233333333333334,9.84e-05,0.003475066666666667,-15.242276422764228,False,False,0.05
SSP5-8.5,2030,Deep,Northern_Terrace,NO3-,1.2,-0.023333333333333303,0.048,1.2246666666666668,2.05555555555557,False,False,50.0
SSP5-8.5,2030,Deep,Brahmaputra_Floodplain,As,0.2965,0.6246006666666667,0.02372,0.9448206666666666,218.65789769533447,False,False,10.0
SSP5-8.5,2030,Deep,Brahmaputra_Floodplain,Mn2+,0.22946,-0.03198066666666667,0.014685440000000001,0.21216477333333333,-7.537360178970916,False,False,0.4
SSP5-8.5,2030,Deep,Brahmaputra_Floodplain,Fe2+,1.32796,0.06249133333333333,0.06374208,1.4541934133333332,9.505814432161598,True,True,0.3
SSP5-8.5,2030,Deep,Brahmaputra_Floodplain,Cr3+,0.0032,-0.0005133333333333333,7.680000000000001e-05,0.002763466666666667,-13.641666666666655,False,False,0.05
SSP5-8.5,2030,Deep,Brahmaputra_Floodplain,NO3-,1.8,-0.11666666666666667,0.07200000000000001,1.7553333333333334,-2.4814814814814796,False,False,50.0
SSP5-8.5,2030,Deep,Ganges_Floodplain,As,10.1645,0.18868500000000002,0.8131600000000001,11.166345,9.856313640611928,True,True,10.0
SSP5-8.5,2030,Deep,Ganges_Floodplain,Mn2+,0.2566,0.010453333333333335,0.0164224,0.2834757333333333,10.473785398804878,False,False,0.4
SSP5-8.5,2030,Deep,Ganges_Floodplain,Fe2+,2.67919,0.14611216666666668,0.12860112,2.953903286666667,10.25359480539516,True,True,0.3
SSP5-8.5,2030,Deep,Ganges_Floodplain,Cr3+,0.00615,-0.0012016666666666666,0.0001476,0.0050959333333333336,-17.139295392953926,False,False,0.05
SSP5-8.5,2030,Deep,Ganges_Floodplain,NO3-,1.3,0.07,0.052000000000000005,1.4220000000000002,9.384615384615392,False,False,50.0
SSP5-8.5,2030,Deep,GBM_Delta,As,3.48725,0.3345661666666666,0.27898,4.100796166666666,17.59398284225869,False,False,10.0
SSP5-8.5,2030,Deep,GBM_Delta,Mn2+,0.213225,-0.03754916666666666,0.013646400000000001,0.18932223333333334,-11.210114511275252,False,False,0.4
SSP5-8.5,2030,Deep,GBM_Delta,Fe2+,1.54091,0.23596299999999998,0.07396368,1.85083668,20.113224003997637,True,True,0.3
SSP5-8.5,2030,Deep,GBM_Delta,Cr3+,0.00865,-0.0001901666666666666,0.00020759999999999998,0.008667433333333334,0.20154142581888884,False,False,0.05
SSP5-8.5,2030,Deep,GBM_Delta,NO3-,2.2,-0.11783333333333343,0.08800000000000002,2.170166666666667,-1.356060606060608,False,False,50.0
SSP5-8.5,2030,Deep,Meghna_Floodplain,As,2.3027,1.079983333333333,0.18421600000000005,3.5668993333333336,54.90073971135334,False,False,10.0
SSP5-8.5,2030,Deep,Meghna_Floodplain,Mn2+,0.27829,-0.043374333333333334,0.01781056,0.2527262266666666,-9.18601938026281,False,False,0.4
SSP5-8.5,2030,Deep,Meghna_Floodplain,Fe2+,3.66245,-0.09945133333333339,0.1757976,3.7387962666666668,2.0845681624777552,True,True,0.3
SSP5-8.5,2030,Deep,Meghna_Floodplain,Cr3+,0.0062,-0.0004013333333333334,0.0001488,0.0059474666666666665,-4.073118279569892,False,False,0.05
SSP5-8.5,2030,Deep,Meghna_Floodplain,NO3-,1.2,0.11666666666666667,0.048,1.3646666666666667,13.72222222222223,False,False,50.0
SSP5-8.5,2030,Deep,Eastern_Hills,As,0.10005,0.5583865,0.008004,0.6664405,566.1074462768615,False,False,10.0
SSP5-8.5,2030,Deep,Eastern_Hills,Mn2+,0.26636000000000004,-0.046062333333333344,0.017047040000000003,0.2373447066666667,-10.893262251589325,False,False,0.4
SSP5-8.5,2030,Deep,Eastern_Hills,Fe2+,5.62028,-0.9927528333333332,0.26977344,4.897300606666667,-12.86376111747695,True,True,0.3
SSP5-8.5,2030,Deep,Eastern_Hills,Cr3+,0.0068000000000000005,-0.0011993333333333335,0.0001632,0.005763866666666667,-15.237254901960792,False,False,0.05
SSP5-8.5,2030,Deep,Eastern_Hills,NO3-,1.6,-0.011666666666666676,0.06400000000000002,1.6523333333333334,3.270833333333334,False,False,50.0
SSP5-8.5,2040,Shallow,Barind_Tract,As,0.7997,0.30036399999999996,0.11195799999999999,1.212022,51.55958484431662,False,False,10.0
SSP5-8.5,2040,Shallow,Barind_Tract,Mn2+,0.73547,-0.046447999999999955,0.08237264,0.77139464,4.884582647830648,True,True,0.4
SSP5-8.5,2040,Shallow,Barind_Tract,Fe2+,0.85185,0.157808,0.07155539999999999,1.0812134,26.925327228972236,True,True,0.3
SSP5-8.5,2040,Shallow,Barind_Tract,Cr3+,0.0106,0.001892,0.0004451999999999999,0.0129372,22.04905660377358,False,False,0.05
SSP5-8.5,2040,Shallow,Barind_Tract,NO3-,1.1,0.07999999999999999,0.077,1.2570000000000001,14.272727272727273,False,False,50.0
SSP5-8.5,2040,Shallow,Northern_Terrace,As,1.14405,0.8251599999999999,0.160167,2.129377,86.12621825969143,False,False,10.0
SSP5-8.5,2040,Shallow,Northern_Terrace,Mn2+,0.55535,-0.19790000000000002,0.062199199999999996,0.4196492,-24.43518501845683,True,True,0.4
SSP5-8.5,2040,Shallow,Northern_Terrace,Fe2+,4.36683,0.14126799999999984,0.36681372,4.87491172,11.63502403345218,True,True,0.3
SSP5-8.5,2040,Shallow,Northern_Terrace,Cr3+,0.0030499999999999998,-0.00030799999999999995,0.00012809999999999997,0.0028700999999999996,-5.8983606557377115,False,False,0.05
SSP5-8.5,2040,Shallow,Northern_Terrace,NO3-,2.05,-0.21999999999999992,0.1435,1.9734999999999998,-3.731707317073172,False,False,50.0
SSP5-8.5,2040,Shallow,Brahmaputra_Floodplain,As,0.7136,2.273632,0.099904,3.087136,332.6143497757847,False,False,10.0
SSP5-8.5,2040,Shallow,Brahmaputra_Floodplain,Mn2+,0.36365,-0.12122,0.040728799999999996,0.2831588,-22.13424996562629,False,False,0.4
SSP5-8.5,2040,Shallow,Brahmaputra_Floodplain,Fe2+,2.66452,0.21421600000000005,0.22381967999999997,3.10255568,16.439571855343555,True,True,0.3
SSP5-8.5,2040,Shallow,Brahmaputra_Floodplain,Cr3+,0.0041,0.000316,0.0001722,0.004588200000000001,11.907317073170736,False,False,0.05
SSP5-8.5,2040,Shallow,Brahmaputra_Floodplain,NO3-,1.8,0.12000000000000002,0.126,2.0460000000000003,13.66666666666668,False,False,50.0
SSP5-8.5,2040,Shallow,Ganges_Floodplain,As,5.5763,3.34912,0.7806819999999999,9.706102,74.05989634704015,False,False,10.0
SSP5-8.5,2040,Shallow,Ganges_Floodplain,Mn2+,0.48376,0.028875999999999968,0.05418112,0.56681712,17.169075574665108,True,True,0.4
SSP5-8.5,2040,Shallow,Ganges_Floodplain,Fe2+,2.83742,-0.01081000000000003,0.23834327999999996,3.0649532799999997,8.019020095720755,True,True,0.3
SSP5-8.5,2040,Shallow,Ganges_Floodplain,Cr3+,0.0053,-0.0017200000000000002,0.00022259999999999996,0.0038025999999999997,-28.25283018867925,False,False,0.05
SSP5-8.5,2040,Shallow,Ganges_Floodplain,NO3-,1.0,0.14,0.06999999999999999,1.2100000000000002,21.000000000000018,False,False,50.0
SSP5-8.5,2040,Shallow,GBM_Delta,As,12.426,4.85144,1.73964,19.01708,53.042652502816665,True,True,10.0
SSP5-8.5,2040,Shallow,GBM_Delta,Mn2+,0.21023,-0.04833200000000001,0.02354576,0.18544375999999999,-11.790058507349102,False,False,0.4
SSP5-8.5,2040,Shallow,GBM_Delta,Fe2+,2.97427,0.6502919999999998,0.24983868,3.87440068,30.263919550007216,True,True,0.3
SSP5-8.5,2040,Shallow,GBM_Delta,Cr3+,0.007,0.0016359999999999997,0.000294,0.00893,27.571428571428573,False,False,0.05
SSP5-8.5,2040,Shallow,GBM_Delta,NO3-,1.7,0.16000000000000006,0.119,1.979,16.411764705882362,False,False,50.0
SSP5-8.5,2040,Shallow,Meghna_Floodplain,As,22.421,-2.9172,3.1389400000000003,22.64274,0.98898354221489,True,True,10.0
SSP5-8.5,2040,Shallow,Meghna_Floodplain,Mn2+,0.56043,0.02354799999999999,0.06276815999999999,0.64674616,15.40177363809931,True,True,0.4
SSP5-8.5,2040,Shallow,Meghna_Floodplain,Fe2+,5.14651,-0.4021280000000001,0.4323068399999999,5.17668884,0.5863942749552531,True,True,0.3
SSP5-8.5,2040,Shallow,Meghna_Floodplain,Cr3+,0.0097,-0.0020480000000000003,0.00040739999999999993,0.0080594,-16.913402061855678,False,False,0.05
SSP5-8.5,2040,Shallow,Meghna_Floodplain,NO3-,2.0,0.11999999999999991,0.13999999999999999,2.2600000000000002,13.00000000000001,False,False,50.0
SSP5-8.5,2040,Intermediate,Barind_Tract,As,0.9025,1.238224,0.12635,2.267074,151.1993351800554,False,False,10.0
SSP5-8.5,2040,Intermediate,Barind_Tract,Mn2+,0.61833,-0.20853200000000005,0.06925296,0.47905096,-22.52503355813239,True,True,0.4
SSP5-8.5,2040,Intermediate,Barind_Tract,Fe2+,2.69995,-0.027163999999999966,0.22679579999999994,2.8995818,7.393907294579535,True,True,0.3
SSP5-8.5,2040,Intermediate,Barind_Tract,Cr3+,0.0103,-0.00372,0.00043259999999999994,0.0070126,-31.91650485436893,False,False,0.05
SSP5-8.5,2040,Intermediate,Barind_Tract,NO3-,1.0,0.040000000000000036,0.06999999999999999,1.11,11.00000000000001,False,False,50.0
SSP5-8.5,2040,Intermediate,Northern_Terrace,As,1.8745,1.1043159999999996,0.26243,3.241246,72.9125633502267,False,False,10.0
SSP5-8.5,2040,Intermediate,Northern_Terrace,Mn2+,0.2884,-0.08354,0.0323008,0.23716079999999998,-17.766712898751738,False,False,0.4
SSP5-8.5,2040,Intermediate,Northern_Terrace,Fe2+,7.90227,-1.4529079999999999,0.6637906799999999,7.11315268,-9.985957452731936,True,True,0.3
SSP5-8.5,2040,Intermediate,Northern_Terrace,Cr3+,0.0032,-0.00047000000000000004,0.0001344,0.0028644,-10.487500000000004,False,False,0.05
SSP5-8.5,2040,Intermediate,Northern_Terrace,NO3-,1.6,-0.14,0.11200000000000002,1.572,-1.7500000000000016,False,False,50.0
SSP5-8.5,2040,Intermediate,Brahmaputra_Floodplain,As,1.0627499999999999,1.8883800000000002,0.14878499999999997,3.099915,191.68807339449546,False,False,10.0
SSP5-8.5,2040,Intermediate,Brahmaputra_Floodplain,Mn2+,0.328785,-0.10303400000000001,0.036823919999999996,0.26257492,-20.137804340222335,False,False,0.4
SSP5-8.5,2040,Intermediate,Brahmaputra_Floodplain,Fe2+,3.790615,0.13740200000000016,0.31841165999999993,4.24642866,12.024794393521908,True,True,0.3
SSP5-8.5,2040,Intermediate,Brahmaputra_Floodplain,Cr3+,0.00515,-0.00166,0.00021629999999999997,0.0037063,-28.033009708737865,False,False,0.05
SSP5-8.5,2040,Intermediate,Brahmaputra_Floodplain,NO3-,2.1,-0.16000000000000006,0.147,2.0869999999999997,-0.6190476190476355,False,False,50.0
SSP5-8.5,2040,Intermediate,Ganges_Floodplain,As,4.4356,3.916499999999999,0.620984,8.973084,102.29696095229508,False,False,10.0
SSP5-8.5,2040,Intermediate,Ganges_Floodplain,Mn2+,0.78158,-0.09175200000000001,0.08753696000000001,0.77736496,-0.5392973208116966,True,True,0.4
SSP5-8.5,2040,Intermediate,Ganges_Floodplain,Fe2+,3.90689,-0.546992,0.32817875999999996,3.6880767600000004,-5.6007013250948905,True,True,0.3
SSP5-8.5,2040,Intermediate,Ganges_Floodplain,Cr3+,0.0086,-0.00304,0.00036119999999999994,0.0059212,-31.14883720930233,False,False,0.05
SSP5-8.5,2040,Intermediate,Ganges_Floodplain,NO3-,1.1,0.1,0.077,1.2770000000000001,16.090909090909093,False,False,50.0
SSP5-8.5,2040,Intermediate,GBM_Delta,As,12.187750000000001,0.43013999999999936,1.706285,14.324175,17.5292814506369,True,True,10.0
SSP5-8.5,2040,Intermediate,GBM_Delta,Mn2+,0.289755,-0.082582,0.03245256,0.23962556,-17.30062984245311,False,False,0.4
SSP5-8.5,2040,Intermediate,GBM_Delta,Fe2+,4.28583,0.14953199999999994,0.36000972,4.7953717199999994,11.888985797383462,True,True,0.3
SSP5-8.5,2040,Intermediate,GBM_Delta,Cr3+,0.01125,-0.0008199999999999998,0.00047249999999999994,0.0109025,-3.088888888888879,False,False,0.05
SSP5-8.5,2040,Intermediate,GBM_Delta,NO3-,2.8,-0.07999999999999989,0.19599999999999998,2.916,4.142857142857147,False,False,50.0
SSP5-8.5,2040,Intermediate,Meghna_Floodplain,As,7.7431,12.683860000000001,1.084034,21.510994,177.80855213028372,False,True,10.0
SSP5-8.5,2040,Intermediate,Meghna_Floodplain,Mn2+,0.26086,0.18219600000000002,0.029216319999999997,0.47227232,81.04436095990188,False,True,0.4
SSP5-8.5,2040,Intermediate,Meghna_Floodplain,Fe2+,2.02999,0.13468,0.17051916,2.33518916,15.034515440962759,True,True,0.3
SSP5-8.5,2040,Intermediate,Meghna_Floodplain,Cr3+,0.0193,-0.00732,0.0008106,0.012790600000000001,-33.72746113989637,False,False,0.05
SSP5-8.5,2040,Intermediate,Meghna_Floodplain,NO3-,1.6,0.17999999999999988,0.11200000000000002,1.8920000000000001,18.250000000000004,False,False,50.0
SSP5-8.5,2040,Intermediate,Eastern_Hills,As,0.35475,-0.011618000000000017,0.049664999999999994,0.392797,10.725017618040873,False,False,10.0
SSP5-8.5,2040,Intermediate,Eastern_Hills,Mn2+,0.25305,-0.06972,0.0283416,0.2116716,-16.351867219917015,False,False,0.4
SSP5-8.5,2040,Intermediate,Eastern_Hills,Fe2+,3.8976300000000004,-0.7814700000000001,0.32740092,3.4435609200000004,-11.64987646338929,True,True,0.3
SSP5-8.5,2040,Intermediate,Eastern_Hills,Cr3+,0.0049499999999999995,-0.0015799999999999998,0.00020789999999999996,0.0035778999999999997,-27.719191919191914,False,False,0.05
SSP5-8.5,2040,Intermediate,Eastern_Hills,NO3-,1.4,0.08000000000000007,0.09799999999999999,1.578,12.714285714285726,False,False,50.0
SSP5-8.5,2040,Medium_Deep,Northern_Terrace,As,4.0949,1.9596680000000002,0.573286,6.627853999999999,61.85630906737648,False,False,10.0
SSP5-8.5,2040,Medium_Deep,Northern_Terrace,Mn2+,0.36571,-0.12024399999999999,0.04095952,0.28642552,-21.679604057860054,False,False,0.4
SSP5-8.5,2040,Medium_Deep,Northern_Terrace,Fe2+,4.83835,-0.031340000000000146,0.40642139999999993,5.2134314,7.7522585178831624,True,True,0.3
SSP5-8.5,2040,Medium_Deep,Northern_Terrace,Cr3+,0.0041,-0.0012400000000000002,0.0001722,0.0030322,-26.043902439024397,False,False,0.05
SSP5-8.5,2040,Medium_Deep,Northern_Terrace,NO3-,1.3,0.07999999999999999,0.091,1.471,13.153846153846157,False,False,50.0
SSP5-8.5,2040,Medium_Deep,Brahmaputra_Floodplain,As,0.4419,0.9409820000000001,0.061866000000000004,1.4447480000000001,226.94003168137593,False,False,10.0
SSP5-8.5,2040,Medium_Deep,Brahmaputra_Floodplain,Mn2+,0.24042999999999998,-0.07163199999999997,0.026928159999999996,0.19572616,-18.593287027409215,False,False,0.4
SSP5-8.5,2040,Medium_Deep,Brahmaputra_Floodplain,Fe2+,3.21312,0.00875199999999996,0.26990208,3.49177408,8.672383228762074,True,True,0.3
SSP5-8.5,2040,Medium_Deep,Brahmaputra_Floodplain,Cr3+,0.0025,-0.0006000000000000001,0.00010499999999999999,0.002005,-19.800000000000008,False,False,0.05
SSP5-8.5,2040,Medium_Deep,Brahmaputra_Floodplain,NO3-,2.4,-0.2799999999999999,0.16799999999999998,2.2880000000000003,-4.666666666666652,False,False,50.0
SSP5-8.5,2040,Medium_Deep,Ganges_Floodplain,As,2.9532,2.5228479999999998,0.4134479999999999,5.889495999999999,99.42760395503181,False,False,10.0
SSP5-8.5,2040,Medium_Deep,Ganges_Floodplain,Mn2+,0.62914,-0.03377600000000003,0.07046368,0.66582768,5.8314015958292265,True,True,0.4
SSP5-8.5,2040,Medium_Deep,Ganges_Floodplain,Fe2+,2.81262,-0.28588399999999986,0.23626007999999998,2.76299608,-1.7643307663317374,True,True,0.3
SSP5-8.5,2040,Medium_Deep,Ganges_Floodplain,Cr3+,0.007,-0.0024000000000000002,0.000294,0.004894,-30.08571428571429,False,False,0.05
SSP5-8.5,2040,Medium_Deep,Ganges_Floodplain,NO3-,1.1,0.039999999999999945,0.077,1.217,10.636363636363635,False,False,50.0
SSP5-8.5,2040,Medium_Deep,GBM_Delta,As,3.42075,1.9587780000000004,0.47890499999999997,5.858433000000001,71.26165314623988,False,False,10.0
SSP5-8.5,2040,Medium_Deep,GBM_Delta,Mn2+,0.25886,-0.06870399999999999,0.02899232,0.21914831999999998,-15.34098740632002,False,False,0.4
SSP5-8.5,2040,Medium_Deep,GBM_Delta,Fe2+,2.659815,0.4301439999999999,0.22342446,3.31338346,24.571951808678417,True,True,0.3
SSP5-8.5,2040,Medium_Deep,GBM_Delta,Cr3+,0.0135,-0.0012000000000000003,0.0005669999999999999,0.012867,-4.688888888888888,False,False,0.05
SSP5-8.5,2040,Medium_Deep,GBM_Delta,NO3-,2.1500000000000004,-0.14000000000000012,0.15050000000000002,2.1605000000000003,0.48837209302325363,False,False,50.0
SSP5-8.5,2040,Medium_Deep,Meghna_Floodplain,As,2.7743,2.071422,0.38840199999999997,5.234124,88.6646721695563,False,False,10.0
SSP5-8.5,2040,Medium_Deep,Meghna_Floodplain,Mn2+,0.29354,0.10646399999999998,0.03287648,0.43288048,47.468992300878924,False,True,0.4
SSP5-8.5,2040,Medium_Deep,Meghna_Floodplain,Fe2+,3.8668250000000004,-0.1560640000000003,0.32481329999999997,4.0355743,4.364027335087571,True,True,0.3
SSP5-8.5,2040,Medium_Deep,Meghna_Floodplain,Cr3+,0.024,-0.00848,0.0010079999999999998,0.016528,-31.13333333333333,False,False,0.05
SSP5-8.5,2040,Medium_Deep,Meghna_Floodplain,NO3-,1.7,-0.059999999999999956,0.119,1.759,3.470588235294114,False,False,50.0
SSP5-8.5,2040,Medium_Deep,Eastern_Hills,As,0.09455,0.8817640000000001,0.013236999999999999,0.9895510000000001,946.5901639344263,False,False,10.0
SSP5-8.5,2040,Medium_Deep,Eastern_Hills,Mn2+,0.1451,-0.022900000000000004,0.0162512,0.1384512,-4.582219159200558,False,False,0.4
SSP5-8.5,2040,Medium_Deep,Eastern_Hills,Fe2+,3.567005,-0.5749240000000001,0.29962841999999995,3.2917094199999997,-7.717835551113618,True,True,0.3
SSP5-8.5,2040,Medium_Deep,Eastern_Hills,Cr3+,0.0068000000000000005,-0.0012360000000000003,0.0002856,0.0058496,-13.976470588235301,False,False,0.05
SSP5-8.5,2040,Medium_Deep,Eastern_Hills,NO3-,1.2,0.1,0.08399999999999999,1.3840000000000001,15.333333333333348,False,False,50.0
SSP5-8.5,2040,Deep,Northern_Terrace,As,1.7324,0.8469159999999999,0.242536,2.821852,62.88686215654583,False,False,10.0
SSP5-8.5,2040,Deep,Northern_Terrace,Mn2+,0.23079,-0.06503600000000001,0.025848479999999997,0.19160248,-16.979730490922485,False,False,0.4
SSP5-8.5,2040,Deep,Northern_Terrace,Fe2+,2.81453,0.01974,0.23642051999999997,3.07069052,9.101360440286651,True,True,0.3
SSP5-8.5,2040,Deep,Northern_Terrace,Cr3+,0.0041,-0.0012400000000000002,0.0001722,0.0030322,-26.043902439024397,False,False,0.05
SSP5-8.5,2040,Deep,Northern_Terrace,NO3-,1.2,-0.039999999999999945,0.08399999999999999,1.244,3.66666666666667,False,False,50.0
SSP5-8.5,2040,Deep,Brahmaputra_Floodplain,As,0.2965,1.070744,0.04151,1.4087539999999998,375.12782462057334,False,False,10.0
SSP5-8.5,2040,Deep,Brahmaputra_Floodplain,Mn2+,0.22946,-0.054824000000000005,0.025699519999999997,0.20033552,-12.692617449664434,False,False,0.4
SSP5-8.5,2040,Deep,Brahmaputra_Floodplain,Fe2+,1.32796,0.10712799999999999,0.11154863999999999,1.54663664,16.467110455134186,True,True,0.3
SSP5-8.5,2040,Deep,Brahmaputra_Floodplain,Cr3+,0.0032,-0.0008799999999999999,0.0001344,0.0024544,-23.30000000000001,False,False,0.05
SSP5-8.5,2040,Deep,Brahmaputra_Floodplain,NO3-,1.8,-0.2,0.126,1.726,-4.111111111111114,False,False,50.0
SSP5-8.5,2040,Deep,Ganges_Floodplain,As,10.1645,0.32346,1.42303,11.910990000000002,17.182251955334756,True,True,10.0
SSP5-8.5,2040,Deep,Ganges_Floodplain,Mn2+,0.2566,0.017920000000000002,0.0287392,0.3032592,18.18363211223695,False,False,0.4
SSP5-8.5,2040,Deep,Ganges_Floodplain,Fe2+,2.67919,0.25047800000000003,0.22505196,3.1547199600000004,17.749019666391717,True,True,0.3
SSP5-8.5,2040,Deep,Ganges_Floodplain,Cr3+,0.00615,-0.00206,0.00025829999999999994,0.004348299999999999,-29.295934959349605,False,False,0.05
SSP5-8.5,2040,Deep,Ganges_Floodplain,NO3-,1.3,0.12000000000000002,0.091,1.5110000000000001,16.230769230769234,False,False,50.0
SSP5-8.5,2040,Deep,GBM_Delta,As,3.48725,0.5735419999999999,0.48821499999999995,4.5490070000000005,30.446827729586367,False,False,10.0
SSP5-8.5,2040,Deep,GBM_Delta,Mn2+,0.213225,-0.06437,0.023881199999999998,0.1727362,-18.988767733614722,False,False,0.4
SSP5-8.5,2040,Deep,GBM_Delta,Fe2+,1.54091,0.404508,0.12943643999999999,2.07485444,34.65124114971025,True,True,0.3
SSP5-8.5,2040,Deep,GBM_Delta,Cr3+,0.00865,-0.0003259999999999999,0.00036329999999999994,0.0086873,0.43121387283237606,False,False,0.05
SSP5-8.5,2040,Deep,GBM_Delta,NO3-,2.2,-0.20200000000000015,0.154,2.152,-2.181818181818184,False,False,50.0
SSP5-8.5,2040,Deep,Meghna_Floodplain,As,2.3027,1.8513999999999995,0.322378,4.476477999999999,94.40126807660569,False,False,10.0
SSP5-8.5,2040,Deep,Meghna_Floodplain,Mn2+,0.27829,-0.074356,0.03116848,0.23510247999999997,-15.518890366164795,False,False,0.4
SSP5-8.5,2040,Deep,Meghna_Floodplain,Fe2+,3.66245,-0.1704880000000001,0.30764579999999997,3.7996078,3.7449739928190082,True,True,0.3
SSP5-8.5,2040,Deep,Meghna_Floodplain,Cr3+,0.0062,-0.0006880000000000001,0.0002604,0.0057724,-6.896774193548391,False,False,0.05
SSP5-8.5,2040,Deep,Meghna_Floodplain,NO3-,1.2,0.2,0.08399999999999999,1.484,23.666666666666668,False,False,50.0
SSP5-8.5,2040,Deep,Eastern_Hills,As,0.10005,0.9572340000000001,0.014006999999999999,1.0712910000000002,970.7556221889058,False,False,10.0
SSP5-8.5,2040,Deep,Eastern_Hills,Mn2+,0.26636000000000004,-0.07896400000000002,0.029832320000000002,0.21722832,-18.445592431296003,False,False,0.4
SSP5-8.5,2040,Deep,Eastern_Hills,Fe2+,5.62028,-1.7018619999999998,0.47210351999999994,4.39052152,-21.880733344246195,True,True,0.3
SSP5-8.5,2040,Deep,Eastern_Hills,Cr3+,0.0068000000000000005,-0.002056,0.0002856,0.0050296,-26.035294117647055,False,False,0.05
SSP5-8.5,2040,Deep,Eastern_Hills,NO3-,1.6,-0.020000000000000018,0.11200000000000002,1.6920000000000002,5.750000000000005,False,False,50.0
SSP5-8.5,2050,Shallow,Barind_Tract,As,0.7997,0.4505459999999999,0.167937,1.4181829999999997,77.33937726647491,False,False,10.0
SSP5-8.5,2050,Shallow,Barind_Tract,Mn2+,0.73547,-0.06967199999999993,0.12355896,0.78935696,7.3268739717459646,True,True,0.4
SSP5-8.5,2050,Shallow,Barind_Tract,Fe2+,0.85185,0.236712,0.1073331,1.1958951,40.387990843458354,True,True,0.3
SSP5-8.5,2050,Shallow,Barind_Tract,Cr3+,0.0106,0.002838,0.0006678,0.0141058,33.073584905660375,False,False,0.05
SSP5-8.5,2050,Shallow,Barind_Tract,NO3-,1.1,0.11999999999999998,0.11550000000000002,1.3355,21.409090909090892,False,False,50.0
SSP5-8.5,2050,Shallow,Northern_Terrace,As,1.14405,1.2377399999999998,0.24025050000000003,2.6220404999999998,129.18932738953714,False,False,10.0
SSP5-8.5,2050,Shallow,Northern_Terrace,Mn2+,0.55535,-0.29685000000000006,0.09329880000000002,0.35179879999999997,-36.652777527685245,True,False,0.4
SSP5-8.5,2050,Shallow,Northern_Terrace,Fe2+,4.36683,0.21190199999999973,0.5502205800000001,5.12895258,17.452536050178267,True,True,0.3
SSP5-8.5,2050,Shallow,Northern_Terrace,Cr3+,0.0030499999999999998,-0.00046199999999999995,0.00019214999999999998,0.00278015,-8.847540983606555,False,False,0.05
SSP5-8.5,2050,Shallow,Northern_Terrace,NO3-,2.05,-0.32999999999999985,0.21525,1.93525,-5.597560975609752,False,False,50.0
SSP5-8.5,2050,Shallow,Brahmaputra_Floodplain,As,0.7136,3.4104479999999997,0.14985600000000002,4.273904,498.92152466367713,False,False,10.0
SSP5-8.5,2050,Shallow,Brahmaputra_Floodplain,Mn2+,0.36365,-0.18183,0.0610932,0.2429132,-33.20137494843943,False,False,0.4
SSP5-8.5,2050,Shallow,Brahmaputra_Floodplain,Fe2+,2.66452,0.32132400000000005,0.33572952,3.3215735200000003,24.659357783015338,True,True,0.3
SSP5-8.5,2050,Shallow,Brahmaputra_Floodplain,Cr3+,0.0041,0.000474,0.00025830000000000004,0.0048323,17.860975609756093,False,False,0.05
SSP5-8.5,2050,Shallow,Brahmaputra_Floodplain,NO3-,1.8,0.18000000000000005,0.18900000000000003,2.169,20.5,False,False,50.0
SSP5-8.5,2050,Shallow,Ganges_Floodplain,As,5.5763,5.023680000000001,1.171023,11.771003,111.08984452056023,False,True,10.0
SSP5-8.5,2050,Shallow,Ganges_Floodplain,Mn2+,0.48376,0.04331399999999995,0.08127168,0.6083456799999999,25.753613361997658,True,True,0.4
SSP5-8.5,2050,Shallow,Ganges_Floodplain,Fe2+,2.83742,-0.016215000000000045,0.35751491999999996,3.17871992,12.028530143581142,True,True,0.3
SSP5-8.5,2050,Shallow,Ganges_Floodplain,Cr3+,0.0053,-0.0025800000000000003,0.0003339,0.0030538999999999996,-42.379245283018875,False,False,0.05
SSP5-8.5,2050,Shallow,Ganges_Floodplain,NO3-,1.0,0.21000000000000005,0.10500000000000001,1.315,31.499999999999993,False,False,50.0
SSP5-8.5,2050,Shallow,GBM_Delta,As,12.426,7.27716,2.6094600000000003,22.312620000000003,79.56397875422503,True,True,10.0
SSP5-8.5,2050,Shallow,GBM_Delta,Mn2+,0.21023,-0.072498,0.035318640000000005,0.17305064,-17.685087761023638,False,False,0.4
SSP5-8.5,2050,Shallow,GBM_Delta,Fe2+,2.97427,0.9754379999999997,0.37475802,4.32446602,45.39587932501084,True,True,0.3
SSP5-8.5,2050,Shallow,GBM_Delta,Cr3+,0.007,0.0024539999999999996,0.00044100000000000004,0.009895000000000001,41.35714285714287,False,False,0.05
SSP5-8.5,2050,Shallow,GBM_Delta,NO3-,1.7,0.24000000000000007,0.17850000000000002,2.1185,24.617647058823536,False,False,50.0
SSP5-8.5,2050,Shallow,Meghna_Floodplain,As,22.421,-4.3758,4.708410000000001,22.753610000000002,1.483475313322343,True,True,10.0
SSP5-8.5,2050,Shallow,Meghna_Floodplain,Mn2+,0.56043,0.035321999999999985,0.09415224,0.68990424,23.102660457148968,True,True,0.4
SSP5-8.5,2050,Shallow,Meghna_Floodplain,Fe2+,5.14651,-0.6031920000000002,0.64846026,5.19177826,0.879591412432897,True,True,0.3
SSP5-8.5,2050,Shallow,Meghna_Floodplain,Cr3+,0.0097,-0.003072,0.0006111,0.0072391,-25.37010309278351,False,False,0.05
SSP5-8.5,2050,Shallow,Meghna_Floodplain,NO3-,2.0,0.17999999999999988,0.21000000000000002,2.3899999999999997,19.499999999999986,False,False,50.0
SSP5-8.5,2050,Intermediate,Barind_Tract,As,0.9025,1.857336,0.189525,2.949361,226.79900277008315,False,False,10.0
SSP5-8.5,2050,Intermediate,Barind_Tract,Mn2+,0.61833,-0.3127980000000001,0.10387944000000002,0.40941143999999996,-33.787550337198596,True,True,0.4
SSP5-8.5,2050,Intermediate,Barind_Tract,Fe2+,2.69995,-0.04074599999999995,0.3401937,2.9993977,11.090860941869293,True,True,0.3
SSP5-8.5,2050,Intermediate,Barind_Tract,Cr3+,0.0103,-0.00558,0.0006489,0.0053689,-47.8747572815534,False,False,0.05
SSP5-8.5,2050,Intermediate,Barind_Tract,NO3-,1.0,0.06000000000000005,0.10500000000000001,1.165,16.500000000000004,False,False,50.0
SSP5-8.5,2050,Intermediate,Northern_Terrace,As,1.8745,1.6564739999999996,0.393645,3.924619,109.36884502534005,False,False,10.0
SSP5-8.5,2050,Intermediate,Northern_Terrace,Mn2+,0.2884,-0.12531,0.0484512,0.21154119999999998,-26.6500693481276,False,False,0.4
SSP5-8.5,2050,Intermediate,Northern_Terrace,Fe2+,7.90227,-2.179362,0.99568602,6.71859402,-14.978936179097898,True,True,0.3
SSP5-8.5,2050,Intermediate,Northern_Terrace,Cr3+,0.0032,-0.0007050000000000001,0.00020160000000000002,0.0026966,-15.731250000000005,False,False,0.05
SSP5-8.5,2050,Intermediate,Northern_Terrace,NO3-,1.6,-0.21000000000000005,0.16800000000000004,1.5580000000000003,-2.6249999999999885,False,False,50.0
SSP5-8.5,2050,Intermediate,Brahmaputra_Floodplain,As,1.0627499999999999,2.83257,0.2231775,4.1184975,287.53211009174316,False,False,10.0
SSP5-8.5,2050,Intermediate,Brahmaputra_Floodplain,Mn2+,0.328785,-0.15455100000000002,0.05523588000000001,0.22946988,-30.206706510333504,False,False,0.4
SSP5-8.5,2050,Intermediate,Brahmaputra_Floodplain,Fe2+,3.790615,0.20610300000000023,0.47761749,4.47433549,18.037191590282838,True,True,0.3
SSP5-8.5,2050,Intermediate,Brahmaputra_Floodplain,Cr3+,0.00515,-0.00249,0.00032445,0.00298445,-42.0495145631068,False,False,0.05
SSP5-8.5,2050,Intermediate,Brahmaputra_Floodplain,NO3-,2.1,-0.24000000000000007,0.22050000000000003,2.0805000000000002,-0.9285714285714215,False,False,50.0
SSP5-8.5,2050,Intermediate,Ganges_Floodplain,As,4.4356,5.874749999999999,0.9314760000000001,11.241826,153.4454414284426,False,True,10.0
SSP5-8.5,2050,Intermediate,Ganges_Floodplain,Mn2+,0.78158,-0.13762800000000003,0.13130544000000002,0.7752574400000001,-0.8089459812175308,True,True,0.4
SSP5-8.5,2050,Intermediate,Ganges_Floodplain,Fe2+,3.90689,-0.820488,0.49226814,3.5786701400000003,-8.401051987642342,True,True,0.3
SSP5-8.5,2050,Intermediate,Ganges_Floodplain,Cr3+,0.0086,-0.00456,0.0005417999999999999,0.0045818000000000005,-46.723255813953486,False,False,0.05
SSP5-8.5,2050,Intermediate,Ganges_Floodplain,NO3-,1.1,0.15,0.11550000000000002,1.3655,24.13636363636362,False,False,50.0
SSP5-8.5,2050,Intermediate,GBM_Delta,As,12.187750000000001,0.6452099999999991,2.5594275000000004,15.3923875,26.293922175955352,True,True,10.0
SSP5-8.5,2050,Intermediate,GBM_Delta,Mn2+,0.289755,-0.12387300000000001,0.04867884,0.21456083999999997,-25.95094476367967,False,False,0.4
SSP5-8.5,2050,Intermediate,GBM_Delta,Fe2+,4.28583,0.22429799999999994,0.54001458,5.05014258,17.833478696075215,True,True,0.3
SSP5-8.5,2050,Intermediate,GBM_Delta,Cr3+,0.01125,-0.0012299999999999998,0.00070875,0.010728749999999999,-4.633333333333342,False,False,0.05
SSP5-8.5,2050,Intermediate,GBM_Delta,NO3-,2.8,-0.11999999999999983,0.294,2.974,6.214285714285729,False,False,50.0
SSP5-8.5,2050,Intermediate,Meghna_Floodplain,As,7.7431,19.02579,1.6260510000000001,28.394941,266.7128281954256,False,True,10.0
SSP5-8.5,2050,Intermediate,Meghna_Floodplain,Mn2+,0.26086,0.27329400000000004,0.04382448,0.5779784800000001,121.56654143985284,False,True,0.4
SSP5-8.5,2050,Intermediate,Meghna_Floodplain,Fe2+,2.02999,0.20202,0.25577874,2.48778874,22.551773161444135,True,True,0.3
SSP5-8.5,2050,Intermediate,Meghna_Floodplain,Cr3+,0.0193,-0.01098,0.0012159,0.009535900000000002,-50.59119170984455,False,False,0.05
SSP5-8.5,2050,Intermediate,Meghna_Floodplain,NO3-,1.6,0.26999999999999985,0.16800000000000004,2.038,27.374999999999982,False,False,50.0
SSP5-8.5,2050,Intermediate,Eastern_Hills,As,0.35475,-0.017427000000000026,0.07449750000000001,0.4118205,16.087526427061302,False,False,10.0
SSP5-8.5,2050,Intermediate,Eastern_Hills,Mn2+,0.25305,-0.10458,0.042512400000000006,0.1909824,-24.527800829875517,False,False,0.4
SSP5-8.5,2050,Intermediate,Eastern_Hills,Fe2+,3.8976300000000004,-1.1722050000000002,0.49110138000000003,3.2165263800000004,-17.474814695083936,True,True,0.3
SSP5-8.5,2050,Intermediate,Eastern_Hills,Cr3+,0.0049499999999999995,-0.0023699999999999997,0.00031184999999999996,0.0028918499999999996,-41.57878787878788,False,False,0.05
SSP5-8.5,2050,Intermediate,Eastern_Hills,NO3-,1.4,0.1200000000000001,0.147,1.667,19.07142857142858,False,False,50.0
SSP5-8.5,2050,Medium_Deep,Northern_Terrace,As,4.0949,2.939502,0.859929,7.894331,92.78446360106474,False,False,10.0
SSP5-8.5,2050,Medium_Deep,Northern_Terrace,Mn2+,0.36571,-0.18036599999999997,0.06143928,0.24678328,-32.51940608679008,False,False,0.4
SSP5-8.5,2050,Medium_Deep,Northern_Terrace,Fe2+,4.83835,-0.04701000000000022,0.6096321,5.4009721,11.628387776824734,True,True,0.3
SSP5-8.5,2050,Medium_Deep,Northern_Terrace,Cr3+,0.0041,-0.00186,0.00025830000000000004,0.0024983,-39.06585365853659,False,False,0.05
SSP5-8.5,2050,Medium_Deep,Northern_Terrace,NO3-,1.3,0.11999999999999998,0.1365,1.5565,19.730769230769226,False,False,50.0
SSP5-8.5,2050,Medium_Deep,Brahmaputra_Floodplain,As,0.4419,1.4114730000000002,0.09279900000000002,1.9461720000000002,340.41004752206385,False,False,10.0
SSP5-8.5,2050,Medium_Deep,Brahmaputra_Floodplain,Mn2+,0.24042999999999998,-0.10744799999999997,0.040392239999999996,0.17337423999999999,-27.889930541113838,False,False,0.4
SSP5-8.5,2050,Medium_Deep,Brahmaputra_Floodplain,Fe2+,3.21312,0.01312799999999994,0.40485312,3.63110112,13.008574843143109,True,True,0.3
SSP5-8.5,2050,Medium_Deep,Brahmaputra_Floodplain,Cr3+,0.0025,-0.0009000000000000001,0.00015749999999999998,0.0017575,-29.700000000000003,False,False,0.05
SSP5-8.5,2050,Medium_Deep,Brahmaputra_Floodplain,NO3-,2.4,-0.4199999999999998,0.252,2.232,-6.9999999999999885,False,False,50.0
SSP5-8.5,2050,Medium_Deep,Ganges_Floodplain,As,2.9532,3.784272,0.620172,7.3576440000000005,149.1414059325478,False,False,10.0
SSP5-8.5,2050,Medium_Deep,Ganges_Floodplain,Mn2+,0.62914,-0.05066400000000004,0.10569552000000002,0.68417152,8.74710239374384,True,True,0.4
SSP5-8.5,2050,Medium_Deep,Ganges_Floodplain,Fe2+,2.81262,-0.4288259999999998,0.35439012000000003,2.73818412,-2.646496149497614,True,True,0.3
SSP5-8.5,2050,Medium_Deep,Ganges_Floodplain,Cr3+,0.007,-0.0036000000000000003,0.00044100000000000004,0.003841,-45.12857142857143,False,False,0.05
SSP5-8.5,2050,Medium_Deep,Ganges_Floodplain,NO3-,1.1,0.059999999999999915,0.11550000000000002,1.2754999999999999,15.954545454545432,False,False,50.0
SSP5-8.5,2050,Medium_Deep,GBM_Delta,As,3.42075,2.9381670000000004,0.7183575000000001,7.0772745,106.89247971935978,False,False,10.0
SSP5-8.5,2050,Medium_Deep,GBM_Delta,Mn2+,0.25886,-0.10305599999999998,0.04348848,0.19929248,-23.011481109480023,False,False,0.4
SSP5-8.5,2050,Medium_Deep,GBM_Delta,Fe2+,2.659815,0.6452159999999999,0.33513669,3.64016769,36.85792771301764,True,True,0.3
SSP5-8.5,2050,Medium_Deep,GBM_Delta,Cr3+,0.0135,-0.0018000000000000006,0.0008505,0.0125505,-7.0333333333333385,False,False,0.05
SSP5-8.5,2050,Medium_Deep,GBM_Delta,NO3-,2.1500000000000004,-0.2100000000000002,0.22575000000000006,2.16575,0.73255813953487,False,False,50.0
SSP5-8.5,2050,Medium_Deep,Meghna_Floodplain,As,2.7743,3.107133,0.5826030000000001,6.464036,132.9970082543344,False,False,10.0
SSP5-8.5,2050,Medium_Deep,Meghna_Floodplain,Mn2+,0.29354,0.15969599999999995,0.049314720000000006,0.50255072,71.20348845131838,False,True,0.4
SSP5-8.5,2050,Medium_Deep,Meghna_Floodplain,Fe2+,3.8668250000000004,-0.23409600000000044,0.48721995,4.1199489499999995,6.546041002631334,True,True,0.3
SSP5-8.5,2050,Medium_Deep,Meghna_Floodplain,Cr3+,0.024,-0.012719999999999999,0.0015119999999999999,0.012792000000000001,-46.699999999999996,False,False,0.05
SSP5-8.5,2050,Medium_Deep,Meghna_Floodplain,NO3-,1.7,-0.08999999999999994,0.17850000000000002,1.7885000000000002,5.205882352941191,False,False,50.0
SSP5-8.5,2050,Medium_Deep,Eastern_Hills,As,0.09455,1.3226460000000002,0.0198555,1.4370515000000001,1419.8852459016398,False,False,10.0
SSP5-8.5,2050,Medium_Deep,Eastern_Hills,Mn2+,0.1451,-0.034350000000000006,0.0243768,0.1351268,-6.873328738800838,False,False,0.4
SSP5-8.5,2050,Medium_Deep,Eastern_Hills,Fe2+,3.567005,-0.8623860000000001,0.44944263,3.15406163,-11.576753326670408,True,True,0.3
SSP5-8.5,2050,Medium_Deep,Eastern_Hills,Cr3+,0.0068000000000000005,-0.0018540000000000004,0.0004284,0.0053744,-20.964705882352952,False,False,0.05
SSP5-8.5,2050,Medium_Deep,Eastern_Hills,NO3-,1.2,0.15,0.126,1.476,23.000000000000004,False,False,50.0
SSP5-8.5,2050,Deep,Northern_Terrace,As,1.7324,1.270374,0.363804,3.3665779999999996,94.33029323481873,False,False,10.0
SSP5-8.5,2050,Deep,Northern_Terrace,Mn2+,0.23079,-0.09755400000000002,0.03877272,0.17200871999999995,-25.46959573638375,False,False,0.4
SSP5-8.5,2050,Deep,Northern_Terrace,Fe2+,2.81453,0.029610000000000004,0.35463078,3.19877078,13.652040660429975,True,True,0.3
SSP5-8.5,2050,Deep,Northern_Terrace,Cr3+,0.0041,-0.00186,0.00025830000000000004,0.0024983,-39.06585365853659,False,False,0.05
SSP5-8.5,2050,Deep,Northern_Terrace,NO3-,1.2,-0.059999999999999915,0.126,1.266,5.500000000000005,False,False,50.0
SSP5-8.5,2050,Deep,Brahmaputra_Floodplain,As,0.2965,1.6061159999999999,0.062265,1.9648809999999999,562.6917369308601,False,False,10.0
SSP5-8.5,2050,Deep,Brahmaputra_Floodplain,Mn2+,0.22946,-0.082236,0.03854928,0.18577327999999999,-19.038926174496652,False,False,0.4
SSP5-8.5,2050,Deep,Brahmaputra_Floodplain,Fe2+,1.32796,0.16069199999999997,0.16732296000000002,1.65597496,24.700665682701285,True,True,0.3
SSP5-8.5,2050,Deep,Brahmaputra_Floodplain,Cr3+,0.0032,-0.00132,0.00020160000000000002,0.0020816000000000003,-34.94999999999999,False,False,0.05
SSP5-8.5,2050,Deep,Brahmaputra_Floodplain,NO3-,1.8,-0.3,0.18900000000000003,1.689,-6.166666666666666,False,False,50.0
SSP5-8.5,2050,Deep,Ganges_Floodplain,As,10.1645,0.48519000000000007,2.134545,12.784234999999999,25.773377933002102,True,True,10.0
SSP5-8.5,2050,Deep,Ganges_Floodplain,Mn2+,0.2566,0.02688,0.0431088,0.3265888,27.275448168355425,False,False,0.4
SSP5-8.5,2050,Deep,Ganges_Floodplain,Fe2+,2.67919,0.375717,0.3375779400000001,3.39248494,26.623529499587555,True,True,0.3
SSP5-8.5,2050,Deep,Ganges_Floodplain,Cr3+,0.00615,-0.0030900000000000003,0.00038745,0.00344745,-43.94390243902439,False,False,0.05
SSP5-8.5,2050,Deep,Ganges_Floodplain,NO3-,1.3,0.18000000000000005,0.1365,1.6165,24.346153846153847,False,False,50.0
SSP5-8.5,2050,Deep,GBM_Delta,As,3.48725,0.8603129999999999,0.7323225000000001,5.0798855000000005,45.67024159437954,False,False,10.0
SSP5-8.5,2050,Deep,GBM_Delta,Mn2+,0.213225,-0.096555,0.0358218,0.1524918,-28.483151600422087,False,False,0.4
SSP5-8.5,2050,Deep,GBM_Delta,Fe2+,1.54091,0.6067619999999999,0.19415466,2.34182666,51.97686172456536,True,True,0.3
SSP5-8.5,2050,Deep,GBM_Delta,Cr3+,0.00865,-0.0004889999999999999,0.00054495,0.00870595,0.6468208092485641,False,False,0.05
SSP5-8.5,2050,Deep,GBM_Delta,NO3-,2.2,-0.3030000000000002,0.23100000000000004,2.128,-3.272727272727275,False,False,50.0
SSP5-8.5,2050,Deep,Meghna_Floodplain,As,2.3027,2.7770999999999995,0.4835670000000001,5.5633669999999995,141.60190211490854,False,False,10.0
SSP5-8.5,2050,Deep,Meghna_Floodplain,Mn2+,0.27829,-0.111534,0.046752720000000005,0.21350871999999999,-23.27833554924719,False,False,0.4
SSP5-8.5,2050,Deep,Meghna_Floodplain,Fe2+,3.66245,-0.2557320000000002,0.4614687,3.8681867000000003,5.617460989228524,True,True,0.3
SSP5-8.5,2050,Deep,Meghna_Floodplain,Cr3+,0.0062,-0.0010320000000000001,0.0003906,0.0055585999999999995,-10.345161290322585,False,False,0.05
SSP5-8.5,2050,Deep,Meghna_Floodplain,NO3-,1.2,0.3,0.126,1.626,35.5,False,False,50.0
SSP5-8.5,2050,Deep,Eastern_Hills,As,0.10005,1.4358510000000002,0.0210105,1.5569115000000002,1456.1334332833585,False,False,10.0
SSP5-8.5,2050,Deep,Eastern_Hills,Mn2+,0.26636000000000004,-0.11844600000000002,0.04474848000000001,0.19266248000000002,-27.66838864694399,False,False,0.4
SSP5-8.5,2050,Deep,Eastern_Hills,Fe2+,5.62028,-2.5527929999999994,0.7081552799999999,3.7756422800000005,-32.821100016369286,True,True,0.3
SSP5-8.5,2050,Deep,Eastern_Hills,Cr3+,0.0068000000000000005,-0.003084,0.0004284,0.0041444,-39.05294117647059,False,False,0.05
SSP5-8.5,2050,Deep,Eastern_Hills,NO3-,1.6,-0.030000000000000027,0.16800000000000004,1.738,8.624999999999993,False,False,50.0
SSP5-8.5,2060,Shallow,Barind_Tract,As,0.7997,0.6257583333333332,0.23191299999999998,1.6573713333333333,107.2491350923263,False,False,10.0
SSP5-8.5,2060,Shallow,Barind_Tract,Mn2+,0.73547,-0.09676666666666657,0.17062903999999998,0.8093323733333334,10.042880516313849,True,True,0.4
SSP5-8.5,2060,Shallow,Barind_Tract,Fe2+,0.85185,0.32876666666666665,0.1482219,1.3288385666666667,55.99443172702549,True,True,0.3
SSP5-8.5,2060,Shallow,Barind_Tract,Cr3+,0.0106,0.003941666666666666,0.0009221999999999999,0.015463866666666666,45.88553459119496,False,False,0.05
SSP5-8.5,2060,Shallow,Barind_Tract,NO3-,1.1,0.16666666666666663,0.1595,1.4261666666666666,29.651515151515135,False,False,50.0
SSP5-8.5,2060,Shallow,Northern_Terrace,As,1.14405,1.7190833333333333,0.3317745,3.194907833333333,179.26295470769048,False,False,10.0
SSP5-8.5,2060,Shallow,Northern_Terrace,Mn2+,0.55535,-0.4122916666666667,0.1288412,0.2718995333333333,-51.03996878845174,True,False,0.4
SSP5-8.5,2060,Shallow,Northern_Terrace,Fe2+,4.36683,0.29430833333333295,0.7598284200000001,5.420966753333333,24.13963340302538,True,True,0.3
SSP5-8.5,2060,Shallow,Northern_Terrace,Cr3+,0.0030499999999999998,-0.0006416666666666666,0.00026534999999999997,0.002673683333333333,-12.338251366120216,False,False,0.05
SSP5-8.5,2060,Shallow,Northern_Terrace,NO3-,2.05,-0.45833333333333315,0.29724999999999996,1.8889166666666668,-7.857723577235758,False,False,50.0
SSP5-8.5,2060,Shallow,Brahmaputra_Floodplain,As,0.7136,4.7367333333333335,0.20694400000000002,5.657277333333333,692.7798953662182,False,False,10.0
SSP5-8.5,2060,Shallow,Brahmaputra_Floodplain,Mn2+,0.36365,-0.25254166666666666,0.08436679999999999,0.1954751333333333,-46.24635409505478,False,False,0.4
SSP5-8.5,2060,Shallow,Brahmaputra_Floodplain,Fe2+,2.66452,0.4462833333333334,0.46362647999999995,3.5744298133333334,34.14910803196574,True,True,0.3
SSP5-8.5,2060,Shallow,Brahmaputra_Floodplain,Cr3+,0.0041,0.0006583333333333333,0.0003567,0.005115033333333333,24.75691056910567,False,False,0.05
SSP5-8.5,2060,Shallow,Brahmaputra_Floodplain,NO3-,1.8,0.25000000000000006,0.261,2.3110000000000004,28.388888888888907,False,False,50.0
SSP5-8.5,2060,Shallow,Ganges_Floodplain,As,5.5763,6.977333333333334,1.6171269999999998,14.170760333333334,154.12478405633368,False,True,10.0
SSP5-8.5,2060,Shallow,Ganges_Floodplain,Mn2+,0.48376,0.060158333333333265,0.11223232,0.6561506533333332,35.635574113885646,True,True,0.4
SSP5-8.5,2060,Shallow,Ganges_Floodplain,Fe2+,2.83742,-0.022520833333333396,0.49371107999999997,3.3086102466666665,16.60629186608492,True,True,0.3
SSP5-8.5,2060,Shallow,Ganges_Floodplain,Cr3+,0.0053,-0.0035833333333333333,0.00046109999999999993,0.0021777666666666666,-58.91006289308176,False,False,0.05
SSP5-8.5,2060,Shallow,Ganges_Floodplain,NO3-,1.0,0.29166666666666674,0.145,1.4366666666666668,43.66666666666668,False,False,50.0
SSP5-8.5,2060,Shallow,GBM_Delta,As,12.426,10.107166666666668,3.60354,26.136706666666665,110.33885938086804,True,True,10.0
SSP5-8.5,2060,Shallow,GBM_Delta,Mn2+,0.21023,-0.10069166666666668,0.04877336,0.15831169333333334,-24.695955223643946,False,False,0.4
SSP5-8.5,2060,Shallow,GBM_Delta,Fe2+,2.97427,1.3547749999999996,0.51752298,4.84656798,62.94983239584837,True,True,0.3
SSP5-8.5,2060,Shallow,GBM_Delta,Cr3+,0.007,0.0034083333333333327,0.0006090000000000001,0.011017333333333332,57.39047619047617,False,False,0.05
SSP5-8.5,2060,Shallow,GBM_Delta,NO3-,1.7,0.3333333333333334,0.2465,2.2798333333333334,34.1078431372549,False,False,50.0
SSP5-8.5,2060,Shallow,Meghna_Floodplain,As,22.421,-6.0775,6.502090000000001,22.84559,1.8937157129476923,True,True,10.0
SSP5-8.5,2060,Shallow,Meghna_Floodplain,Mn2+,0.56043,0.04905833333333331,0.13001975999999998,0.7395080933333333,31.953695079373578,True,True,0.4
SSP5-8.5,2060,Shallow,Meghna_Floodplain,Fe2+,5.14651,-0.8377666666666669,0.8954927399999999,5.204236073333333,1.1216547394901186,True,True,0.3
SSP5-8.5,2060,Shallow,Meghna_Floodplain,Cr3+,0.0097,-0.004266666666666667,0.0008438999999999999,0.006277233333333333,-35.28625429553265,False,False,0.05
SSP5-8.5,2060,Shallow,Meghna_Floodplain,NO3-,2.0,0.24999999999999983,0.29,2.54,27.0,False,False,50.0
SSP5-8.5,2060,Intermediate,Barind_Tract,As,0.9025,2.5796333333333332,0.261725,3.743858333333333,314.83194829178206,False,False,10.0
SSP5-8.5,2060,Intermediate,Barind_Tract,Mn2+,0.61833,-0.4344416666666667,0.14345256,0.3273408933333333,-47.06048657944248,True,False,0.4
SSP5-8.5,2060,Intermediate,Barind_Tract,Fe2+,2.69995,-0.056591666666666596,0.4697912999999999,3.1131496333333333,15.303973530374023,True,True,0.3
SSP5-8.5,2060,Intermediate,Barind_Tract,Cr3+,0.0103,-0.00775,0.0008960999999999999,0.0034461,-66.54271844660194,False,False,0.05
SSP5-8.5,2060,Intermediate,Barind_Tract,NO3-,1.0,0.0833333333333334,0.145,1.2283333333333335,22.83333333333335,False,False,50.0
SSP5-8.5,2060,Intermediate,Northern_Terrace,As,1.8745,2.300658333333333,0.543605,4.718763333333333,151.734506979639,False,False,10.0
SSP5-8.5,2060,Intermediate,Northern_Terrace,Mn2+,0.2884,-0.17404166666666665,0.06690879999999999,0.18126713333333333,-37.14731853906611,False,False,0.4
SSP5-8.5,2060,Intermediate,Northern_Terrace,Fe2+,7.90227,-3.0268916666666668,1.3749949799999999,6.250373313333332,-20.90407802652488,True,True,0.3
SSP5-8.5,2060,Intermediate,Northern_Terrace,Cr3+,0.0032,-0.0009791666666666668,0.0002784,0.002499233333333333,-21.898958333333344,False,False,0.05
SSP5-8.5,2060,Intermediate,Northern_Terrace,NO3-,1.6,-0.29166666666666674,0.23200000000000004,1.5403333333333333,-3.7291666666666723,False,False,50.0
SSP5-8.5,2060,Intermediate,Brahmaputra_Floodplain,As,1.0627499999999999,3.9341250000000003,0.30819749999999996,5.3050725000000005,399.18348623853217,False,False,10.0
SSP5-8.5,2060,Intermediate,Brahmaputra_Floodplain,Mn2+,0.328785,-0.21465416666666667,0.07627812,0.19040895333333333,-42.0870923754632,False,False,0.4
SSP5-8.5,2060,Intermediate,Brahmaputra_Floodplain,Fe2+,3.790615,0.286254166666667,0.6595670099999998,4.7364361766666665,24.95165498650395,True,True,0.3
SSP5-8.5,2060,Intermediate,Brahmaputra_Floodplain,Cr3+,0.00515,-0.0034583333333333332,0.00044804999999999997,0.002139716666666667,-58.45210355987054,False,False,0.05
SSP5-8.5,2060,Intermediate,Brahmaputra_Floodplain,NO3-,2.1,-0.3333333333333334,0.3045,2.0711666666666666,-1.3730158730158804,False,False,50.0
SSP5-8.5,2060,Intermediate,Ganges_Floodplain,As,4.4356,8.159374999999997,1.286324,13.881298999999999,212.952001983948,False,True,10.0
SSP5-8.5,2060,Intermediate,Ganges_Floodplain,Mn2+,0.78158,-0.19115000000000001,0.18132656000000003,0.77175656,-1.2568694183576878,True,True,0.4
SSP5-8.5,2060,Intermediate,Ganges_Floodplain,Fe2+,3.90689,-1.1395666666666666,0.67979886,3.4471221933333336,-11.768127760614364,True,True,0.3
SSP5-8.5,2060,Intermediate,Ganges_Floodplain,Cr3+,0.0086,-0.006333333333333333,0.0007482,0.003014866666666667,-64.94341085271319,False,False,0.05
SSP5-8.5,2060,Intermediate,Ganges_Floodplain,NO3-,1.1,0.20833333333333334,0.1595,1.4678333333333333,33.43939393939393,False,False,50.0
SSP5-8.5,2060,Intermediate,GBM_Delta,As,12.187750000000001,0.8961249999999986,3.5344475,16.618322499999998,36.352669688826865,True,True,10.0
SSP5-8.5,2060,Intermediate,GBM_Delta,Mn2+,0.289755,-0.17204583333333334,0.06722316,0.18493232666666665,-36.17631217177731,False,False,0.4
SSP5-8.5,2060,Intermediate,GBM_Delta,Fe2+,4.28583,0.3115249999999999,0.7457344199999999,5.343089419999999,24.66872041121555,True,True,0.3
SSP5-8.5,2060,Intermediate,GBM_Delta,Cr3+,0.01125,-0.001708333333333333,0.0009787499999999998,0.010520416666666667,-6.485185185185174,False,False,0.05
SSP5-8.5,2060,Intermediate,GBM_Delta,NO3-,2.8,-0.16666666666666644,0.40599999999999997,3.0393333333333334,8.547619047619058,False,False,50.0
SSP5-8.5,2060,Intermediate,Meghna_Floodplain,As,7.7431,26.424708333333335,2.245499,36.413307333333336,370.2678169380912,False,True,10.0
SSP5-8.5,2060,Intermediate,Meghna_Floodplain,Mn2+,0.26086,0.37957500000000005,0.06051952,0.7009545200000001,168.70908533312897,False,True,0.4
SSP5-8.5,2060,Intermediate,Meghna_Floodplain,Fe2+,2.02999,0.28058333333333335,0.35321826,2.6637915933333334,31.221907168672413,True,True,0.3
SSP5-8.5,2060,Intermediate,Meghna_Floodplain,Cr3+,0.0193,-0.01525,0.0016791,0.005729100000000002,-70.31554404145078,False,False,0.05
SSP5-8.5,2060,Intermediate,Meghna_Floodplain,NO3-,1.6,0.3749999999999998,0.23200000000000004,2.207,37.937499999999986,False,False,50.0
SSP5-8.5,2060,Intermediate,Eastern_Hills,As,0.35475,-0.0242041666666667,0.1028775,0.4334233333333333,22.177120037585148,False,False,10.0
SSP5-8.5,2060,Intermediate,Eastern_Hills,Mn2+,0.25305,-0.14525,0.058707600000000006,0.1665076,-34.19972337482711,False,False,0.4
SSP5-8.5,2060,Intermediate,Eastern_Hills,Fe2+,3.8976300000000004,-1.6280625000000004,0.67818762,2.94775512,-24.370575965394362,True,True,0.3
SSP5-8.5,2060,Intermediate,Eastern_Hills,Cr3+,0.0049499999999999995,-0.0032916666666666663,0.0004306499999999999,0.002088983333333333,-57.798316498316495,False,False,0.05
SSP5-8.5,2060,Intermediate,Eastern_Hills,NO3-,1.4,0.1666666666666668,0.20299999999999999,1.7696666666666667,26.404761904761916,False,False,50.0
SSP5-8.5,2060,Medium_Deep,Northern_Terrace,As,4.0949,4.082641666666667,1.187521,9.365062666666667,128.7006438903677,False,False,10.0
SSP5-8.5,2060,Medium_Deep,Northern_Terrace,Mn2+,0.36571,-0.25050833333333333,0.08484472,0.20004638666666663,-45.29917512054178,False,False,0.4
SSP5-8.5,2060,Medium_Deep,Northern_Terrace,Fe2+,4.83835,-0.06529166666666697,0.8418728999999999,5.614931233333333,16.050538578923256,True,True,0.3
SSP5-8.5,2060,Medium_Deep,Northern_Terrace,Cr3+,0.0041,-0.0025833333333333337,0.0003567,0.0018733666666666665,-54.30813008130081,False,False,0.05
SSP5-8.5,2060,Medium_Deep,Northern_Terrace,NO3-,1.3,0.16666666666666663,0.1885,1.6551666666666667,27.320512820512814,False,False,50.0
SSP5-8.5,2060,Medium_Deep,Brahmaputra_Floodplain,As,0.4419,1.9603791666666668,0.12815100000000001,2.5304301666666666,472.6250660028664,False,False,10.0
SSP5-8.5,2060,Medium_Deep,Brahmaputra_Floodplain,Mn2+,0.24042999999999998,-0.1492333333333333,0.05577976,0.14697642666666666,-38.869347973769216,False,False,0.4
SSP5-8.5,2060,Medium_Deep,Brahmaputra_Floodplain,Fe2+,3.21312,0.01823333333333325,0.55908288,3.7904362133333334,17.967465059920993,True,True,0.3
SSP5-8.5,2060,Medium_Deep,Brahmaputra_Floodplain,Cr3+,0.0025,-0.00125,0.00021749999999999997,0.0014675,-41.3,False,False,0.05
SSP5-8.5,2060,Medium_Deep,Brahmaputra_Floodplain,NO3-,2.4,-0.5833333333333331,0.348,2.1646666666666667,-9.80555555555555,False,False,50.0
SSP5-8.5,2060,Medium_Deep,Ganges_Floodplain,As,2.9532,5.255933333333333,0.8564279999999999,9.065561333333333,206.9741749063163,False,False,10.0
SSP5-8.5,2060,Medium_Deep,Ganges_Floodplain,Mn2+,0.62914,-0.07036666666666672,0.14596048,0.7047338133333334,12.015419991310896,True,True,0.4
SSP5-8.5,2060,Medium_Deep,Ganges_Floodplain,Fe2+,2.81262,-0.5955916666666664,0.48939587999999995,2.7064242133333334,-3.775689096524469,True,True,0.3
SSP5-8.5,2060,Medium_Deep,Ganges_Floodplain,Cr3+,0.007,-0.005,0.0006090000000000001,0.002609,-62.72857142857142,False,False,0.05
SSP5-8.5,2060,Medium_Deep,Ganges_Floodplain,NO3-,1.1,0.08333333333333322,0.1595,1.3428333333333333,22.075757575757564,False,False,50.0
SSP5-8.5,2060,Medium_Deep,GBM_Delta,As,3.42075,4.0807875000000005,0.9920175,8.493555,148.29511072133306,False,False,10.0
SSP5-8.5,2060,Medium_Deep,GBM_Delta,Mn2+,0.25886,-0.1431333333333333,0.060055519999999994,0.17578218666666667,-32.0937237631667,False,False,0.4
SSP5-8.5,2060,Medium_Deep,GBM_Delta,Fe2+,2.659815,0.8961333333333331,0.46280781,4.018756143333333,51.091566268080044,True,True,0.3
SSP5-8.5,2060,Medium_Deep,GBM_Delta,Cr3+,0.0135,-0.002500000000000001,0.0011745,0.0121745,-9.818518518518522,False,False,0.05
SSP5-8.5,2060,Medium_Deep,GBM_Delta,NO3-,2.1500000000000004,-0.29166666666666696,0.3117500000000001,2.1700833333333334,0.9341085271317677,False,False,50.0
SSP5-8.5,2060,Medium_Deep,Meghna_Floodplain,As,2.7743,4.315462500000001,0.804547,7.894309500000001,184.5514003532423,False,False,10.0
SSP5-8.5,2060,Medium_Deep,Meghna_Floodplain,Mn2+,0.29354,0.22179999999999994,0.06810128,0.58344128,98.76040062683107,False,True,0.4
SSP5-8.5,2060,Medium_Deep,Meghna_Floodplain,Fe2+,3.8668250000000004,-0.32513333333333394,0.67282755,4.214519216666666,8.991723614765748,True,True,0.3
SSP5-8.5,2060,Medium_Deep,Meghna_Floodplain,Cr3+,0.024,-0.017666666666666667,0.0020879999999999996,0.008421333333333333,-64.91111111111113,False,False,0.05
SSP5-8.5,2060,Medium_Deep,Meghna_Floodplain,NO3-,1.7,-0.12499999999999992,0.2465,1.8215,7.1470588235294095,False,False,50.0
SSP5-8.5,2060,Medium_Deep,Eastern_Hills,As,0.09455,1.8370083333333336,0.0274195,1.9589778333333334,1971.8961748633883,False,False,10.0
SSP5-8.5,2060,Medium_Deep,Eastern_Hills,Mn2+,0.1451,-0.047708333333333346,0.0336632,0.13105486666666666,-9.679623248334492,False,False,0.4
SSP5-8.5,2060,Medium_Deep,Eastern_Hills,Fe2+,3.567005,-1.1977583333333335,0.62065887,2.989905536666666,-16.178824064820034,True,True,0.3
SSP5-8.5,2060,Medium_Deep,Eastern_Hills,Cr3+,0.0068000000000000005,-0.0025750000000000005,0.0005916,0.0048166,-29.167647058823537,False,False,0.05
SSP5-8.5,2060,Medium_Deep,Eastern_Hills,NO3-,1.2,0.20833333333333334,0.174,1.5823333333333331,31.8611111111111,False,False,50.0
SSP5-8.5,2060,Deep,Northern_Terrace,As,1.7324,1.7644083333333331,0.502396,3.999204333333333,130.8476294928038,False,False,10.0
SSP5-8.5,2060,Deep,Northern_Terrace,Mn2+,0.23079,-0.13549166666666668,0.05354328,0.14884161333333332,-35.50777185608852,False,False,0.4
SSP5-8.5,2060,Deep,Northern_Terrace,Fe2+,2.81453,0.041125,0.48972821999999994,3.34538322,18.861167583930534,True,True,0.3
SSP5-8.5,2060,Deep,Northern_Terrace,Cr3+,0.0041,-0.0025833333333333337,0.0003567,0.0018733666666666665,-54.30813008130081,False,False,0.05
SSP5-8.5,2060,Deep,Northern_Terrace,NO3-,1.2,-0.08333333333333322,0.174,1.2906666666666666,7.555555555555557,False,False,50.0
SSP5-8.5,2060,Deep,Brahmaputra_Floodplain,As,0.2965,2.2307166666666665,0.08598499999999999,2.6132016666666664,781.3496346261944,False,False,10.0
SSP5-8.5,2060,Deep,Brahmaputra_Floodplain,Mn2+,0.22946,-0.11421666666666667,0.05323472,0.16847805333333332,-26.576286353467566,False,False,0.4
SSP5-8.5,2060,Deep,Brahmaputra_Floodplain,Fe2+,1.32796,0.22318333333333332,0.23106504,1.7822083733333334,34.2064801148629,True,True,0.3
SSP5-8.5,2060,Deep,Brahmaputra_Floodplain,Cr3+,0.0032,-0.0018333333333333333,0.0002784,0.001645066666666667,-48.59166666666666,False,False,0.05
SSP5-8.5,2060,Deep,Brahmaputra_Floodplain,NO3-,1.8,-0.4166666666666667,0.261,1.6443333333333334,-8.648148148148145,False,False,50.0
SSP5-8.5,2060,Deep,Ganges_Floodplain,As,10.1645,0.6738750000000001,2.947705,13.786080000000002,35.62969157361407,True,True,10.0
SSP5-8.5,2060,Deep,Ganges_Floodplain,Mn2+,0.2566,0.037333333333333336,0.0595312,0.35346453333333333,37.7492335671603,False,False,0.4
SSP5-8.5,2060,Deep,Ganges_Floodplain,Fe2+,2.67919,0.5218291666666667,0.46617906000000003,3.6671982266666667,36.877124304982715,True,True,0.3
SSP5-8.5,2060,Deep,Ganges_Floodplain,Cr3+,0.00615,-0.004291666666666667,0.0005350499999999999,0.0023933833333333334,-61.08319783197832,False,False,0.05
SSP5-8.5,2060,Deep,Ganges_Floodplain,NO3-,1.3,0.25000000000000006,0.1885,1.7385000000000002,33.73076923076923,False,False,50.0
SSP5-8.5,2060,Deep,GBM_Delta,As,3.48725,1.1948791666666665,1.0113025,5.693431666666666,63.264224436638216,False,False,10.0
SSP5-8.5,2060,Deep,GBM_Delta,Mn2+,0.213225,-0.13410416666666666,0.0494682,0.12858903333333332,-39.69326611169735,False,False,0.4
SSP5-8.5,2060,Deep,GBM_Delta,Fe2+,1.54091,0.842725,0.26811834,2.65175334,72.090085728563,True,True,0.3
SSP5-8.5,2060,Deep,GBM_Delta,Cr3+,0.00865,-0.0006791666666666665,0.0007525499999999998,0.008723383333333333,0.8483622350674328,False,False,0.05
SSP5-8.5,2060,Deep,GBM_Delta,NO3-,2.2,-0.42083333333333367,0.319,2.0981666666666667,-4.628787878787883,False,False,50.0
SSP5-8.5,2060,Deep,Meghna_Floodplain,As,2.3027,3.8570833333333323,0.667783,6.8275663333333325,196.50264182626185,False,False,10.0
SSP5-8.5,2060,Deep,Meghna_Floodplain,Mn2+,0.27829,-0.15490833333333334,0.06456328,0.18794494666666664,-32.46435492950999,False,False,0.4
SSP5-8.5,2060,Deep,Meghna_Floodplain,Fe2+,3.66245,-0.3551833333333336,0.6372663,3.9445329666666664,7.702029151706268,True,True,0.3
SSP5-8.5,2060,Deep,Meghna_Floodplain,Cr3+,0.0062,-0.0014333333333333336,0.0005394,0.005306066666666666,-14.418279569892478,False,False,0.05
SSP5-8.5,2060,Deep,Meghna_Floodplain,NO3-,1.2,0.4166666666666667,0.174,1.7906666666666666,49.22222222222222,False,False,50.0
SSP5-8.5,2060,Deep,Eastern_Hills,As,0.10005,1.9942375,0.0290145,2.1233020000000002,2022.2408795602203,False,False,10.0
SSP5-8.5,2060,Deep,Eastern_Hills,Mn2+,0.26636000000000004,-0.16450833333333337,0.06179552000000001,0.16364718666666667,-38.56165089853332,False,False,0.4
SSP5-8.5,2060,Deep,Eastern_Hills,Fe2+,5.62028,-3.5455458333333327,0.97792872,3.0526628866666674,-45.684861133846226,True,True,0.3
SSP5-8.5,2060,Deep,Eastern_Hills,Cr3+,0.0068000000000000005,-0.0042833333333333334,0.0005916,0.003108266666666667,-54.29019607843137,False,False,0.05
SSP5-8.5,2060,Deep,Eastern_Hills,NO3-,1.6,-0.0416666666666667,0.23200000000000004,1.7903333333333333,11.895833333333329,False,False,50.0
