date,phys_zone,gws_percentile_mean,gws_percentile_std,n_cells
2018-05-28,Barind_Tract,87.9388198852539,8.926495552062988,40
2018-05-28,Northern_Terrace,76.58324432373047,7.6316022872924805,60
2018-05-28,Brahmaputra_Floodplain,75.80062866210938,15.578210830688477,97
2018-05-28,Ganges_Floodplain,95.90602111816406,3.0861871242523193,41
2018-05-28,GBM_Delta,88.8853530883789,14.03933334350586,55
2018-05-28,Meghna_Floodplain,91.98289489746094,8.738314628601074,26
2018-05-28,Eastern_Hills,60.16582107543945,18.81186294555664,75
2018-06-04,Barind_Tract,82.9520263671875,8.86895751953125,40
2018-06-04,Northern_Terrace,68.95039367675781,6.7377777099609375,60
2018-06-04,Brahmaputra_Floodplain,66.01749420166016,17.453338623046875,97
2018-06-04,Ganges_Floodplain,95.0540771484375,2.935126543045044,41
2018-06-04,GBM_Delta,84.97025299072266,14.053780555725098,55
2018-06-04,Meghna_Floodplain,85.05551147460938,10.512332916259766,26
2018-06-04,Eastern_Hills,52.36444854736328,14.630053520202637,75
2018-06-11,Barind_Tract,76.58470153808594,8.427877426147461,40
2018-06-11,Northern_Terrace,56.2570915222168,8.20119571685791,60
2018-06-11,Brahmaputra_Floodplain,49.84812545776367,17.947551727294922,97
2018-06-11,Ganges_Floodplain,90.97356414794922,5.001073837280273,41
2018-06-11,GBM_Delta,80.63253784179688,8.636702537536621,55
2018-06-11,Meghna_Floodplain,74.92520141601562,6.479136943817139,26
2018-06-11,Eastern_Hills,52.691349029541016,10.214726448059082,75
2018-06-18,Barind_Tract,63.078285217285156,9.240798950195312,40
2018-06-18,Northern_Terrace,47.014705657958984,9.17874526977539,60
2018-06-18,Brahmaputra_Floodplain,46.2260856628418,16.994121551513672,97
2018-06-18,Ganges_Floodplain,78.02383422851562,8.389708518981934,41
2018-06-18,GBM_Delta,73.68321228027344,5.691516876220703,55
2018-06-18,Meghna_Floodplain,70.2380142211914,3.8597936630249023,26
2018-06-18,Eastern_Hills,71.0029525756836,9.26392936706543,75
2018-06-25,Barind_Tract,42.9669303894043,12.665913581848145,40
2018-06-25,Northern_Terrace,33.36478042602539,10.945821762084961,60
2018-06-25,Brahmaputra_Floodplain,37.807228088378906,22.69275665283203,97
2018-06-25,Ganges_Floodplain,65.45882415771484,10.265388488769531,41
2018-06-25,GBM_Delta,64.99798583984375,7.82135009765625,55
2018-06-25,Meghna_Floodplain,63.85828399658203,5.3047027587890625,26
2018-06-25,Eastern_Hills,65.46177673339844,13.975804328918457,75
2018-07-02,Barind_Tract,23.287691116333008,12.959901809692383,40
2018-07-02,Northern_Terrace,19.4002742767334,9.095457077026367,60
2018-07-02,Brahmaputra_Floodplain,22.56611442565918,16.79973793029785,97
2018-07-02,Ganges_Floodplain,53.73007583618164,11.919178009033203,41
2018-07-02,GBM_Delta,62.579063415527344,6.191564559936523,55
2018-07-02,Meghna_Floodplain,57.67496109008789,8.640129089355469,26
2018-07-02,Eastern_Hills,59.309165954589844,19.88347816467285,75
2018-07-09,Barind_Tract,20.50699806213379,12.410752296447754,40
2018-07-09,Northern_Terrace,21.85257911682129,13.45236873626709,60
2018-07-09,Brahmaputra_Floodplain,21.052127838134766,16.60503387451172,97
2018-07-09,Ganges_Floodplain,46.99615478515625,11.105927467346191,41
2018-07-09,GBM_Delta,57.870872497558594,7.286579608917236,55
2018-07-09,Meghna_Floodplain,54.33411407470703,9.761580467224121,26
2018-07-09,Eastern_Hills,60.4325065612793,23.650468826293945,75
2018-07-16,Barind_Tract,9.908884048461914,7.537656307220459,40
2018-07-16,Northern_Terrace,9.269775390625,6.087753772735596,60
2018-07-16,Brahmaputra_Floodplain,15.954778671264648,12.911934852600098,97
2018-07-16,Ganges_Floodplain,28.851613998413086,11.332809448242188,41
2018-07-16,GBM_Delta,38.695125579833984,10.218485832214355,55
2018-07-16,Meghna_Floodplain,42.55686569213867,7.682678699493408,26
2018-07-16,Eastern_Hills,48.93062210083008,17.826562881469727,75
2018-07-23,Barind_Tract,5.286919593811035,3.9830758571624756,40
2018-07-23,Northern_Terrace,2.8349802494049072,2.1623713970184326,60
2018-07-23,Brahmaputra_Floodplain,12.519373893737793,10.186578750610352,97
2018-07-23,Ganges_Floodplain,20.42212677001953,9.837079048156738,41
2018-07-23,GBM_Delta,33.879798889160156,7.865197658538818,55
2018-07-23,Meghna_Floodplain,35.53951644897461,8.557979583740234,26
2018-07-23,Eastern_Hills,36.263858795166016,13.876485824584961,75
2018-07-30,Barind_Tract,11.459811210632324,6.298412799835205,40
2018-07-30,Northern_Terrace,6.2171783447265625,3.451195478439331,60
2018-07-30,Brahmaputra_Floodplain,37.5452766418457,28.145404815673828,97
2018-07-30,Ganges_Floodplain,32.65580749511719,12.173124313354492,41
2018-07-30,GBM_Delta,52.19217300415039,11.628495216369629,55
2018-07-30,Meghna_Floodplain,48.61166000366211,20.11581802368164,26
2018-07-30,Eastern_Hills,56.79896545410156,21.16392707824707,75
2018-08-06,Barind_Tract,13.971145629882812,6.278058052062988,40
2018-08-06,Northern_Terrace,14.806435585021973,7.925872802734375,60
2018-08-06,Brahmaputra_Floodplain,40.76347732543945,24.17192268371582,97
2018-08-06,Ganges_Floodplain,38.06773376464844,14.733250617980957,41
2018-08-06,GBM_Delta,63.393310546875,10.078866004943848,55
2018-08-06,Meghna_Floodplain,49.04262161254883,21.030092239379883,26
2018-08-06,Eastern_Hills,53.93155288696289,23.516172409057617,75
2018-08-13,Barind_Tract,10.814538955688477,5.682351112365723,40
2018-08-13,Northern_Terrace,19.84219741821289,15.309884071350098,60
2018-08-13,Brahmaputra_Floodplain,23.256305694580078,12.258208274841309,97
2018-08-13,Ganges_Floodplain,30.230224609375,13.613163948059082,41
2018-08-13,GBM_Delta,48.23954772949219,6.023077011108398,55
2018-08-13,Meghna_Floodplain,35.17326354980469,12.126673698425293,26
2018-08-13,Eastern_Hills,38.568721771240234,21.599857330322266,75
2018-08-20,Barind_Tract,8.43885326385498,5.85607385635376,40
2018-08-20,Northern_Terrace,17.054277420043945,10.15752124786377,60
2018-08-20,Brahmaputra_Floodplain,10.60010051727295,8.41568374633789,97
2018-08-20,Ganges_Floodplain,20.603593826293945,12.03213882446289,41
2018-08-20,GBM_Delta,32.0306510925293,7.125466823577881,55
2018-08-20,Meghna_Floodplain,23.413423538208008,12.027920722961426,26
2018-08-20,Eastern_Hills,26.33329200744629,21.547653198242188,75
2018-08-27,Barind_Tract,5.360724925994873,5.382565021514893,40
2018-08-27,Northern_Terrace,20.30756950378418,15.620575904846191,60
2018-08-27,Brahmaputra_Floodplain,18.810569763183594,15.757384300231934,97
2018-08-27,Ganges_Floodplain,13.175325393676758,11.719070434570312,41
2018-08-27,GBM_Delta,24.606863021850586,8.531844139099121,55
2018-08-27,Meghna_Floodplain,13.565546989440918,8.43868350982666,26
2018-08-27,Eastern_Hills,20.69060516357422,15.196019172668457,75
2018-09-03,Barind_Tract,3.679826021194458,3.493994951248169,40
2018-09-03,Northern_Terrace,22.565874099731445,19.068037033081055,60
2018-09-03,Brahmaputra_Floodplain,19.13182258605957,14.97035026550293,97
2018-09-03,Ganges_Floodplain,11.155441284179688,12.403059005737305,41
2018-09-03,GBM_Delta,33.121925354003906,8.149589538574219,55
2018-09-03,Meghna_Floodplain,16.040035247802734,12.542978286743164,26
2018-09-03,Eastern_Hills,25.273818969726562,18.333648681640625,75
2018-09-10,Barind_Tract,2.8165197372436523,2.8132054805755615,40
2018-09-10,Northern_Terrace,20.65435791015625,21.335777282714844,60
2018-09-10,Brahmaputra_Floodplain,6.200459003448486,4.5158209800720215,97
2018-09-10,Ganges_Floodplain,8.695225715637207,11.172891616821289,41
2018-09-10,GBM_Delta,27.599332809448242,10.160280227661133,55
2018-09-10,Meghna_Floodplain,7.432223320007324,6.315822124481201,26
2018-09-10,Eastern_Hills,16.01880645751953,15.251825332641602,75
2018-09-17,Barind_Tract,2.1064209938049316,2.1596391201019287,40
2018-09-17,Northern_Terrace,38.734920501708984,38.346458435058594,60
2018-09-17,Brahmaputra_Floodplain,22.298734664916992,23.104740142822266,97
2018-09-17,Ganges_Floodplain,6.461587429046631,9.196669578552246,41
2018-09-17,GBM_Delta,20.429885864257812,9.596080780029297,55
2018-09-17,Meghna_Floodplain,4.3115644454956055,3.5192151069641113,26
2018-09-17,Eastern_Hills,11.685091972351074,10.71790599822998,75
2018-09-24,Barind_Tract,1.0329670906066895,0.5714285969734192,40
2018-09-24,Northern_Terrace,23.235118865966797,29.897497177124023,60
2018-09-24,Brahmaputra_Floodplain,10.022993087768555,15.236666679382324,97
2018-09-24,Ganges_Floodplain,4.706092834472656,8.261484146118164,41
2018-09-24,GBM_Delta,14.285655975341797,10.940890312194824,55
2018-09-24,Meghna_Floodplain,1.7232143878936768,1.1348903179168701,26
2018-09-24,Eastern_Hills,4.630882740020752,5.072503089904785,75
2018-10-01,Barind_Tract,1.0,0.5602240562438965,40
2018-10-01,Northern_Terrace,22.844993591308594,28.2569580078125,60
2018-10-01,Brahmaputra_Floodplain,12.4957914352417,18.09263038635254,97
2018-10-01,Ganges_Floodplain,3.086989402770996,5.930597305297852,41
2018-10-01,GBM_Delta,7.337027072906494,6.794733047485352,55
2018-10-01,Meghna_Floodplain,1.218607783317566,0.8849784731864929,26
2018-10-01,Eastern_Hills,3.442833185195923,3.617065906524658,75
2018-10-08,Barind_Tract,0.7637362480163574,0.3742319345474243,40
2018-10-08,Northern_Terrace,15.164186477661133,18.83062171936035,60
2018-10-08,Brahmaputra_Floodplain,6.190140724182129,11.213032722473145,97
2018-10-08,Ganges_Floodplain,1.4258476495742798,2.1473608016967773,41
2018-10-08,GBM_Delta,3.550910472869873,3.345970869064331,55
2018-10-08,Meghna_Floodplain,1.110090970993042,1.2298299074172974,26
2018-10-08,Eastern_Hills,1.76263427734375,2.3018503189086914,75
2018-10-15,Barind_Tract,0.6703296899795532,0.2905341386795044,40
2018-10-15,Northern_Terrace,13.236644744873047,16.184993743896484,60
2018-10-15,Brahmaputra_Floodplain,8.63279914855957,11.78511905670166,97
2018-10-15,Ganges_Floodplain,2.6432418823242188,4.952641487121582,41
2018-10-15,GBM_Delta,18.394380569458008,21.337947845458984,55
2018-10-15,Meghna_Floodplain,16.87380599975586,26.33977699279785,26
2018-10-15,Eastern_Hills,35.417110443115234,31.79759979248047,75
2018-10-22,Barind_Tract,0.5769230723381042,0.32108792662620544,40
2018-10-22,Northern_Terrace,13.382391929626465,17.42342185974121,60
2018-10-22,Brahmaputra_Floodplain,9.495368003845215,12.357807159423828,97
2018-10-22,Ganges_Floodplain,3.2854387760162354,4.680981159210205,41
2018-10-22,GBM_Delta,17.86459732055664,15.985849380493164,55
2018-10-22,Meghna_Floodplain,12.823960304260254,18.633544921875,26
2018-10-22,Eastern_Hills,22.4112548828125,18.494150161743164,75
2018-10-29,Barind_Tract,0.4780220091342926,0.19588510692119598,40
2018-10-29,Northern_Terrace,10.7722749710083,13.9537353515625,60
2018-10-29,Brahmaputra_Floodplain,8.068665504455566,9.659560203552246,97
2018-10-29,Ganges_Floodplain,2.5461537837982178,3.127969741821289,41
2018-10-29,GBM_Delta,14.944558143615723,13.158864974975586,55
2018-10-29,Meghna_Floodplain,10.992302894592285,15.000642776489258,26
2018-10-29,Eastern_Hills,16.827606201171875,13.262396812438965,75
2018-11-05,Barind_Tract,0.5806105732917786,0.2858026921749115,40
2018-11-05,Northern_Terrace,9.665719032287598,12.7095947265625,60
2018-11-05,Brahmaputra_Floodplain,8.819304466247559,9.451794624328613,97
2018-11-05,Ganges_Floodplain,3.0593485832214355,3.1560885906219482,41
2018-11-05,GBM_Delta,19.366378784179688,14.167776107788086,55
2018-11-05,Meghna_Floodplain,13.908848762512207,17.177478790283203,26
2018-11-05,Eastern_Hills,25.59604263305664,18.473567962646484,75
2018-11-12,Barind_Tract,0.6521784067153931,0.4422342777252197,40
2018-11-12,Northern_Terrace,9.429265022277832,12.529522895812988,60
2018-11-12,Brahmaputra_Floodplain,9.43060302734375,9.822772979736328,97
2018-11-12,Ganges_Floodplain,3.281068801879883,3.262420177459717,41
2018-11-12,GBM_Delta,19.916040420532227,12.967790603637695,55
2018-11-12,Meghna_Floodplain,13.065428733825684,14.38294792175293,26
2018-11-12,Eastern_Hills,21.13414192199707,12.749646186828613,75
2018-11-19,Barind_Tract,0.6678777933120728,0.5305147767066956,40
2018-11-19,Northern_Terrace,9.451590538024902,12.956137657165527,60
2018-11-19,Brahmaputra_Floodplain,9.138261795043945,9.879453659057617,97
2018-11-19,Ganges_Floodplain,3.606987237930298,3.34213924407959,41
2018-11-19,GBM_Delta,19.843833923339844,11.676651954650879,55
2018-11-19,Meghna_Floodplain,12.621826171875,13.14026165008545,26
2018-11-19,Eastern_Hills,19.089075088500977,10.864802360534668,75
2018-11-26,Barind_Tract,0.7899873852729797,0.6091461777687073,40
2018-11-26,Northern_Terrace,8.891691207885742,12.093269348144531,60
2018-11-26,Brahmaputra_Floodplain,8.469697952270508,9.094817161560059,97
2018-11-26,Ganges_Floodplain,3.9748032093048096,3.3980960845947266,41
2018-11-26,GBM_Delta,19.634178161621094,11.145864486694336,55
2018-11-26,Meghna_Floodplain,12.141630172729492,12.027633666992188,26
2018-11-26,Eastern_Hills,16.960269927978516,9.900793075561523,75
2018-12-03,Barind_Tract,1.0517363548278809,0.7019281387329102,40
2018-12-03,Northern_Terrace,8.54909896850586,11.19661808013916,60
2018-12-03,Brahmaputra_Floodplain,7.806657791137695,8.010677337646484,97
2018-12-03,Ganges_Floodplain,4.61994743347168,3.6021552085876465,41
2018-12-03,GBM_Delta,20.529897689819336,11.53734302520752,55
2018-12-03,Meghna_Floodplain,12.332178115844727,12.058300018310547,26
2018-12-03,Eastern_Hills,16.645233154296875,9.845693588256836,75
2018-12-10,Barind_Tract,1.185109257698059,0.7962789535522461,40
2018-12-10,Northern_Terrace,7.82587194442749,9.327535629272461,60
2018-12-10,Brahmaputra_Floodplain,7.25792121887207,7.203142166137695,97
2018-12-10,Ganges_Floodplain,4.918751239776611,3.613572835922241,41
2018-12-10,GBM_Delta,21.136682510375977,11.756734848022461,55
2018-12-10,Meghna_Floodplain,12.547260284423828,11.948470115661621,26
2018-12-10,Eastern_Hills,17.219104766845703,10.182428359985352,75
2018-12-17,Barind_Tract,1.3500126600265503,0.9480635523796082,40
2018-12-17,Northern_Terrace,6.314001560211182,6.6421589851379395,60
2018-12-17,Brahmaputra_Floodplain,6.614208698272705,6.540864944458008,97
2018-12-17,Ganges_Floodplain,5.190374374389648,3.459825038909912,41
2018-12-17,GBM_Delta,20.960447311401367,11.700834274291992,55
2018-12-17,Meghna_Floodplain,12.686827659606934,11.756043434143066,26
2018-12-17,Eastern_Hills,19.25469398498535,10.881532669067383,75
2018-12-24,Barind_Tract,2.531672716140747,2.024503707885742,40
2018-12-24,Northern_Terrace,7.539564609527588,7.841897487640381,60
2018-12-24,Brahmaputra_Floodplain,13.072604179382324,11.406723022460938,97
2018-12-24,Ganges_Floodplain,7.5415239334106445,4.761236190795898,41
2018-12-24,GBM_Delta,23.539926528930664,12.144522666931152,55
2018-12-24,Meghna_Floodplain,15.964822769165039,11.871912956237793,26
2018-12-24,Eastern_Hills,28.4130859375,14.012701034545898,75
2018-12-31,Barind_Tract,4.109118938446045,2.838127613067627,40
2018-12-31,Northern_Terrace,6.6991868019104,7.089932441711426,60
2018-12-31,Brahmaputra_Floodplain,13.58264446258545,11.365341186523438,97
2018-12-31,Ganges_Floodplain,9.055761337280273,5.380782604217529,41
2018-12-31,GBM_Delta,26.132259368896484,12.507852554321289,55
2018-12-31,Meghna_Floodplain,16.62885284423828,11.899867057800293,26
2018-12-31,Eastern_Hills,29.987184524536133,14.355698585510254,75
2019-01-07,Barind_Tract,4.871242523193359,3.182633399963379,40
2019-01-07,Northern_Terrace,5.362969398498535,5.32078218460083,60
2019-01-07,Brahmaputra_Floodplain,12.749900817871094,10.348915100097656,97
2019-01-07,Ganges_Floodplain,10.83385944366455,5.480112075805664,41
2019-01-07,GBM_Delta,27.53571128845215,12.429632186889648,55
2019-01-07,Meghna_Floodplain,16.839107513427734,10.898667335510254,26
2019-01-07,Eastern_Hills,30.258926391601562,14.287757873535156,75
2019-01-14,Barind_Tract,4.390770435333252,2.8544692993164062,40
2019-01-14,Northern_Terrace,4.525150775909424,4.459389686584473,60
2019-01-14,Brahmaputra_Floodplain,10.69929313659668,9.192797660827637,97
2019-01-14,Ganges_Floodplain,10.198683738708496,5.23590612411499,41
2019-01-14,GBM_Delta,25.586753845214844,12.348105430603027,55
2019-01-14,Meghna_Floodplain,15.686975479125977,10.20699691772461,26
2019-01-14,Eastern_Hills,30.144447326660156,14.975845336914062,75
2019-01-21,Barind_Tract,3.994823932647705,2.599684953689575,40
2019-01-21,Northern_Terrace,3.570223569869995,3.188558340072632,60
2019-01-21,Brahmaputra_Floodplain,8.69808292388916,7.971094608306885,97
2019-01-21,Ganges_Floodplain,9.566802024841309,5.214391708374023,41
2019-01-21,GBM_Delta,23.8371524810791,12.16984748840332,55
2019-01-21,Meghna_Floodplain,14.739912033081055,9.633973121643066,26
2019-01-21,Eastern_Hills,29.96150016784668,16.041444778442383,75
2019-01-28,Barind_Tract,3.647575855255127,2.5780510902404785,40
2019-01-28,Northern_Terrace,3.09094500541687,2.5781075954437256,60
2019-01-28,Brahmaputra_Floodplain,7.150485038757324,6.945669651031494,97
2019-01-28,Ganges_Floodplain,9.430901527404785,5.212202072143555,41
2019-01-28,GBM_Delta,22.364055633544922,11.049488067626953,55
2019-01-28,Meghna_Floodplain,14.095407485961914,8.953227043151855,26
2019-01-28,Eastern_Hills,29.693199157714844,16.731117248535156,75
2019-02-04,Barind_Tract,3.894695281982422,2.714996814727783,40
2019-02-04,Northern_Terrace,3.1340644359588623,2.3279075622558594,60
2019-02-04,Brahmaputra_Floodplain,7.012189865112305,7.2019429206848145,97
2019-02-04,Ganges_Floodplain,9.627192497253418,5.022464752197266,41
2019-02-04,GBM_Delta,21.82137107849121,9.810968399047852,55
2019-02-04,Meghna_Floodplain,15.391411781311035,9.982460975646973,26
2019-02-04,Eastern_Hills,35.53678512573242,18.179588317871094,75
2019-02-11,Barind_Tract,4.195838928222656,2.8104889392852783,40
2019-02-11,Northern_Terrace,3.7176294326782227,2.397996187210083,60
2019-02-11,Brahmaputra_Floodplain,6.257346153259277,6.121114730834961,97
2019-02-11,Ganges_Floodplain,9.39700698852539,4.785094738006592,41
2019-02-11,GBM_Delta,18.301441192626953,8.213502883911133,55
2019-02-11,Meghna_Floodplain,13.248719215393066,8.990160942077637,26
2019-02-11,Eastern_Hills,33.98320388793945,18.93914222717285,75
2019-02-18,Barind_Tract,4.494357109069824,3.201672315597534,40
2019-02-18,Northern_Terrace,4.351500511169434,2.4202797412872314,60
2019-02-18,Brahmaputra_Floodplain,6.9049224853515625,5.651825428009033,97
2019-02-18,Ganges_Floodplain,8.976714134216309,4.681693077087402,41
2019-02-18,GBM_Delta,15.407892227172852,7.384232997894287,55
2019-02-18,Meghna_Floodplain,13.095785140991211,8.358912467956543,26
2019-02-18,Eastern_Hills,33.87620162963867,19.229284286499023,75
2019-02-25,Barind_Tract,5.187580108642578,3.6793529987335205,40
2019-02-25,Northern_Terrace,6.191234111785889,3.645171880722046,60
2019-02-25,Brahmaputra_Floodplain,9.481003761291504,6.767150402069092,97
2019-02-25,Ganges_Floodplain,8.81370735168457,4.543870449066162,41
2019-02-25,GBM_Delta,13.182097434997559,6.910365581512451,55
2019-02-25,Meghna_Floodplain,13.817672729492188,8.011890411376953,26
2019-02-25,Eastern_Hills,37.562374114990234,18.73935317993164,75
2019-03-04,Barind_Tract,6.450034141540527,3.9769527912139893,40
2019-03-04,Northern_Terrace,9.661449432373047,5.593327522277832,60
2019-03-04,Brahmaputra_Floodplain,13.684065818786621,8.914586067199707,97
2019-03-04,Ganges_Floodplain,11.183039665222168,5.767309665679932,41
2019-03-04,GBM_Delta,14.688843727111816,8.420034408569336,55
2019-03-04,Meghna_Floodplain,15.667946815490723,8.271419525146484,26
2019-03-04,Eastern_Hills,44.44142150878906,19.791486740112305,75
2019-03-11,Barind_Tract,6.889557838439941,3.9865550994873047,40
2019-03-11,Northern_Terrace,12.4158353805542,6.757438659667969,60
2019-03-11,Brahmaputra_Floodplain,18.205520629882812,11.35634708404541,97
2019-03-11,Ganges_Floodplain,13.023073196411133,7.900050163269043,41
2019-03-11,GBM_Delta,21.828723907470703,15.241777420043945,55
2019-03-11,Meghna_Floodplain,32.237571716308594,16.320209503173828,26
2019-03-11,Eastern_Hills,67.77881622314453,21.866079330444336,75
2019-03-18,Barind_Tract,7.7374162673950195,4.224422931671143,40
2019-03-18,Northern_Terrace,14.302048683166504,6.573636531829834,60
2019-03-18,Brahmaputra_Floodplain,21.664175033569336,12.05695915222168,97
2019-03-18,Ganges_Floodplain,14.063125610351562,8.922306060791016,41
2019-03-18,GBM_Delta,22.829816818237305,17.11953353881836,55
2019-03-18,Meghna_Floodplain,39.59178161621094,17.120393753051758,26
2019-03-18,Eastern_Hills,74.52578735351562,22.241071701049805,75
2019-03-25,Barind_Tract,8.519060134887695,4.491512298583984,40
2019-03-25,Northern_Terrace,15.759815216064453,6.378182411193848,60
2019-03-25,Brahmaputra_Floodplain,23.519025802612305,13.390270233154297,97
2019-03-25,Ganges_Floodplain,15.085104942321777,9.443354606628418,41
2019-03-25,GBM_Delta,23.11104393005371,18.859506607055664,55
2019-03-25,Meghna_Floodplain,45.018802642822266,15.893146514892578,26
2019-03-25,Eastern_Hills,77.9197006225586,19.541593551635742,75
2019-04-01,Barind_Tract,8.589134216308594,4.570031642913818,40
2019-04-01,Northern_Terrace,15.360652923583984,6.03196382522583,60
2019-04-01,Brahmaputra_Floodplain,20.699371337890625,11.965436935424805,97
2019-04-01,Ganges_Floodplain,14.411734580993652,8.942919731140137,41
2019-04-01,GBM_Delta,21.288379669189453,19.786029815673828,55
2019-04-01,Meghna_Floodplain,43.276695251464844,17.695905685424805,26
2019-04-01,Eastern_Hills,70.8629379272461,19.268760681152344,75
2019-04-08,Barind_Tract,6.292123794555664,4.48665714263916,40
2019-04-08,Northern_Terrace,15.55734634399414,6.9377827644348145,60
2019-04-08,Brahmaputra_Floodplain,26.858491897583008,12.286792755126953,97
2019-04-08,Ganges_Floodplain,14.301753044128418,10.83299732208252,41
2019-04-08,GBM_Delta,22.219472885131836,24.488666534423828,55
2019-04-08,Meghna_Floodplain,52.57288360595703,14.497020721435547,26
2019-04-08,Eastern_Hills,68.95211029052734,17.990333557128906,75
2019-04-15,Barind_Tract,6.713319301605225,4.743377208709717,40
2019-04-15,Northern_Terrace,19.899614334106445,7.908242225646973,60
2019-04-15,Brahmaputra_Floodplain,36.27397537231445,12.608484268188477,97
2019-04-15,Ganges_Floodplain,16.652982711791992,14.10277271270752,41
2019-04-15,GBM_Delta,24.98328971862793,28.299169540405273,55
2019-04-15,Meghna_Floodplain,54.11936950683594,17.472692489624023,26
2019-04-15,Eastern_Hills,66.9838638305664,16.690174102783203,75
2019-04-22,Barind_Tract,8.193087577819824,6.246218204498291,40
2019-04-22,Northern_Terrace,25.104101181030273,7.142525672912598,60
2019-04-22,Brahmaputra_Floodplain,30.37662124633789,9.792609214782715,97
2019-04-22,Ganges_Floodplain,17.573501586914062,14.619621276855469,41
2019-04-22,GBM_Delta,24.626468658447266,27.39098358154297,55
2019-04-22,Meghna_Floodplain,41.32631301879883,20.817928314208984,26
2019-04-22,Eastern_Hills,54.61983871459961,18.7281436920166,75
2019-04-29,Barind_Tract,10.583900451660156,8.643238067626953,40
2019-04-29,Northern_Terrace,27.995277404785156,8.71946907043457,60
2019-04-29,Brahmaputra_Floodplain,24.13032341003418,10.682577133178711,97
2019-04-29,Ganges_Floodplain,17.051063537597656,14.126116752624512,41
2019-04-29,GBM_Delta,21.14361000061035,24.29045867919922,55
2019-04-29,Meghna_Floodplain,33.24917984008789,17.949554443359375,26
2019-04-29,Eastern_Hills,42.9533576965332,20.327526092529297,75
2019-05-06,Barind_Tract,13.962453842163086,8.325278282165527,40
2019-05-06,Northern_Terrace,36.83379364013672,6.471003532409668,60
2019-05-06,Brahmaputra_Floodplain,32.4598388671875,10.920608520507812,97
2019-05-06,Ganges_Floodplain,19.31159019470215,15.055349349975586,41
2019-05-06,GBM_Delta,20.507495880126953,22.354351043701172,55
2019-05-06,Meghna_Floodplain,28.965065002441406,13.275328636169434,26
2019-05-06,Eastern_Hills,36.828914642333984,18.027780532836914,75
2019-05-13,Barind_Tract,13.997395515441895,6.7110090255737305,40
2019-05-13,Northern_Terrace,35.063846588134766,9.1237154006958,60
2019-05-13,Brahmaputra_Floodplain,30.465747833251953,12.142601013183594,97
2019-05-13,Ganges_Floodplain,21.548583984375,15.408798217773438,41
2019-05-13,GBM_Delta,19.478164672851562,19.12467384338379,55
2019-05-13,Meghna_Floodplain,21.156169891357422,10.18301773071289,26
2019-05-13,Eastern_Hills,31.53485679626465,15.085294723510742,75
2019-05-20,Barind_Tract,13.273037910461426,5.840785503387451,40
2019-05-20,Northern_Terrace,35.2847785949707,11.561697959899902,60
2019-05-20,Brahmaputra_Floodplain,30.96825408935547,14.272727966308594,97
2019-05-20,Ganges_Floodplain,19.567684173583984,14.858622550964355,41
2019-05-20,GBM_Delta,16.584074020385742,15.382214546203613,55
2019-05-20,Meghna_Floodplain,9.184578895568848,6.488579750061035,26
2019-05-20,Eastern_Hills,23.827116012573242,13.134159088134766,75
2019-05-27,Barind_Tract,15.513028144836426,8.771463394165039,40
2019-05-27,Northern_Terrace,41.235660552978516,13.336549758911133,60
2019-05-27,Brahmaputra_Floodplain,38.07087326049805,14.527850151062012,97
2019-05-27,Ganges_Floodplain,19.755746841430664,14.431394577026367,41
2019-05-27,GBM_Delta,12.70661735534668,13.035751342773438,55
2019-05-27,Meghna_Floodplain,8.382320404052734,5.470871925354004,26
2019-05-27,Eastern_Hills,22.757234573364258,12.38003158569336,75
2019-06-03,Barind_Tract,20.496936798095703,10.879728317260742,40
2019-06-03,Northern_Terrace,45.82023620605469,10.281036376953125,60
2019-06-03,Brahmaputra_Floodplain,35.22584533691406,14.237353324890137,97
2019-06-03,Ganges_Floodplain,20.001598358154297,13.870712280273438,41
2019-06-03,GBM_Delta,13.392097473144531,12.588576316833496,55
2019-06-03,Meghna_Floodplain,9.908710479736328,6.720956802368164,26
2019-06-03,Eastern_Hills,14.024360656738281,10.26424789428711,75
2019-06-10,Barind_Tract,20.46179962158203,10.568164825439453,40
2019-06-10,Northern_Terrace,38.509944915771484,8.617090225219727,60
2019-06-10,Brahmaputra_Floodplain,36.855125427246094,11.234332084655762,97
2019-06-10,Ganges_Floodplain,30.113590240478516,15.400466918945312,41
2019-06-10,GBM_Delta,28.674814224243164,11.932188987731934,55
2019-06-10,Meghna_Floodplain,19.735044479370117,8.651412010192871,26
2019-06-10,Eastern_Hills,14.567724227905273,9.414583206176758,75
2019-06-17,Barind_Tract,14.47797966003418,8.31462287902832,40
2019-06-17,Northern_Terrace,29.864408493041992,8.039253234863281,60
2019-06-17,Brahmaputra_Floodplain,22.532629013061523,9.99491024017334,97
2019-06-17,Ganges_Floodplain,24.88818359375,12.844815254211426,41
2019-06-17,GBM_Delta,27.609933853149414,9.359944343566895,55
2019-06-17,Meghna_Floodplain,16.115949630737305,8.718077659606934,26
2019-06-17,Eastern_Hills,15.507065773010254,11.593990325927734,75
2019-06-24,Barind_Tract,7.159826755523682,4.566669464111328,40
2019-06-24,Northern_Terrace,16.076993942260742,6.381321907043457,60
2019-06-24,Brahmaputra_Floodplain,8.762907028198242,6.476346492767334,97
2019-06-24,Ganges_Floodplain,15.289073944091797,10.067776679992676,41
2019-06-24,GBM_Delta,15.099668502807617,7.43051815032959,55
2019-06-24,Meghna_Floodplain,8.04177188873291,6.074441432952881,26
2019-06-24,Eastern_Hills,12.847365379333496,11.166399955749512,75
2019-07-01,Barind_Tract,1.494291067123413,1.1854749917984009,40
2019-07-01,Northern_Terrace,14.62855339050293,18.1044921875,60
2019-07-01,Brahmaputra_Floodplain,6.13151741027832,8.076462745666504,97
2019-07-01,Ganges_Floodplain,4.373249053955078,4.943490505218506,41
2019-07-01,GBM_Delta,4.052847385406494,3.1443307399749756,55
2019-07-01,Meghna_Floodplain,2.955278158187866,3.011585235595703,26
2019-07-01,Eastern_Hills,6.079075813293457,6.625319480895996,75
2019-07-08,Barind_Tract,0.711920440196991,0.4978976845741272,40
2019-07-08,Northern_Terrace,9.321541786193848,17.913623809814453,60
2019-07-08,Brahmaputra_Floodplain,19.112346649169922,30.552913665771484,97
2019-07-08,Ganges_Floodplain,2.3620853424072266,2.0390212535858154,41
2019-07-08,GBM_Delta,3.8035502433776855,2.3990187644958496,55
2019-07-08,Meghna_Floodplain,2.0525524616241455,1.8981319665908813,26
2019-07-08,Eastern_Hills,5.409418106079102,8.276897430419922,75
2019-07-15,Barind_Tract,1.8106563091278076,1.789648413658142,40
2019-07-15,Northern_Terrace,40.80987548828125,33.519683837890625,60
2019-07-15,Brahmaputra_Floodplain,59.61992263793945,38.666786193847656,97
2019-07-15,Ganges_Floodplain,2.6165623664855957,2.155452251434326,41
2019-07-15,GBM_Delta,5.549007892608643,3.4808740615844727,55
2019-07-15,Meghna_Floodplain,6.386041641235352,2.4422037601470947,26
2019-07-15,Eastern_Hills,28.908300399780273,26.245189666748047,75
2019-07-22,Barind_Tract,1.9617130756378174,1.5586249828338623,40
2019-07-22,Northern_Terrace,35.55158996582031,25.180294036865234,60
2019-07-22,Brahmaputra_Floodplain,17.13559913635254,13.93069076538086,97
2019-07-22,Ganges_Floodplain,2.266892671585083,1.8887991905212402,41
2019-07-22,GBM_Delta,3.9344687461853027,2.6329946517944336,55
2019-07-22,Meghna_Floodplain,5.961732864379883,1.8378384113311768,26
2019-07-22,Eastern_Hills,18.004131317138672,11.12270736694336,75
2019-07-29,Barind_Tract,3.3222835063934326,2.918464183807373,40
2019-07-29,Northern_Terrace,48.17976760864258,23.950836181640625,60
2019-07-29,Brahmaputra_Floodplain,31.312175750732422,17.06696319580078,97
2019-07-29,Ganges_Floodplain,2.961972713470459,2.6945109367370605,41
2019-07-29,GBM_Delta,4.328131675720215,2.6657536029815674,55
2019-07-29,Meghna_Floodplain,6.230832576751709,1.7516695261001587,26
2019-07-29,Eastern_Hills,23.763994216918945,17.17566680908203,75
2019-08-05,Barind_Tract,2.0818963050842285,1.9520137310028076,40
2019-08-05,Northern_Terrace,37.00250244140625,18.969207763671875,60
2019-08-05,Brahmaputra_Floodplain,18.42914390563965,12.366290092468262,97
2019-08-05,Ganges_Floodplain,2.2216644287109375,2.511220693588257,41
2019-08-05,GBM_Delta,3.890587568283081,2.424353837966919,55
2019-08-05,Meghna_Floodplain,4.494154930114746,1.5449767112731934,26
2019-08-05,Eastern_Hills,20.96175765991211,19.483301162719727,75
2019-08-12,Barind_Tract,1.3906923532485962,1.1769088506698608,40
2019-08-12,Northern_Terrace,27.53606414794922,13.974310874938965,60
2019-08-12,Brahmaputra_Floodplain,8.709190368652344,5.798454284667969,97
2019-08-12,Ganges_Floodplain,1.2582331895828247,1.870149850845337,41
2019-08-12,GBM_Delta,3.2795016765594482,2.932003974914551,55
2019-08-12,Meghna_Floodplain,4.389294624328613,1.5506126880645752,26
2019-08-12,Eastern_Hills,17.675796508789062,19.479677200317383,75
2019-08-19,Barind_Tract,3.5805091857910156,4.06610631942749,40
2019-08-19,Northern_Terrace,30.760175704956055,13.262331008911133,60
2019-08-19,Brahmaputra_Floodplain,14.1520414352417,9.555185317993164,97
2019-08-19,Ganges_Floodplain,2.3431129455566406,3.0095486640930176,41
2019-08-19,GBM_Delta,5.652650356292725,3.116042137145996,55
2019-08-19,Meghna_Floodplain,4.775634288787842,1.8502386808395386,26
2019-08-19,Eastern_Hills,16.00053596496582,15.290129661560059,75
2019-08-26,Barind_Tract,2.5785255432128906,3.357628107070923,40
2019-08-26,Northern_Terrace,24.989797592163086,12.205951690673828,60
2019-08-26,Brahmaputra_Floodplain,6.7165021896362305,5.1552910804748535,97
2019-08-26,Ganges_Floodplain,1.849181056022644,1.7195473909378052,41
2019-08-26,GBM_Delta,4.615411758422852,3.3935863971710205,55
2019-08-26,Meghna_Floodplain,2.642949104309082,1.6098825931549072,26
2019-08-26,Eastern_Hills,9.617804527282715,10.121709823608398,75
2019-09-02,Barind_Tract,2.1042022705078125,2.122332811355591,40
2019-09-02,Northern_Terrace,14.758136749267578,7.86252498626709,60
2019-09-02,Brahmaputra_Floodplain,3.2453839778900146,3.039269208908081,97
2019-09-02,Ganges_Floodplain,1.710019588470459,1.5344756841659546,41
2019-09-02,GBM_Delta,5.222933769226074,4.218497276306152,55
2019-09-02,Meghna_Floodplain,2.496554374694824,1.6585930585861206,26
2019-09-02,Eastern_Hills,9.238739013671875,10.85488224029541,75
2019-09-09,Barind_Tract,1.463510513305664,1.7853270769119263,40
2019-09-09,Northern_Terrace,13.4904203414917,7.930941104888916,60
2019-09-09,Brahmaputra_Floodplain,11.16535758972168,15.080275535583496,97
2019-09-09,Ganges_Floodplain,1.20428466796875,1.4411195516586304,41
2019-09-09,GBM_Delta,4.375296115875244,3.4809651374816895,55
2019-09-09,Meghna_Floodplain,1.2656916379928589,1.2752645015716553,26
2019-09-09,Eastern_Hills,13.46269702911377,20.667760848999023,75
2019-09-16,Barind_Tract,1.452078938484192,1.7731828689575195,40
2019-09-16,Northern_Terrace,30.587940216064453,26.82583999633789,60
2019-09-16,Brahmaputra_Floodplain,26.659610748291016,25.687667846679688,97
2019-09-16,Ganges_Floodplain,1.4165602922439575,2.2967703342437744,41
2019-09-16,GBM_Delta,8.086769104003906,6.295598030090332,55
2019-09-16,Meghna_Floodplain,4.119892597198486,7.465577125549316,26
2019-09-16,Eastern_Hills,25.277023315429688,26.95085906982422,75
2019-09-23,Barind_Tract,1.1150059700012207,0.585561990737915,40
2019-09-23,Northern_Terrace,23.21734619140625,24.238245010375977,60
2019-09-23,Brahmaputra_Floodplain,12.365084648132324,12.829601287841797,97
2019-09-23,Ganges_Floodplain,0.9788045287132263,0.8321405053138733,41
2019-09-23,GBM_Delta,3.791508913040161,3.964923858642578,55
2019-09-23,Meghna_Floodplain,1.1872807741165161,0.9284284114837646,26
2019-09-23,Eastern_Hills,11.721667289733887,14.731242179870605,75
2019-09-30,Barind_Tract,1.9136161804199219,1.4244415760040283,40
2019-09-30,Northern_Terrace,48.30901336669922,31.37047004699707,60
2019-09-30,Brahmaputra_Floodplain,33.60774612426758,30.153940200805664,97
2019-09-30,Ganges_Floodplain,1.9120887517929077,3.7843549251556396,41
2019-09-30,GBM_Delta,5.918626308441162,8.29216480255127,55
2019-09-30,Meghna_Floodplain,1.5508792400360107,1.9178367853164673,26
2019-09-30,Eastern_Hills,12.146071434020996,11.892498016357422,75
2019-10-07,Barind_Tract,3.3301823139190674,3.1907830238342285,40
2019-10-07,Northern_Terrace,56.19484329223633,26.09846305847168,60
2019-10-07,Brahmaputra_Floodplain,45.24882125854492,26.140483856201172,97
2019-10-07,Ganges_Floodplain,2.889204740524292,4.6680474281311035,41
2019-10-07,GBM_Delta,9.449666976928711,8.55575180053711,55
2019-10-07,Meghna_Floodplain,6.372986793518066,8.30275821685791,26
2019-10-07,Eastern_Hills,23.928131103515625,19.320844650268555,75
2019-10-14,Barind_Tract,4.80659294128418,4.399278163909912,40
2019-10-14,Northern_Terrace,57.084877014160156,23.72974967956543,60
2019-10-14,Brahmaputra_Floodplain,46.088539123535156,20.519668579101562,97
2019-10-14,Ganges_Floodplain,4.60956335067749,6.6574578285217285,41
2019-10-14,GBM_Delta,19.28453254699707,14.591845512390137,55
2019-10-14,Meghna_Floodplain,11.139663696289062,13.71827507019043,26
2019-10-14,Eastern_Hills,26.30411720275879,18.63883399963379,75
2019-10-21,Barind_Tract,4.794903755187988,4.034488677978516,40
2019-10-21,Northern_Terrace,49.9819450378418,21.12525177001953,60
2019-10-21,Brahmaputra_Floodplain,37.772918701171875,16.313640594482422,97
2019-10-21,Ganges_Floodplain,5.917203426361084,6.425991535186768,41
2019-10-21,GBM_Delta,19.93206214904785,13.00153636932373,55
2019-10-21,Meghna_Floodplain,7.878846168518066,8.070165634155273,26
2019-10-21,Eastern_Hills,19.835420608520508,13.369699478149414,75
2019-10-28,Barind_Tract,15.163717269897461,12.079937934875488,40
2019-10-28,Northern_Terrace,59.22548294067383,20.13496208190918,60
2019-10-28,Brahmaputra_Floodplain,70.39192199707031,20.911306381225586,97
2019-10-28,Ganges_Floodplain,12.251922607421875,11.828916549682617,41
2019-10-28,GBM_Delta,29.936168670654297,18.297836303710938,55
2019-10-28,Meghna_Floodplain,18.12594223022461,14.48773193359375,26
2019-10-28,Eastern_Hills,26.83943748474121,28.28014373779297,75
2019-11-04,Barind_Tract,17.962234497070312,11.223526000976562,40
2019-11-04,Northern_Terrace,53.5542106628418,17.788522720336914,60
2019-11-04,Brahmaputra_Floodplain,64.05750274658203,19.23487663269043,97
2019-11-04,Ganges_Floodplain,15.090828895568848,11.98735237121582,41
2019-11-04,GBM_Delta,29.953676223754883,16.83316421508789,55
2019-11-04,Meghna_Floodplain,15.959824562072754,12.0081205368042,26
2019-11-04,Eastern_Hills,25.38404083251953,27.43639373779297,75
2019-11-11,Barind_Tract,18.99103355407715,12.08922004699707,40
2019-11-11,Northern_Terrace,50.6383056640625,18.37731170654297,60
2019-11-11,Brahmaputra_Floodplain,73.1257553100586,19.510957717895508,97
2019-11-11,Ganges_Floodplain,20.909194946289062,14.678865432739258,41
2019-11-11,GBM_Delta,43.18714904785156,19.754680633544922,55
2019-11-11,Meghna_Floodplain,34.29326629638672,20.88182258605957,26
2019-11-11,Eastern_Hills,36.22148895263672,29.252904891967773,75
2019-11-18,Barind_Tract,19.76409912109375,12.369784355163574,40
2019-11-18,Northern_Terrace,48.801490783691406,19.128128051757812,60
2019-11-18,Brahmaputra_Floodplain,72.66161346435547,18.663331985473633,97
2019-11-18,Ganges_Floodplain,24.84575080871582,14.707635879516602,41
2019-11-18,GBM_Delta,47.956111907958984,17.168649673461914,55
2019-11-18,Meghna_Floodplain,37.780555725097656,19.825458526611328,26
2019-11-18,Eastern_Hills,41.09590530395508,26.171001434326172,75
2019-11-25,Barind_Tract,20.356637954711914,12.11053466796875,40
2019-11-25,Northern_Terrace,49.22149658203125,20.60964012145996,60
2019-11-25,Brahmaputra_Floodplain,73.3897933959961,18.050155639648438,97
2019-11-25,Ganges_Floodplain,26.06943130493164,13.743670463562012,41
2019-11-25,GBM_Delta,48.02116775512695,16.366378784179688,55
2019-11-25,Meghna_Floodplain,35.61917495727539,18.230575561523438,26
2019-11-25,Eastern_Hills,38.31165313720703,25.954971313476562,75
2019-12-02,Barind_Tract,21.012950897216797,11.505617141723633,40
2019-12-02,Northern_Terrace,46.99033737182617,20.17120361328125,60
2019-12-02,Brahmaputra_Floodplain,71.0760269165039,17.579853057861328,97
2019-12-02,Ganges_Floodplain,27.493637084960938,13.011343955993652,41
2019-12-02,GBM_Delta,48.727962493896484,16.42027473449707,55
2019-12-02,Meghna_Floodplain,35.766639709472656,17.351579666137695,26
2019-12-02,Eastern_Hills,36.92927551269531,25.921926498413086,75
2019-12-09,Barind_Tract,21.24635887145996,11.009803771972656,40
2019-12-09,Northern_Terrace,42.998226165771484,18.858530044555664,60
2019-12-09,Brahmaputra_Floodplain,68.0479736328125,17.833534240722656,97
2019-12-09,Ganges_Floodplain,28.27211570739746,12.752602577209473,41
2019-12-09,GBM_Delta,48.09697723388672,16.951566696166992,55
2019-12-09,Meghna_Floodplain,33.7603645324707,16.252988815307617,26
2019-12-09,Eastern_Hills,34.884864807128906,25.540996551513672,75
2019-12-16,Barind_Tract,21.50359535217285,10.490872383117676,40
2019-12-16,Northern_Terrace,40.911399841308594,18.1924991607666,60
2019-12-16,Brahmaputra_Floodplain,66.27565002441406,18.203720092773438,97
2019-12-16,Ganges_Floodplain,28.719228744506836,12.299287796020508,41
2019-12-16,GBM_Delta,46.77217102050781,17.017131805419922,55
2019-12-16,Meghna_Floodplain,31.261457443237305,15.145720481872559,26
2019-12-16,Eastern_Hills,33.99325180053711,24.47882080078125,75
2019-12-23,Barind_Tract,22.504369735717773,10.093612670898438,40
2019-12-23,Northern_Terrace,39.624671936035156,17.43389892578125,60
2019-12-23,Brahmaputra_Floodplain,61.44568634033203,15.999605178833008,97
2019-12-23,Ganges_Floodplain,29.7004337310791,11.412980079650879,41
2019-12-23,GBM_Delta,44.934085845947266,16.649127960205078,55
2019-12-23,Meghna_Floodplain,29.01059341430664,13.804299354553223,26
2019-12-23,Eastern_Hills,31.799888610839844,23.115259170532227,75
2019-12-30,Barind_Tract,24.070093154907227,10.057609558105469,40
2019-12-30,Northern_Terrace,37.139183044433594,16.76842498779297,60
2019-12-30,Brahmaputra_Floodplain,59.41001892089844,16.57364273071289,97
2019-12-30,Ganges_Floodplain,31.99289321899414,12.401984214782715,41
2019-12-30,GBM_Delta,46.54416275024414,17.112077713012695,55
2019-12-30,Meghna_Floodplain,29.446565628051758,13.423206329345703,26
2019-12-30,Eastern_Hills,32.52196502685547,23.536788940429688,75
2020-01-06,Barind_Tract,28.446823120117188,11.867700576782227,40
2020-01-06,Northern_Terrace,34.15201187133789,16.91160774230957,60
2020-01-06,Brahmaputra_Floodplain,62.48866271972656,19.505659103393555,97
2020-01-06,Ganges_Floodplain,36.78556442260742,13.376619338989258,41
2020-01-06,GBM_Delta,51.35118865966797,16.813756942749023,55
2020-01-06,Meghna_Floodplain,34.61831283569336,14.538050651550293,26
2020-01-06,Eastern_Hills,43.72198486328125,23.53314781188965,75
2020-01-13,Barind_Tract,31.136545181274414,12.795459747314453,40
2020-01-13,Northern_Terrace,33.63398361206055,17.376829147338867,60
2020-01-13,Brahmaputra_Floodplain,64.54146575927734,21.186975479125977,97
2020-01-13,Ganges_Floodplain,39.47407531738281,13.341211318969727,41
2020-01-13,GBM_Delta,53.60865020751953,16.56675910949707,55
2020-01-13,Meghna_Floodplain,36.39389419555664,15.189271926879883,26
2020-01-13,Eastern_Hills,49.560489654541016,23.21207046508789,75
2020-01-20,Barind_Tract,33.291725158691406,13.255963325500488,40
2020-01-20,Northern_Terrace,32.1670036315918,17.059322357177734,60
2020-01-20,Brahmaputra_Floodplain,65.01156616210938,22.810768127441406,97
2020-01-20,Ganges_Floodplain,41.69831466674805,13.24936580657959,41
2020-01-20,GBM_Delta,54.65152359008789,16.65857696533203,55
2020-01-20,Meghna_Floodplain,36.510807037353516,15.527257919311523,26
2020-01-20,Eastern_Hills,52.26423645019531,22.95150375366211,75
2020-01-27,Barind_Tract,35.15801239013672,13.269543647766113,40
2020-01-27,Northern_Terrace,30.672922134399414,16.270034790039062,60
2020-01-27,Brahmaputra_Floodplain,62.97964859008789,22.526546478271484,97
2020-01-27,Ganges_Floodplain,43.67238998413086,12.91183853149414,41
2020-01-27,GBM_Delta,54.78687286376953,16.294715881347656,55
2020-01-27,Meghna_Floodplain,35.43402862548828,14.614428520202637,26
2020-01-27,Eastern_Hills,51.86098098754883,21.749340057373047,75
2020-02-03,Barind_Tract,37.31462860107422,13.551056861877441,40
2020-02-03,Northern_Terrace,31.063138961791992,15.936029434204102,60
2020-02-03,Brahmaputra_Floodplain,61.5774040222168,21.961814880371094,97
2020-02-03,Ganges_Floodplain,47.11625671386719,12.238740921020508,41
2020-02-03,GBM_Delta,56.68621826171875,15.720855712890625,55
2020-02-03,Meghna_Floodplain,39.0320930480957,13.542933464050293,26
2020-02-03,Eastern_Hills,55.89134216308594,17.27501678466797,75
2020-02-10,Barind_Tract,38.944374084472656,13.52443790435791,40
2020-02-10,Northern_Terrace,29.616619110107422,15.467130661010742,60
2020-02-10,Brahmaputra_Floodplain,59.955692291259766,21.90562629699707,97
2020-02-10,Ganges_Floodplain,49.2260627746582,11.606546401977539,41
2020-02-10,GBM_Delta,57.312782287597656,15.819628715515137,55
2020-02-10,Meghna_Floodplain,39.362247467041016,13.804523468017578,26
2020-02-10,Eastern_Hills,55.79738998413086,16.160066604614258,75
2020-02-17,Barind_Tract,39.04474639892578,13.067463874816895,40
2020-02-17,Northern_Terrace,26.037023544311523,14.035087585449219,60
2020-02-17,Brahmaputra_Floodplain,56.49551010131836,21.50178337097168,97
2020-02-17,Ganges_Floodplain,48.74113082885742,10.578024864196777,41
2020-02-17,GBM_Delta,56.228904724121094,15.355669021606445,55
2020-02-17,Meghna_Floodplain,40.595951080322266,12.573233604431152,26
2020-02-17,Eastern_Hills,55.30586624145508,13.720036506652832,75
2020-02-24,Barind_Tract,40.16865158081055,12.635395050048828,40
2020-02-24,Northern_Terrace,25.86872100830078,13.302560806274414,60
2020-02-24,Brahmaputra_Floodplain,54.36731719970703,20.277864456176758,97
2020-02-24,Ganges_Floodplain,49.62019348144531,9.718226432800293,41
2020-02-24,GBM_Delta,54.812259674072266,14.951289176940918,55
2020-02-24,Meghna_Floodplain,41.653785705566406,10.890177726745605,26
2020-02-24,Eastern_Hills,54.276554107666016,11.264519691467285,75
2020-03-02,Barind_Tract,43.20317459106445,11.967047691345215,40
2020-03-02,Northern_Terrace,28.825456619262695,13.223954200744629,60
2020-03-02,Brahmaputra_Floodplain,55.8788948059082,19.853803634643555,97
2020-03-02,Ganges_Floodplain,50.38108444213867,9.619071006774902,41
2020-03-02,GBM_Delta,53.024864196777344,15.97217845916748,55
2020-03-02,Meghna_Floodplain,39.670772552490234,12.243176460266113,26
2020-03-02,Eastern_Hills,52.290287017822266,14.054917335510254,75
2020-03-09,Barind_Tract,47.82002639770508,12.50085163116455,40
2020-03-09,Northern_Terrace,32.22929000854492,13.73306941986084,60
2020-03-09,Brahmaputra_Floodplain,63.21913146972656,19.921354293823242,97
2020-03-09,Ganges_Floodplain,54.67753219604492,9.867491722106934,41
2020-03-09,GBM_Delta,54.97548294067383,16.78481101989746,55
2020-03-09,Meghna_Floodplain,45.28812026977539,14.619881629943848,26
2020-03-09,Eastern_Hills,56.225311279296875,17.08228302001953,75
2020-03-16,Barind_Tract,51.4981575012207,11.894749641418457,40
2020-03-16,Northern_Terrace,35.324317932128906,13.399802207946777,60
2020-03-16,Brahmaputra_Floodplain,64.40573120117188,17.252286911010742,97
2020-03-16,Ganges_Floodplain,58.720821380615234,9.057863235473633,41
2020-03-16,GBM_Delta,57.14310073852539,17.052690505981445,55
2020-03-16,Meghna_Floodplain,48.81028366088867,15.043937683105469,26
2020-03-16,Eastern_Hills,57.411075592041016,17.35038948059082,75
2020-03-23,Barind_Tract,53.21663284301758,10.916682243347168,40
2020-03-23,Northern_Terrace,36.201454162597656,12.854317665100098,60
2020-03-23,Brahmaputra_Floodplain,59.7822380065918,15.705071449279785,97
2020-03-23,Ganges_Floodplain,59.61558532714844,8.589366912841797,41
2020-03-23,GBM_Delta,57.86903381347656,16.903995513916016,55
2020-03-23,Meghna_Floodplain,49.379337310791016,15.242152214050293,26
2020-03-23,Eastern_Hills,53.582618713378906,15.613759994506836,75
2020-03-30,Barind_Tract,53.548728942871094,10.32645320892334,40
2020-03-30,Northern_Terrace,36.041282653808594,13.199127197265625,60
2020-03-30,Brahmaputra_Floodplain,57.976356506347656,15.11527156829834,97
2020-03-30,Ganges_Floodplain,59.059486389160156,8.678927421569824,41
2020-03-30,GBM_Delta,56.85090255737305,16.582170486450195,55
2020-03-30,Meghna_Floodplain,50.81420135498047,17.224233627319336,26
2020-03-30,Eastern_Hills,47.84337615966797,13.761686325073242,75
2020-04-06,Barind_Tract,52.20735549926758,11.19367504119873,40
2020-04-06,Northern_Terrace,28.98334312438965,14.750527381896973,60
2020-04-06,Brahmaputra_Floodplain,44.41385269165039,14.839778900146484,97
2020-04-06,Ganges_Floodplain,59.34382247924805,8.628454208374023,41
2020-04-06,GBM_Delta,56.69043731689453,17.285938262939453,55
2020-04-06,Meghna_Floodplain,42.16051483154297,15.807173728942871,26
2020-04-06,Eastern_Hills,40.406105041503906,10.50460433959961,75
2020-04-13,Barind_Tract,46.776466369628906,11.63431453704834,40
2020-04-13,Northern_Terrace,22.389904022216797,11.651825904846191,60
2020-04-13,Brahmaputra_Floodplain,34.99266815185547,16.443164825439453,97
2020-04-13,Ganges_Floodplain,56.05009460449219,9.908843994140625,41
2020-04-13,GBM_Delta,50.546138763427734,18.901599884033203,55
2020-04-13,Meghna_Floodplain,26.796741485595703,15.502697944641113,26
2020-04-13,Eastern_Hills,29.0131893157959,14.30557918548584,75
2020-04-20,Barind_Tract,45.075096130371094,12.808717727661133,40
2020-04-20,Northern_Terrace,22.701534271240234,9.823118209838867,60
2020-04-20,Brahmaputra_Floodplain,31.22069549560547,15.06351089477539,97
2020-04-20,Ganges_Floodplain,52.63153076171875,12.98388957977295,41
2020-04-20,GBM_Delta,44.07383728027344,18.092981338500977,55
2020-04-20,Meghna_Floodplain,17.21571922302246,12.584285736083984,26
2020-04-20,Eastern_Hills,22.963396072387695,11.463156700134277,75
2020-04-27,Barind_Tract,56.20758056640625,13.691605567932129,40
2020-04-27,Northern_Terrace,37.58376693725586,12.031811714172363,60
2020-04-27,Brahmaputra_Floodplain,38.35600662231445,17.72312355041504,97
2020-04-27,Ganges_Floodplain,70.37862396240234,9.770156860351562,41
2020-04-27,GBM_Delta,68.02540588378906,21.492111206054688,55
2020-04-27,Meghna_Floodplain,38.090877532958984,19.763816833496094,26
2020-04-27,Eastern_Hills,28.17896842956543,12.661240577697754,75
2020-05-04,Barind_Tract,61.38530731201172,13.774025917053223,40
2020-05-04,Northern_Terrace,36.85782241821289,13.955831527709961,60
2020-05-04,Brahmaputra_Floodplain,32.9625129699707,20.19042205810547,97
2020-05-04,Ganges_Floodplain,80.44841766357422,10.032294273376465,41
2020-05-04,GBM_Delta,88.53656768798828,14.897292137145996,55
2020-05-04,Meghna_Floodplain,51.97752380371094,16.47367286682129,26
2020-05-04,Eastern_Hills,30.343929290771484,13.572117805480957,75
2020-05-11,Barind_Tract,59.51329803466797,13.71721363067627,40
2020-05-11,Northern_Terrace,29.348072052001953,13.386695861816406,60
2020-05-11,Brahmaputra_Floodplain,25.524751663208008,19.241012573242188,97
2020-05-11,Ganges_Floodplain,77.60316467285156,12.10728645324707,41
2020-05-11,GBM_Delta,89.69906616210938,14.598998069763184,55
2020-05-11,Meghna_Floodplain,48.914100646972656,15.134584426879883,26
2020-05-11,Eastern_Hills,25.569026947021484,12.095945358276367,75
2020-05-18,Barind_Tract,57.8999137878418,14.41171932220459,40
2020-05-18,Northern_Terrace,28.007978439331055,11.35588550567627,60
2020-05-18,Brahmaputra_Floodplain,26.957624435424805,16.755573272705078,97
2020-05-18,Ganges_Floodplain,74.27313232421875,14.153207778930664,41
2020-05-18,GBM_Delta,82.99156951904297,15.32960319519043,55
2020-05-18,Meghna_Floodplain,39.56375503540039,17.1635684967041,26
2020-05-18,Eastern_Hills,20.157258987426758,12.16996955871582,75
2020-05-25,Barind_Tract,78.40464782714844,12.383732795715332,40
2020-05-25,Northern_Terrace,43.8646240234375,12.180496215820312,60
2020-05-25,Brahmaputra_Floodplain,42.924949645996094,21.331924438476562,97
2020-05-25,Ganges_Floodplain,83.12268829345703,11.861664772033691,41
2020-05-25,GBM_Delta,80.11116790771484,15.618990898132324,55
2020-05-25,Meghna_Floodplain,36.983699798583984,15.737486839294434,26
2020-05-25,Eastern_Hills,21.3918399810791,11.91008472442627,75
2020-06-01,Barind_Tract,83.14469909667969,9.551006317138672,40
2020-06-01,Northern_Terrace,58.89742660522461,10.192556381225586,60
2020-06-01,Brahmaputra_Floodplain,57.54263687133789,17.93130874633789,97
2020-06-01,Ganges_Floodplain,86.42213439941406,9.875177383422852,41
2020-06-01,GBM_Delta,77.55333709716797,16.066001892089844,55
2020-06-01,Meghna_Floodplain,37.645408630371094,15.723274230957031,26
2020-06-01,Eastern_Hills,19.898672103881836,8.935571670532227,75
2020-06-08,Barind_Tract,82.85323333740234,8.816507339477539,40
2020-06-08,Northern_Terrace,62.95469284057617,8.411409378051758,60
2020-06-08,Brahmaputra_Floodplain,58.19660949707031,16.1414737701416,97
2020-06-08,Ganges_Floodplain,87.93872833251953,9.328568458557129,41
2020-06-08,GBM_Delta,74.59487915039062,13.46437931060791,55
2020-06-08,Meghna_Floodplain,42.902122497558594,11.808635711669922,26
2020-06-08,Eastern_Hills,19.48275375366211,6.121196269989014,75
2020-06-15,Barind_Tract,79.39714813232422,8.93825626373291,40
2020-06-15,Northern_Terrace,56.453121185302734,8.903877258300781,60
2020-06-15,Brahmaputra_Floodplain,50.584903717041016,15.705598831176758,97
2020-06-15,Ganges_Floodplain,80.92424774169922,11.535542488098145,41
2020-06-15,GBM_Delta,69.4132308959961,10.58581829071045,55
2020-06-15,Meghna_Floodplain,41.45927047729492,8.39350700378418,26
2020-06-15,Eastern_Hills,22.97372817993164,5.683813571929932,75
2020-06-22,Barind_Tract,80.84469604492188,7.604779243469238,40
2020-06-22,Northern_Terrace,57.878318786621094,10.421618461608887,60
2020-06-22,Brahmaputra_Floodplain,49.07072067260742,17.737354278564453,97
2020-06-22,Ganges_Floodplain,79.89942932128906,11.04837703704834,41
2020-06-22,GBM_Delta,75.94920349121094,9.123831748962402,55
2020-06-22,Meghna_Floodplain,47.93480682373047,7.200746536254883,26
2020-06-22,Eastern_Hills,28.320497512817383,7.530041217803955,75
2020-06-29,Barind_Tract,82.81163787841797,6.713752269744873,40
2020-06-29,Northern_Terrace,76.69794464111328,10.29271411895752,60
2020-06-29,Brahmaputra_Floodplain,75.04651641845703,19.95631217956543,97
2020-06-29,Ganges_Floodplain,78.19930267333984,11.852330207824707,41
2020-06-29,GBM_Delta,72.31417846679688,10.330193519592285,55
2020-06-29,Meghna_Floodplain,43.655921936035156,8.209479331970215,26
2020-06-29,Eastern_Hills,24.008573532104492,11.678834915161133,75
2020-07-06,Barind_Tract,79.71175384521484,6.126467227935791,40
2020-07-06,Northern_Terrace,70.67928314208984,12.773836135864258,60
2020-07-06,Brahmaputra_Floodplain,56.520103454589844,22.735454559326172,97
2020-07-06,Ganges_Floodplain,71.8671875,12.252508163452148,41
2020-07-06,GBM_Delta,61.31534957885742,8.671215057373047,55
2020-07-06,Meghna_Floodplain,37.61741638183594,9.29820728302002,26
2020-07-06,Eastern_Hills,16.198835372924805,8.650496482849121,75
2020-07-13,Barind_Tract,77.5722885131836,6.040976524353027,40
2020-07-13,Northern_Terrace,72.1792984008789,15.895401954650879,60
2020-07-13,Brahmaputra_Floodplain,86.51243591308594,17.194902420043945,97
2020-07-13,Ganges_Floodplain,69.53958892822266,10.330890655517578,41
2020-07-13,GBM_Delta,60.39517593383789,7.2255353927612305,55
2020-07-13,Meghna_Floodplain,41.37309265136719,8.313926696777344,26
2020-07-13,Eastern_Hills,23.640199661254883,21.457183837890625,75
2020-07-20,Barind_Tract,65.64078521728516,5.5541205406188965,40
2020-07-20,Northern_Terrace,66.97978973388672,17.384397506713867,60
2020-07-20,Brahmaputra_Floodplain,70.45625305175781,16.450817108154297,97
2020-07-20,Ganges_Floodplain,59.32467269897461,8.815659523010254,41
2020-07-20,GBM_Delta,52.2307243347168,7.84470272064209,55
2020-07-20,Meghna_Floodplain,39.88897705078125,7.434290409088135,26
2020-07-20,Eastern_Hills,21.239057540893555,9.693284034729004,75
2020-07-27,Barind_Tract,61.6287956237793,5.3577070236206055,40
2020-07-27,Northern_Terrace,71.80122375488281,15.019752502441406,60
2020-07-27,Brahmaputra_Floodplain,61.46318435668945,18.308713912963867,97
2020-07-27,Ganges_Floodplain,61.70279312133789,8.847933769226074,41
2020-07-27,GBM_Delta,57.53306579589844,8.102789878845215,55
2020-07-27,Meghna_Floodplain,46.55325698852539,8.341191291809082,26
2020-07-27,Eastern_Hills,28.060901641845703,14.016358375549316,75
2020-08-03,Barind_Tract,57.322654724121094,4.963009834289551,40
2020-08-03,Northern_Terrace,79.67847442626953,16.81700897216797,60
2020-08-03,Brahmaputra_Floodplain,51.51247024536133,28.30183982849121,97
2020-08-03,Ganges_Floodplain,58.23350143432617,9.0380220413208,41
2020-08-03,GBM_Delta,49.02538299560547,8.336407661437988,55
2020-08-03,Meghna_Floodplain,38.673851013183594,8.25547981262207,26
2020-08-03,Eastern_Hills,22.32430648803711,13.27379322052002,75
2020-08-10,Barind_Tract,59.81425857543945,5.250924110412598,40
2020-08-10,Northern_Terrace,67.01155853271484,11.022987365722656,60
2020-08-10,Brahmaputra_Floodplain,24.951858520507812,20.14313507080078,97
2020-08-10,Ganges_Floodplain,58.11635971069336,10.759052276611328,41
2020-08-10,GBM_Delta,54.40711212158203,8.603571891784668,55
2020-08-10,Meghna_Floodplain,42.70994186401367,8.836986541748047,26
2020-08-10,Eastern_Hills,22.49828338623047,8.927099227905273,75
2020-08-17,Barind_Tract,56.075218200683594,3.608781099319458,40
2020-08-17,Northern_Terrace,63.02207565307617,8.766451835632324,60
2020-08-17,Brahmaputra_Floodplain,27.295215606689453,15.104790687561035,97
2020-08-17,Ganges_Floodplain,51.160430908203125,8.074292182922363,41
2020-08-17,GBM_Delta,43.5796012878418,8.597145080566406,55
2020-08-17,Meghna_Floodplain,42.14146423339844,11.962773323059082,26
2020-08-17,Eastern_Hills,22.93107032775879,11.579056739807129,75
2020-08-24,Barind_Tract,56.28399658203125,6.365362644195557,40
2020-08-24,Northern_Terrace,55.72455978393555,6.332617282867432,60
2020-08-24,Brahmaputra_Floodplain,26.651968002319336,13.855403900146484,97
2020-08-24,Ganges_Floodplain,58.79030227661133,8.829254150390625,41
2020-08-24,GBM_Delta,66.61471557617188,10.983643531799316,55
2020-08-24,Meghna_Floodplain,57.081398010253906,21.04710578918457,26
2020-08-24,Eastern_Hills,36.80504608154297,29.497697830200195,75
2020-08-31,Barind_Tract,50.56999969482422,9.581631660461426,40
2020-08-31,Northern_Terrace,44.54467010498047,9.564432144165039,60
2020-08-31,Brahmaputra_Floodplain,20.586076736450195,14.235605239868164,97
2020-08-31,Ganges_Floodplain,56.64556121826172,10.821417808532715,41
2020-08-31,GBM_Delta,59.78954315185547,9.59549617767334,55
2020-08-31,Meghna_Floodplain,36.51603698730469,12.083127975463867,26
2020-08-31,Eastern_Hills,23.538352966308594,21.096519470214844,75
2020-09-07,Barind_Tract,44.53112030029297,6.514191627502441,40
2020-09-07,Northern_Terrace,50.69703674316406,11.132253646850586,60
2020-09-07,Brahmaputra_Floodplain,16.86734962463379,12.568221092224121,97
2020-09-07,Ganges_Floodplain,49.45390319824219,8.195272445678711,41
2020-09-07,GBM_Delta,45.05520248413086,14.292017936706543,55
2020-09-07,Meghna_Floodplain,23.285320281982422,11.58053970336914,26
2020-09-07,Eastern_Hills,9.094679832458496,10.48874568939209,75
2020-09-14,Barind_Tract,45.376182556152344,6.12828254699707,40
2020-09-14,Northern_Terrace,78.13518524169922,16.35220718383789,60
2020-09-14,Brahmaputra_Floodplain,26.464069366455078,16.762760162353516,97
2020-09-14,Ganges_Floodplain,44.439632415771484,6.673279285430908,41
2020-09-14,GBM_Delta,39.39628601074219,16.14024543762207,55
2020-09-14,Meghna_Floodplain,17.793405532836914,8.976725578308105,26
2020-09-14,Eastern_Hills,9.133490562438965,8.585990905761719,75
2020-09-21,Barind_Tract,45.61341094970703,10.65921688079834,40
2020-09-21,Northern_Terrace,90.22341918945312,13.36912727355957,60
2020-09-21,Brahmaputra_Floodplain,21.88804817199707,16.88460350036621,97
2020-09-21,Ganges_Floodplain,36.51152038574219,8.240926742553711,41
2020-09-21,GBM_Delta,32.215091705322266,15.853626251220703,55
2020-09-21,Meghna_Floodplain,10.597624778747559,7.436234951019287,26
2020-09-21,Eastern_Hills,8.180899620056152,8.523541450500488,75
2020-09-28,Barind_Tract,60.639854431152344,21.96120262145996,40
2020-09-28,Northern_Terrace,96.14534759521484,10.803467750549316,60
2020-09-28,Brahmaputra_Floodplain,75.6022720336914,17.862159729003906,97
2020-09-28,Ganges_Floodplain,47.76493835449219,7.182465076446533,41
2020-09-28,GBM_Delta,55.483917236328125,12.003806114196777,55
2020-09-28,Meghna_Floodplain,42.70196533203125,17.96470069885254,26
2020-09-28,Eastern_Hills,27.002368927001953,17.42704963684082,75
2020-10-05,Barind_Tract,56.7500114440918,18.069576263427734,40
2020-10-05,Northern_Terrace,92.20108032226562,9.297785758972168,60
2020-10-05,Brahmaputra_Floodplain,63.65435791015625,13.30187702178955,97
2020-10-05,Ganges_Floodplain,46.15787124633789,7.165792942047119,41
2020-10-05,GBM_Delta,57.50981521606445,9.694784164428711,55
2020-10-05,Meghna_Floodplain,45.309974670410156,13.10666561126709,26
2020-10-05,Eastern_Hills,30.454313278198242,14.678359031677246,75
2020-10-12,Barind_Tract,46.52266311645508,9.896891593933105,40
2020-10-12,Northern_Terrace,83.979248046875,12.922212600708008,60
2020-10-12,Brahmaputra_Floodplain,57.270965576171875,9.548035621643066,97
2020-10-12,Ganges_Floodplain,41.23112869262695,8.328096389770508,41
2020-10-12,GBM_Delta,55.05948257446289,8.953633308410645,55
2020-10-12,Meghna_Floodplain,36.221614837646484,11.579323768615723,26
2020-10-12,Eastern_Hills,21.387937545776367,11.256749153137207,75
2020-10-19,Barind_Tract,41.39623260498047,8.059694290161133,40
2020-10-19,Northern_Terrace,70.36460876464844,11.435669898986816,60
2020-10-19,Brahmaputra_Floodplain,45.95071792602539,9.27503776550293,97
2020-10-19,Ganges_Floodplain,35.82601547241211,8.78303050994873,41
2020-10-19,GBM_Delta,47.230125427246094,10.870945930480957,55
2020-10-19,Meghna_Floodplain,24.90403938293457,10.047152519226074,26
2020-10-19,Eastern_Hills,18.868005752563477,9.77146053314209,75
2020-10-26,Barind_Tract,41.801849365234375,12.317014694213867,40
2020-10-26,Northern_Terrace,71.72694396972656,10.193087577819824,60
2020-10-26,Brahmaputra_Floodplain,85.91979217529297,10.17965316772461,97
2020-10-26,Ganges_Floodplain,45.692649841308594,16.413455963134766,41
2020-10-26,GBM_Delta,71.20668029785156,12.078808784484863,55
2020-10-26,Meghna_Floodplain,76.44457244873047,17.04096221923828,26
2020-10-26,Eastern_Hills,69.7992935180664,20.494699478149414,75
2020-11-02,Barind_Tract,40.739891052246094,12.508381843566895,40
2020-11-02,Northern_Terrace,66.81621551513672,9.141081809997559,60
2020-11-02,Brahmaputra_Floodplain,81.60810852050781,8.93579387664795,97
2020-11-02,Ganges_Floodplain,44.19387435913086,16.232315063476562,41
2020-11-02,GBM_Delta,68.77427673339844,11.585102081298828,55
2020-11-02,Meghna_Floodplain,74.58348846435547,14.777634620666504,26
2020-11-02,Eastern_Hills,78.47454833984375,15.445748329162598,75
2020-11-09,Barind_Tract,35.66320037841797,11.117668151855469,40
2020-11-09,Northern_Terrace,58.38495635986328,9.387060165405273,60
2020-11-09,Brahmaputra_Floodplain,74.39192962646484,9.278385162353516,97
2020-11-09,Ganges_Floodplain,40.2674560546875,14.8233642578125,41
2020-11-09,GBM_Delta,66.33374786376953,12.53426742553711,55
2020-11-09,Meghna_Floodplain,71.63105773925781,14.840361595153809,26
2020-11-09,Eastern_Hills,82.228271484375,14.82840633392334,75
2020-11-16,Barind_Tract,33.24393844604492,11.146895408630371,40
2020-11-16,Northern_Terrace,50.97107696533203,8.583935737609863,60
2020-11-16,Brahmaputra_Floodplain,67.75672912597656,8.86104965209961,97
2020-11-16,Ganges_Floodplain,35.81974792480469,13.41494369506836,41
2020-11-16,GBM_Delta,59.20083999633789,12.083187103271484,55
2020-11-16,Meghna_Floodplain,64.52186584472656,15.870837211608887,26
2020-11-16,Eastern_Hills,73.3880386352539,17.458467483520508,75
2020-11-23,Barind_Tract,31.976055145263672,11.441725730895996,40
2020-11-23,Northern_Terrace,48.40845489501953,9.227246284484863,60
2020-11-23,Brahmaputra_Floodplain,66.36280059814453,8.613950729370117,97
2020-11-23,Ganges_Floodplain,33.86088180541992,13.18880844116211,41
2020-11-23,GBM_Delta,57.2348518371582,11.994803428649902,55
2020-11-23,Meghna_Floodplain,60.302772521972656,16.131803512573242,26
2020-11-23,Eastern_Hills,65.56505584716797,17.086978912353516,75
2020-11-30,Barind_Tract,31.6160888671875,12.024771690368652,40
2020-11-30,Northern_Terrace,46.77661895751953,8.996628761291504,60
2020-11-30,Brahmaputra_Floodplain,63.76127243041992,9.842809677124023,97
2020-11-30,Ganges_Floodplain,32.85683059692383,12.94721794128418,41
2020-11-30,GBM_Delta,56.52786636352539,12.212730407714844,55
2020-11-30,Meghna_Floodplain,59.32286834716797,16.712919235229492,26
2020-11-30,Eastern_Hills,62.737701416015625,17.44380760192871,75
2020-12-07,Barind_Tract,30.9500789642334,11.57468032836914,40
2020-12-07,Northern_Terrace,41.43403244018555,9.733938217163086,60
2020-12-07,Brahmaputra_Floodplain,62.69438552856445,10.354167938232422,97
2020-12-07,Ganges_Floodplain,33.09672546386719,12.899735450744629,41
2020-12-07,GBM_Delta,57.91736602783203,13.439759254455566,55
2020-12-07,Meghna_Floodplain,60.401729583740234,17.734956741333008,26
2020-12-07,Eastern_Hills,61.405052185058594,17.047285079956055,75
2020-12-14,Barind_Tract,30.32708740234375,11.349514961242676,40
2020-12-14,Northern_Terrace,38.01741027832031,11.079425811767578,60
2020-12-14,Brahmaputra_Floodplain,63.45502853393555,10.515832901000977,97
2020-12-14,Ganges_Floodplain,33.012210845947266,12.777941703796387,41
2020-12-14,GBM_Delta,59.03293228149414,13.431015968322754,55
2020-12-14,Meghna_Floodplain,60.77268600463867,18.130231857299805,26
2020-12-14,Eastern_Hills,58.72918701171875,16.45281982421875,75
2020-12-21,Barind_Tract,29.312145233154297,10.563406944274902,40
2020-12-21,Northern_Terrace,34.443580627441406,11.73481273651123,60
2020-12-21,Brahmaputra_Floodplain,60.92369079589844,11.079574584960938,97
2020-12-21,Ganges_Floodplain,32.778995513916016,12.064064979553223,41
2020-12-21,GBM_Delta,58.22758483886719,12.750903129577637,55
2020-12-21,Meghna_Floodplain,58.493465423583984,17.762531280517578,26
2020-12-21,Eastern_Hills,56.0753173828125,16.805448532104492,75
2020-12-28,Barind_Tract,28.726734161376953,10.283601760864258,40
2020-12-28,Northern_Terrace,30.48624610900879,12.092647552490234,60
2020-12-28,Brahmaputra_Floodplain,58.037837982177734,11.67344856262207,97
2020-12-28,Ganges_Floodplain,32.98976516723633,11.915521621704102,41
2020-12-28,GBM_Delta,58.74167251586914,12.393080711364746,55
2020-12-28,Meghna_Floodplain,57.30556869506836,17.543310165405273,26
2020-12-28,Eastern_Hills,54.671730041503906,17.15630340576172,75
2021-01-04,Barind_Tract,30.093215942382812,9.379443168640137,40
2021-01-04,Northern_Terrace,23.670793533325195,10.771699905395508,60
2021-01-04,Brahmaputra_Floodplain,53.2118034362793,13.338810920715332,97
2021-01-04,Ganges_Floodplain,34.7338981628418,11.520106315612793,41
2021-01-04,GBM_Delta,59.957672119140625,11.627006530761719,55
2021-01-04,Meghna_Floodplain,56.70726013183594,17.149166107177734,26
2021-01-04,Eastern_Hills,53.79365539550781,17.230716705322266,75
2021-01-11,Barind_Tract,30.048696517944336,9.12804126739502,40
2021-01-11,Northern_Terrace,20.567607879638672,10.076149940490723,60
2021-01-11,Brahmaputra_Floodplain,50.8082275390625,15.309547424316406,97
2021-01-11,Ganges_Floodplain,34.982181549072266,11.290011405944824,41
2021-01-11,GBM_Delta,60.79340362548828,11.862760543823242,55
2021-01-11,Meghna_Floodplain,56.82231903076172,17.92982292175293,26
2021-01-11,Eastern_Hills,52.00015640258789,17.451553344726562,75
2021-01-18,Barind_Tract,30.246932983398438,9.146692276000977,40
2021-01-18,Northern_Terrace,19.904361724853516,9.698378562927246,60
2021-01-18,Brahmaputra_Floodplain,50.57403564453125,16.153766632080078,97
2021-01-18,Ganges_Floodplain,35.28109359741211,11.566117286682129,41
2021-01-18,GBM_Delta,61.84803009033203,12.341282844543457,55
2021-01-18,Meghna_Floodplain,57.80079650878906,19.00308609008789,26
2021-01-18,Eastern_Hills,51.729713439941406,17.708946228027344,75
2021-01-25,Barind_Tract,30.141963958740234,8.533700942993164,40
2021-01-25,Northern_Terrace,19.414548873901367,9.139108657836914,60
2021-01-25,Brahmaputra_Floodplain,50.62002182006836,16.30659294128418,97
2021-01-25,Ganges_Floodplain,36.49998474121094,12.04011344909668,41
2021-01-25,GBM_Delta,63.77840042114258,12.414193153381348,55
2021-01-25,Meghna_Floodplain,59.449485778808594,19.557266235351562,26
2021-01-25,Eastern_Hills,53.71929931640625,17.51131820678711,75
2021-02-01,Barind_Tract,30.21331787109375,8.367316246032715,40
2021-02-01,Northern_Terrace,18.1502685546875,8.169673919677734,60
2021-02-01,Brahmaputra_Floodplain,47.95494079589844,16.118894577026367,97
2021-02-01,Ganges_Floodplain,37.85881805419922,11.833831787109375,41
2021-02-01,GBM_Delta,64.58438110351562,11.216325759887695,55
2021-02-01,Meghna_Floodplain,59.71980667114258,17.698532104492188,26
2021-02-01,Eastern_Hills,54.7901496887207,15.264586448669434,75
2021-02-08,Barind_Tract,30.41769027709961,8.602986335754395,40
2021-02-08,Northern_Terrace,17.29753875732422,7.581842422485352,60
2021-02-08,Brahmaputra_Floodplain,47.394622802734375,17.185598373413086,97
2021-02-08,Ganges_Floodplain,39.27328109741211,11.764880180358887,41
2021-02-08,GBM_Delta,64.9367446899414,11.210183143615723,55
2021-02-08,Meghna_Floodplain,62.34632110595703,17.14344596862793,26
2021-02-08,Eastern_Hills,56.14466094970703,14.979179382324219,75
2021-02-15,Barind_Tract,29.38019371032715,8.243133544921875,40
2021-02-15,Northern_Terrace,15.570441246032715,7.6265459060668945,60
2021-02-15,Brahmaputra_Floodplain,44.39432144165039,17.301877975463867,97
2021-02-15,Ganges_Floodplain,38.19673538208008,10.911869049072266,41
2021-02-15,GBM_Delta,64.35932922363281,12.055011749267578,55
2021-02-15,Meghna_Floodplain,62.19425964355469,17.56562614440918,26
2021-02-15,Eastern_Hills,54.16283416748047,14.581544876098633,75
2021-02-22,Barind_Tract,28.968835830688477,7.989792823791504,40
2021-02-22,Northern_Terrace,15.127933502197266,8.372397422790527,60
2021-02-22,Brahmaputra_Floodplain,41.514892578125,16.382843017578125,97
2021-02-22,Ganges_Floodplain,37.76475143432617,10.372262001037598,41
2021-02-22,GBM_Delta,63.3883171081543,12.14797306060791,55
2021-02-22,Meghna_Floodplain,61.74506378173828,16.783367156982422,26
2021-02-22,Eastern_Hills,52.518760681152344,14.25578498840332,75
2021-03-01,Barind_Tract,28.7841796875,7.888477802276611,40
2021-03-01,Northern_Terrace,15.596808433532715,8.592795372009277,60
2021-03-01,Brahmaputra_Floodplain,39.34708786010742,15.012320518493652,97
2021-03-01,Ganges_Floodplain,37.29374694824219,10.0228853225708,41
2021-03-01,GBM_Delta,61.41145706176758,13.436944961547852,55
2021-03-01,Meghna_Floodplain,59.82893753051758,18.39760971069336,26
2021-03-01,Eastern_Hills,49.39548873901367,15.043572425842285,75
2021-03-08,Barind_Tract,26.79336166381836,7.657965183258057,40
2021-03-08,Northern_Terrace,13.882197380065918,7.385581970214844,60
2021-03-08,Brahmaputra_Floodplain,37.45829391479492,13.874774932861328,97
2021-03-08,Ganges_Floodplain,35.53656005859375,10.298625946044922,41
2021-03-08,GBM_Delta,59.09583282470703,14.761303901672363,55
2021-03-08,Meghna_Floodplain,58.622127532958984,19.005279541015625,26
2021-03-08,Eastern_Hills,47.89703369140625,17.83283042907715,75
2021-03-15,Barind_Tract,25.76468849182129,7.791916847229004,40
2021-03-15,Northern_Terrace,13.903701782226562,6.697102069854736,60
2021-03-15,Brahmaputra_Floodplain,38.67769241333008,13.466585159301758,97
2021-03-15,Ganges_Floodplain,34.717681884765625,10.770865440368652,41
2021-03-15,GBM_Delta,57.1993522644043,15.502729415893555,55
2021-03-15,Meghna_Floodplain,58.42236328125,17.758953094482422,26
2021-03-15,Eastern_Hills,49.300018310546875,19.219951629638672,75
2021-03-22,Barind_Tract,24.9443359375,7.592182636260986,40
2021-03-22,Northern_Terrace,13.29990005493164,6.704399108886719,60
2021-03-22,Brahmaputra_Floodplain,35.09318161010742,13.272176742553711,97
2021-03-22,Ganges_Floodplain,34.24576187133789,10.476730346679688,41
2021-03-22,GBM_Delta,55.71962356567383,15.174717903137207,55
2021-03-22,Meghna_Floodplain,54.117286682128906,17.392433166503906,26
2021-03-22,Eastern_Hills,44.98738479614258,20.19580078125,75
2021-03-29,Barind_Tract,23.081838607788086,6.820022106170654,40
2021-03-29,Northern_Terrace,11.137961387634277,5.933568477630615,60
2021-03-29,Brahmaputra_Floodplain,28.772510528564453,13.300300598144531,97
2021-03-29,Ganges_Floodplain,32.38966751098633,9.288064002990723,41
2021-03-29,GBM_Delta,52.052181243896484,14.179658889770508,55
2021-03-29,Meghna_Floodplain,48.38138961791992,16.683961868286133,26
2021-03-29,Eastern_Hills,36.66291427612305,20.764585494995117,75
2021-04-05,Barind_Tract,19.538747787475586,5.85463285446167,40
2021-04-05,Northern_Terrace,7.3220534324646,4.265777587890625,60
2021-04-05,Brahmaputra_Floodplain,23.082284927368164,12.39100456237793,97
2021-04-05,Ganges_Floodplain,28.966096878051758,8.711431503295898,41
2021-04-05,GBM_Delta,50.82912063598633,14.903448104858398,55
2021-04-05,Meghna_Floodplain,40.61800003051758,16.710201263427734,26
2021-04-05,Eastern_Hills,38.21574783325195,18.831323623657227,75
2021-04-12,Barind_Tract,16.164316177368164,5.133671760559082,40
2021-04-12,Northern_Terrace,5.247465133666992,4.081283092498779,60
2021-04-12,Brahmaputra_Floodplain,18.79494285583496,11.32889175415039,97
2021-04-12,Ganges_Floodplain,24.25188636779785,8.211893081665039,41
2021-04-12,GBM_Delta,45.97087478637695,15.643293380737305,55
2021-04-12,Meghna_Floodplain,27.05137062072754,16.54452896118164,26
2021-04-12,Eastern_Hills,33.98195266723633,22.076284408569336,75
2021-04-19,Barind_Tract,13.962797164916992,4.629079341888428,40
2021-04-19,Northern_Terrace,5.036971569061279,4.207427978515625,60
2021-04-19,Brahmaputra_Floodplain,14.044841766357422,11.15832805633545,97
2021-04-19,Ganges_Floodplain,19.3772029876709,7.350138187408447,41
2021-04-19,GBM_Delta,39.88842010498047,14.78969669342041,55
2021-04-19,Meghna_Floodplain,11.407184600830078,11.458595275878906,26
2021-04-19,Eastern_Hills,27.083316802978516,19.874984741210938,75
2021-04-26,Barind_Tract,14.757497787475586,5.858419418334961,40
2021-04-26,Northern_Terrace,7.86476469039917,4.304928779602051,60
2021-04-26,Brahmaputra_Floodplain,9.778587341308594,9.614749908447266,97
2021-04-26,Ganges_Floodplain,19.53204345703125,7.383020401000977,41
2021-04-26,GBM_Delta,37.62958908081055,14.168434143066406,55
2021-04-26,Meghna_Floodplain,9.956721305847168,10.498747825622559,26
2021-04-26,Eastern_Hills,23.486753463745117,20.74570655822754,75
2021-05-03,Barind_Tract,15.296005249023438,5.281116962432861,40
2021-05-03,Northern_Terrace,9.126521110534668,6.334237098693848,60
2021-05-03,Brahmaputra_Floodplain,6.193887710571289,6.571784496307373,97
2021-05-03,Ganges_Floodplain,18.964067459106445,7.015697002410889,41
2021-05-03,GBM_Delta,34.27302932739258,14.53808307647705,55
2021-05-03,Meghna_Floodplain,12.291797637939453,10.119108200073242,26
2021-05-03,Eastern_Hills,18.701513290405273,18.668834686279297,75
2021-05-10,Barind_Tract,15.513410568237305,4.891972541809082,40
2021-05-10,Northern_Terrace,11.971683502197266,7.194504261016846,60
2021-05-10,Brahmaputra_Floodplain,6.343853950500488,6.577058792114258,97
2021-05-10,Ganges_Floodplain,23.980913162231445,7.496209621429443,41
2021-05-10,GBM_Delta,34.22568893432617,16.30447769165039,55
2021-05-10,Meghna_Floodplain,11.475930213928223,7.571685791015625,26
2021-05-10,Eastern_Hills,15.005433082580566,14.801852226257324,75
2021-05-17,Barind_Tract,19.72468376159668,6.820160865783691,40
2021-05-17,Northern_Terrace,15.827157020568848,7.246038436889648,60
2021-05-17,Brahmaputra_Floodplain,10.631552696228027,7.494466304779053,97
2021-05-17,Ganges_Floodplain,29.309289932250977,8.92747688293457,41
2021-05-17,GBM_Delta,38.561912536621094,16.639074325561523,55
2021-05-17,Meghna_Floodplain,6.503531455993652,5.2892279624938965,26
2021-05-17,Eastern_Hills,13.731578826904297,11.676302909851074,75
2021-05-24,Barind_Tract,20.90115737915039,7.994463920593262,40
2021-05-24,Northern_Terrace,15.987627983093262,6.328557968139648,60
2021-05-24,Brahmaputra_Floodplain,13.541972160339355,7.686570167541504,97
2021-05-24,Ganges_Floodplain,26.843244552612305,9.506635665893555,41
2021-05-24,GBM_Delta,33.5373420715332,16.473817825317383,55
2021-05-24,Meghna_Floodplain,5.413115978240967,5.14810848236084,26
2021-05-24,Eastern_Hills,15.402843475341797,13.280253410339355,75
2021-05-31,Barind_Tract,31.14645767211914,7.758709907531738,40
2021-05-31,Northern_Terrace,25.753948211669922,8.320947647094727,60
2021-05-31,Brahmaputra_Floodplain,12.492136001586914,8.399243354797363,97
2021-05-31,Ganges_Floodplain,34.13515090942383,12.98484992980957,41
2021-05-31,GBM_Delta,42.060482025146484,22.165363311767578,55
2021-05-31,Meghna_Floodplain,4.657802104949951,5.815643310546875,26
2021-05-31,Eastern_Hills,12.261702537536621,12.272520065307617,75
2021-06-07,Barind_Tract,37.556297302246094,8.68097972869873,40
2021-06-07,Northern_Terrace,28.02981185913086,8.449047088623047,60
2021-06-07,Brahmaputra_Floodplain,15.480883598327637,10.280533790588379,97
2021-06-07,Ganges_Floodplain,42.98641586303711,14.526620864868164,41
2021-06-07,GBM_Delta,51.37407684326172,14.481269836425781,55
2021-06-07,Meghna_Floodplain,14.325140953063965,10.629219055175781,26
2021-06-07,Eastern_Hills,10.472982406616211,10.757271766662598,75
2021-06-14,Barind_Tract,36.19580841064453,9.614110946655273,40
2021-06-14,Northern_Terrace,27.74302101135254,6.192716598510742,60
2021-06-14,Brahmaputra_Floodplain,15.836129188537598,10.961509704589844,97
2021-06-14,Ganges_Floodplain,44.76227569580078,12.156643867492676,41
2021-06-14,GBM_Delta,55.62187957763672,10.49984073638916,55
2021-06-14,Meghna_Floodplain,22.457550048828125,11.827486038208008,26
2021-06-14,Eastern_Hills,17.39485740661621,15.311012268066406,75
2021-06-21,Barind_Tract,44.91942596435547,11.987271308898926,40
2021-06-21,Northern_Terrace,20.3819637298584,8.657928466796875,60
2021-06-21,Brahmaputra_Floodplain,11.2153902053833,11.49972915649414,97
2021-06-21,Ganges_Floodplain,57.34779357910156,11.454055786132812,41
2021-06-21,GBM_Delta,70.72408294677734,8.15519905090332,55
2021-06-21,Meghna_Floodplain,30.705280303955078,17.75554656982422,26
2021-06-21,Eastern_Hills,27.353723526000977,25.446596145629883,75
2021-06-28,Barind_Tract,45.68742752075195,18.832778930664062,40
2021-06-28,Northern_Terrace,10.311081886291504,9.159791946411133,60
2021-06-28,Brahmaputra_Floodplain,5.389776706695557,9.012092590332031,97
2021-06-28,Ganges_Floodplain,59.02289581298828,15.851419448852539,41
2021-06-28,GBM_Delta,76.45938110351562,10.019618034362793,55
2021-06-28,Meghna_Floodplain,28.706920623779297,17.7921085357666,26
2021-06-28,Eastern_Hills,26.176424026489258,24.29615592956543,75
2021-07-05,Barind_Tract,39.520606994628906,17.01139259338379,40
2021-07-05,Northern_Terrace,19.3668155670166,10.324337005615234,60
2021-07-05,Brahmaputra_Floodplain,11.494193077087402,13.125229835510254,97
2021-07-05,Ganges_Floodplain,50.23518371582031,12.288862228393555,41
2021-07-05,GBM_Delta,66.84276580810547,7.2983527183532715,55
2021-07-05,Meghna_Floodplain,28.30824089050293,17.343774795532227,26
2021-07-05,Eastern_Hills,31.44513702392578,28.14008903503418,75
2021-07-12,Barind_Tract,29.916858673095703,13.392399787902832,40
2021-07-12,Northern_Terrace,17.622535705566406,7.656743049621582,60
2021-07-12,Brahmaputra_Floodplain,13.548012733459473,15.374739646911621,97
2021-07-12,Ganges_Floodplain,41.225746154785156,11.482693672180176,41
2021-07-12,GBM_Delta,60.15126419067383,6.80439567565918,55
2021-07-12,Meghna_Floodplain,24.415218353271484,13.796287536621094,26
2021-07-12,Eastern_Hills,26.540658950805664,21.727813720703125,75
2021-07-19,Barind_Tract,15.182072639465332,7.099762439727783,40
2021-07-19,Northern_Terrace,15.132997512817383,7.729788780212402,60
2021-07-19,Brahmaputra_Floodplain,7.667227745056152,6.035090923309326,97
2021-07-19,Ganges_Floodplain,23.514036178588867,8.27978801727295,41
2021-07-19,GBM_Delta,41.82693099975586,5.9060773849487305,55
2021-07-19,Meghna_Floodplain,18.08408546447754,10.509889602661133,26
2021-07-19,Eastern_Hills,20.53203773498535,15.851164817810059,75
2021-07-26,Barind_Tract,14.788396835327148,5.66807222366333,40
2021-07-26,Northern_Terrace,13.017226219177246,7.33821964263916,60
2021-07-26,Brahmaputra_Floodplain,9.79260540008545,8.599117279052734,97
2021-07-26,Ganges_Floodplain,25.219661712646484,6.637689113616943,41
2021-07-26,GBM_Delta,41.078460693359375,5.336441993713379,55
2021-07-26,Meghna_Floodplain,19.188987731933594,10.851776123046875,26
2021-07-26,Eastern_Hills,20.94742774963379,17.33891487121582,75
2021-08-02,Barind_Tract,18.76216697692871,7.633701324462891,40
2021-08-02,Northern_Terrace,15.833208084106445,8.615778923034668,60
2021-08-02,Brahmaputra_Floodplain,27.153034210205078,32.07553482055664,97
2021-08-02,Ganges_Floodplain,35.41411590576172,13.873169898986816,41
2021-08-02,GBM_Delta,61.711002349853516,11.571185111999512,55
2021-08-02,Meghna_Floodplain,35.57448196411133,31.796293258666992,26
2021-08-02,Eastern_Hills,45.33332824707031,39.04570388793945,75
2021-08-09,Barind_Tract,19.48297119140625,8.18074893951416,40
2021-08-09,Northern_Terrace,18.237329483032227,9.330087661743164,60
2021-08-09,Brahmaputra_Floodplain,24.245159149169922,25.909910202026367,97
2021-08-09,Ganges_Floodplain,39.50600051879883,17.006427764892578,41
2021-08-09,GBM_Delta,69.49032592773438,8.47878646850586,55
2021-08-09,Meghna_Floodplain,36.75185775756836,26.32436752319336,26
2021-08-09,Eastern_Hills,43.654319763183594,34.75881576538086,75
2021-08-16,Barind_Tract,23.34610366821289,5.2263922691345215,40
2021-08-16,Northern_Terrace,44.50069808959961,17.664873123168945,60
2021-08-16,Brahmaputra_Floodplain,40.05336380004883,28.92814826965332,97
2021-08-16,Ganges_Floodplain,39.64457702636719,13.282586097717285,41
2021-08-16,GBM_Delta,62.32487869262695,6.475529193878174,55
2021-08-16,Meghna_Floodplain,34.29212188720703,19.028520584106445,26
2021-08-16,Eastern_Hills,35.37081527709961,28.70855140686035,75
2021-08-23,Barind_Tract,22.109813690185547,3.241152286529541,40
2021-08-23,Northern_Terrace,48.13612747192383,19.11039924621582,60
2021-08-23,Brahmaputra_Floodplain,21.76564598083496,16.99519920349121,97
2021-08-23,Ganges_Floodplain,34.26693344116211,11.862445831298828,41
2021-08-23,GBM_Delta,60.42108154296875,7.443233013153076,55
2021-08-23,Meghna_Floodplain,28.57242202758789,18.191999435424805,26
2021-08-23,Eastern_Hills,29.558155059814453,24.96217918395996,75
2021-08-30,Barind_Tract,24.680564880371094,7.241605758666992,40
2021-08-30,Northern_Terrace,63.75510025024414,19.83673858642578,60
2021-08-30,Brahmaputra_Floodplain,44.50905990600586,23.552885055541992,97
2021-08-30,Ganges_Floodplain,35.05766677856445,11.428363800048828,41
2021-08-30,GBM_Delta,55.592506408691406,6.985497951507568,55
2021-08-30,Meghna_Floodplain,23.71896743774414,14.105109214782715,26
2021-08-30,Eastern_Hills,25.417972564697266,22.387346267700195,75
2021-09-06,Barind_Tract,22.41631507873535,6.826519012451172,40
2021-09-06,Northern_Terrace,62.02745056152344,19.26807975769043,60
2021-09-06,Brahmaputra_Floodplain,19.070711135864258,12.37609577178955,97
2021-09-06,Ganges_Floodplain,27.874065399169922,8.494372367858887,41
2021-09-06,GBM_Delta,41.278621673583984,8.43464469909668,55
2021-09-06,Meghna_Floodplain,16.355161666870117,11.371003150939941,26
2021-09-06,Eastern_Hills,14.606145858764648,15.747227668762207,75
2021-09-13,Barind_Tract,18.352630615234375,5.336775302886963,40
2021-09-13,Northern_Terrace,51.34370803833008,22.58547019958496,60
2021-09-13,Brahmaputra_Floodplain,7.502742290496826,7.515554428100586,97
2021-09-13,Ganges_Floodplain,21.4446964263916,8.2870512008667,41
2021-09-13,GBM_Delta,42.321014404296875,10.157670974731445,55
2021-09-13,Meghna_Floodplain,10.519404411315918,9.15170955657959,26
2021-09-13,Eastern_Hills,10.073176383972168,12.278453826904297,75
2021-09-20,Barind_Tract,17.752182006835938,3.5557289123535156,40
2021-09-20,Northern_Terrace,39.17787170410156,26.915830612182617,60
2021-09-20,Brahmaputra_Floodplain,8.171098709106445,7.47200870513916,97
2021-09-20,Ganges_Floodplain,28.836191177368164,13.816198348999023,41
2021-09-20,GBM_Delta,74.16242980957031,13.108938217163086,55
2021-09-20,Meghna_Floodplain,33.89271926879883,31.39522361755371,26
2021-09-20,Eastern_Hills,29.75515365600586,27.299455642700195,75
2021-09-27,Barind_Tract,13.528141975402832,6.686725616455078,40
2021-09-27,Northern_Terrace,14.486226081848145,11.926961898803711,60
2021-09-27,Brahmaputra_Floodplain,4.583230018615723,5.376972675323486,97
2021-09-27,Ganges_Floodplain,33.355140686035156,16.755084991455078,41
2021-09-27,GBM_Delta,71.04918670654297,15.244037628173828,55
2021-09-27,Meghna_Floodplain,14.682153701782227,13.088557243347168,26
2021-09-27,Eastern_Hills,16.066970825195312,16.75140380859375,75
2021-10-04,Barind_Tract,15.58757495880127,8.70534896850586,40
2021-10-04,Northern_Terrace,17.531455993652344,10.495036125183105,60
2021-10-04,Brahmaputra_Floodplain,7.079675197601318,6.344745635986328,97
2021-10-04,Ganges_Floodplain,35.6245231628418,18.698699951171875,41
2021-10-04,GBM_Delta,67.68673706054688,16.6253662109375,55
2021-10-04,Meghna_Floodplain,13.682267189025879,10.487963676452637,26
2021-10-04,Eastern_Hills,12.435100555419922,12.284891128540039,75
2021-10-11,Barind_Tract,11.700437545776367,6.4307332038879395,40
2021-10-11,Northern_Terrace,30.964664459228516,13.477767944335938,60
2021-10-11,Brahmaputra_Floodplain,9.873947143554688,7.58592414855957,97
2021-10-11,Ganges_Floodplain,29.912391662597656,20.051132202148438,41
2021-10-11,GBM_Delta,60.91802978515625,14.032565116882324,55
2021-10-11,Meghna_Floodplain,14.803298950195312,9.968640327453613,26
2021-10-11,Eastern_Hills,8.099479675292969,6.98002815246582,75
2021-10-18,Barind_Tract,10.54962158203125,6.993145942687988,40
2021-10-18,Northern_Terrace,23.728084564208984,9.732604026794434,60
2021-10-18,Brahmaputra_Floodplain,8.085164070129395,7.227550029754639,97
2021-10-18,Ganges_Floodplain,30.140979766845703,22.62809181213379,41
2021-10-18,GBM_Delta,67.90137481689453,12.45223331451416,55
2021-10-18,Meghna_Floodplain,15.741469383239746,14.318806648254395,26
2021-10-18,Eastern_Hills,12.491482734680176,13.047837257385254,75
2021-10-25,Barind_Tract,17.658803939819336,9.161092758178711,40
2021-10-25,Northern_Terrace,55.43291091918945,19.480257034301758,60
2021-10-25,Brahmaputra_Floodplain,31.71371078491211,17.87805938720703,97
2021-10-25,Ganges_Floodplain,39.29023742675781,22.025800704956055,41
2021-10-25,GBM_Delta,78.29903411865234,7.767295837402344,55
2021-10-25,Meghna_Floodplain,41.20273208618164,26.029155731201172,26
2021-10-25,Eastern_Hills,26.544160842895508,21.445228576660156,75
2021-11-01,Barind_Tract,18.184946060180664,8.329169273376465,40
2021-11-01,Northern_Terrace,48.77104949951172,16.781768798828125,60
2021-11-01,Brahmaputra_Floodplain,26.340087890625,13.931595802307129,97
2021-11-01,Ganges_Floodplain,36.90620422363281,21.5607967376709,41
2021-11-01,GBM_Delta,76.40275573730469,9.843316078186035,55
2021-11-01,Meghna_Floodplain,31.873308181762695,19.587717056274414,26
2021-11-01,Eastern_Hills,23.190710067749023,17.891172409057617,75
2021-11-08,Barind_Tract,17.37612533569336,7.398881435394287,40
2021-11-08,Northern_Terrace,43.798583984375,15.186767578125,60
2021-11-08,Brahmaputra_Floodplain,23.310760498046875,12.360418319702148,97
2021-11-08,Ganges_Floodplain,34.26192855834961,20.825267791748047,41
2021-11-08,GBM_Delta,70.58358001708984,10.964077949523926,55
2021-11-08,Meghna_Floodplain,27.324918746948242,16.485868453979492,26
2021-11-08,Eastern_Hills,18.638504028320312,13.798876762390137,75
2021-11-15,Barind_Tract,17.776493072509766,7.980403423309326,40
2021-11-15,Northern_Terrace,40.71227264404297,13.414831161499023,60
2021-11-15,Brahmaputra_Floodplain,21.10894775390625,11.244735717773438,97
2021-11-15,Ganges_Floodplain,35.2477912902832,21.26185417175293,41
2021-11-15,GBM_Delta,67.54145812988281,11.906926155090332,55
2021-11-15,Meghna_Floodplain,25.341121673583984,15.273909568786621,26
2021-11-15,Eastern_Hills,17.478778839111328,12.105690956115723,75
2021-11-22,Barind_Tract,18.838998794555664,8.736602783203125,40
2021-11-22,Northern_Terrace,39.157569885253906,12.823376655578613,60
2021-11-22,Brahmaputra_Floodplain,19.205488204956055,10.415460586547852,97
2021-11-22,Ganges_Floodplain,37.735137939453125,21.602304458618164,41
2021-11-22,GBM_Delta,69.2266845703125,13.299590110778809,55
2021-11-22,Meghna_Floodplain,25.15633201599121,14.225346565246582,26
2021-11-22,Eastern_Hills,17.86870765686035,11.225743293762207,75
2021-11-29,Barind_Tract,19.579648971557617,8.554123878479004,40
2021-11-29,Northern_Terrace,38.58781433105469,12.589512825012207,60
2021-11-29,Brahmaputra_Floodplain,19.82513427734375,10.658851623535156,97
2021-11-29,Ganges_Floodplain,38.27684783935547,21.17719841003418,41
2021-11-29,GBM_Delta,67.44519805908203,14.1506929397583,55
2021-11-29,Meghna_Floodplain,25.015653610229492,13.8781156539917,26
2021-11-29,Eastern_Hills,15.376886367797852,9.959259986877441,75
2021-12-06,Barind_Tract,21.4564266204834,9.631317138671875,40
2021-12-06,Northern_Terrace,35.89765167236328,11.188924789428711,60
2021-12-06,Brahmaputra_Floodplain,23.02723503112793,12.777517318725586,97
2021-12-06,Ganges_Floodplain,43.78633499145508,22.463029861450195,41
2021-12-06,GBM_Delta,76.09707641601562,12.854779243469238,55
2021-12-06,Meghna_Floodplain,36.42123031616211,20.65799331665039,26
2021-12-06,Eastern_Hills,18.703096389770508,12.257923126220703,75
2021-12-13,Barind_Tract,25.13235855102539,13.095754623413086,40
2021-12-13,Northern_Terrace,33.818885803222656,10.726494789123535,60
2021-12-13,Brahmaputra_Floodplain,33.79410934448242,22.429288864135742,97
2021-12-13,Ganges_Floodplain,58.464599609375,22.628742218017578,41
2021-12-13,GBM_Delta,85.41493225097656,9.662568092346191,55
2021-12-13,Meghna_Floodplain,66.67780303955078,18.700042724609375,26
2021-12-13,Eastern_Hills,43.94574737548828,19.061580657958984,75
2021-12-20,Barind_Tract,26.41390609741211,13.20962905883789,40
2021-12-20,Northern_Terrace,31.847867965698242,10.745485305786133,60
2021-12-20,Brahmaputra_Floodplain,34.34779739379883,21.917512893676758,97
2021-12-20,Ganges_Floodplain,59.38050079345703,21.463829040527344,41
2021-12-20,GBM_Delta,85.28433990478516,9.371710777282715,55
2021-12-20,Meghna_Floodplain,65.27894592285156,17.893653869628906,26
2021-12-20,Eastern_Hills,45.64501953125,19.235820770263672,75
2021-12-27,Barind_Tract,27.815105438232422,13.012419700622559,40
2021-12-27,Northern_Terrace,30.817411422729492,11.056844711303711,60
2021-12-27,Brahmaputra_Floodplain,36.496429443359375,21.0567684173584,97
2021-12-27,Ganges_Floodplain,59.70864486694336,20.63141632080078,41
2021-12-27,GBM_Delta,85.32481384277344,9.262845039367676,55
2021-12-27,Meghna_Floodplain,63.78770065307617,17.255807876586914,26
2021-12-27,Eastern_Hills,47.156768798828125,18.951274871826172,75
2022-01-03,Barind_Tract,31.008129119873047,13.223193168640137,40
2022-01-03,Northern_Terrace,26.304243087768555,10.487616539001465,60
2022-01-03,Brahmaputra_Floodplain,36.22902297973633,20.271320343017578,97
2022-01-03,Ganges_Floodplain,60.20280456542969,20.085113525390625,41
2022-01-03,GBM_Delta,84.75419616699219,9.220320701599121,55
2022-01-03,Meghna_Floodplain,61.32468795776367,16.536170959472656,26
2022-01-03,Eastern_Hills,46.222110748291016,17.809253692626953,75
2022-01-10,Barind_Tract,31.73048973083496,13.342718124389648,40
2022-01-10,Northern_Terrace,21.714357376098633,9.618396759033203,60
2022-01-10,Brahmaputra_Floodplain,35.95718002319336,21.207469940185547,97
2022-01-10,Ganges_Floodplain,60.16067886352539,19.957401275634766,41
2022-01-10,GBM_Delta,84.18376922607422,9.572882652282715,55
2022-01-10,Meghna_Floodplain,61.29470443725586,16.933256149291992,26
2022-01-10,Eastern_Hills,45.544227600097656,17.708419799804688,75
2022-01-17,Barind_Tract,33.78862762451172,14.149370193481445,40
2022-01-17,Northern_Terrace,20.376798629760742,10.297432899475098,60
2022-01-17,Brahmaputra_Floodplain,40.07868957519531,24.050756454467773,97
2022-01-17,Ganges_Floodplain,62.52083969116211,19.53485679626465,41
2022-01-17,GBM_Delta,84.76615905761719,9.901363372802734,55
2022-01-17,Meghna_Floodplain,63.320552825927734,18.036333084106445,26
2022-01-17,Eastern_Hills,47.91689682006836,18.165786743164062,75
2022-01-24,Barind_Tract,35.30712890625,14.578081130981445,40
2022-01-24,Northern_Terrace,19.112024307250977,10.549931526184082,60
2022-01-24,Brahmaputra_Floodplain,41.84449005126953,24.96739387512207,97
2022-01-24,Ganges_Floodplain,64.46595001220703,18.957378387451172,41
2022-01-24,GBM_Delta,85.25383758544922,10.251147270202637,55
2022-01-24,Meghna_Floodplain,64.19126892089844,18.5141658782959,26
2022-01-24,Eastern_Hills,50.47523880004883,17.973146438598633,75
2022-01-31,Barind_Tract,37.37993240356445,15.356714248657227,40
2022-01-31,Northern_Terrace,18.114055633544922,10.408897399902344,60
2022-01-31,Brahmaputra_Floodplain,43.623146057128906,24.989213943481445,97
2022-01-31,Ganges_Floodplain,66.9605484008789,17.493396759033203,41
2022-01-31,GBM_Delta,85.92927551269531,10.054369926452637,55
2022-01-31,Meghna_Floodplain,65.90412139892578,16.991273880004883,26
2022-01-31,Eastern_Hills,58.30494689941406,15.594969749450684,75
2022-02-07,Barind_Tract,44.62375259399414,15.45500659942627,40
2022-02-07,Northern_Terrace,26.555315017700195,13.454089164733887,60
2022-02-07,Brahmaputra_Floodplain,54.465972900390625,26.59764862060547,97
2022-02-07,Ganges_Floodplain,71.27545166015625,15.839632987976074,41
2022-02-07,GBM_Delta,87.3016128540039,9.765402793884277,55
2022-02-07,Meghna_Floodplain,72.55244445800781,16.0787410736084,26
2022-02-07,Eastern_Hills,65.82438659667969,14.327157020568848,75
2022-02-14,Barind_Tract,49.6226692199707,14.966026306152344,40
2022-02-14,Northern_Terrace,30.360023498535156,14.877467155456543,60
2022-02-14,Brahmaputra_Floodplain,58.19224166870117,25.594024658203125,97
2022-02-14,Ganges_Floodplain,73.76921844482422,14.115638732910156,41
2022-02-14,GBM_Delta,86.81304931640625,9.899343490600586,55
2022-02-14,Meghna_Floodplain,74.02751922607422,14.365472793579102,26
2022-02-14,Eastern_Hills,67.0728530883789,13.232378959655762,75
2022-02-21,Barind_Tract,51.629539489746094,14.139281272888184,40
2022-02-21,Northern_Terrace,30.108694076538086,14.671586036682129,60
2022-02-21,Brahmaputra_Floodplain,56.9090576171875,24.171842575073242,97
2022-02-21,Ganges_Floodplain,72.86197662353516,13.195245742797852,41
2022-02-21,GBM_Delta,84.65138244628906,10.40416145324707,55
2022-02-21,Meghna_Floodplain,72.54971313476562,13.552486419677734,26
2022-02-21,Eastern_Hills,64.69465637207031,12.005499839782715,75
2022-02-28,Barind_Tract,54.6402473449707,13.365165710449219,40
2022-02-28,Northern_Terrace,31.507179260253906,15.181918144226074,60
2022-02-28,Brahmaputra_Floodplain,59.07590866088867,24.155410766601562,97
2022-02-28,Ganges_Floodplain,72.7270278930664,12.209705352783203,41
2022-02-28,GBM_Delta,82.60710144042969,11.186246871948242,55
2022-02-28,Meghna_Floodplain,72.05052947998047,14.767674446105957,26
2022-02-28,Eastern_Hills,64.18390655517578,12.470070838928223,75
2022-03-07,Barind_Tract,57.08097457885742,12.903399467468262,40
2022-03-07,Northern_Terrace,35.01249694824219,15.19511890411377,60
2022-03-07,Brahmaputra_Floodplain,63.483638763427734,22.858596801757812,97
2022-03-07,Ganges_Floodplain,73.5164794921875,11.942452430725098,41
2022-03-07,GBM_Delta,82.36224365234375,11.968122482299805,55
2022-03-07,Meghna_Floodplain,72.9898452758789,15.78034782409668,26
2022-03-07,Eastern_Hills,65.2309341430664,15.084114074707031,75
2022-03-14,Barind_Tract,57.679962158203125,12.4325590133667,40
2022-03-14,Northern_Terrace,37.50200271606445,14.386979103088379,60
2022-03-14,Brahmaputra_Floodplain,63.22771072387695,20.746110916137695,97
2022-03-14,Ganges_Floodplain,74.05343627929688,11.379990577697754,41
2022-03-14,GBM_Delta,82.0914077758789,12.122455596923828,55
2022-03-14,Meghna_Floodplain,72.61290740966797,14.69754695892334,26
2022-03-14,Eastern_Hills,63.33951950073242,16.119232177734375,75
2022-03-21,Barind_Tract,56.207542419433594,11.806382179260254,40
2022-03-21,Northern_Terrace,37.74943161010742,13.707300186157227,60
2022-03-21,Brahmaputra_Floodplain,58.13359451293945,18.97420883178711,97
2022-03-21,Ganges_Floodplain,72.47891998291016,11.025020599365234,41
2022-03-21,GBM_Delta,81.46137237548828,11.754419326782227,55
2022-03-21,Meghna_Floodplain,67.25459289550781,13.981863975524902,26
2022-03-21,Eastern_Hills,58.90214920043945,16.99886703491211,75
2022-03-28,Barind_Tract,54.901893615722656,11.371725082397461,40
2022-03-28,Northern_Terrace,39.05006790161133,12.744641304016113,60
2022-03-28,Brahmaputra_Floodplain,57.86623001098633,17.913650512695312,97
2022-03-28,Ganges_Floodplain,70.4107666015625,11.048381805419922,41
2022-03-28,GBM_Delta,79.3313217163086,10.21645450592041,55
2022-03-28,Meghna_Floodplain,68.54612731933594,12.785626411437988,26
2022-03-28,Eastern_Hills,60.25834655761719,15.764954566955566,75
2022-04-04,Barind_Tract,56.719688415527344,12.076775550842285,40
2022-04-04,Northern_Terrace,47.66292953491211,15.897665977478027,60
2022-04-04,Brahmaputra_Floodplain,64.92131805419922,16.200016021728516,97
2022-04-04,Ganges_Floodplain,71.77152252197266,10.232492446899414,41
2022-04-04,GBM_Delta,81.12418365478516,8.0509614944458,55
2022-04-04,Meghna_Floodplain,68.59455871582031,11.758625030517578,26
2022-04-04,Eastern_Hills,61.87796401977539,12.301429748535156,75
2022-04-11,Barind_Tract,60.643226623535156,12.989937782287598,40
2022-04-11,Northern_Terrace,65.5064926147461,20.429611206054688,60
2022-04-11,Brahmaputra_Floodplain,80.17945861816406,10.204316139221191,97
2022-04-11,Ganges_Floodplain,73.7135009765625,9.407812118530273,41
2022-04-11,GBM_Delta,80.61034393310547,7.4470648765563965,55
2022-04-11,Meghna_Floodplain,63.05508804321289,11.904160499572754,26
2022-04-11,Eastern_Hills,60.81901168823242,12.777811050415039,75
2022-04-18,Barind_Tract,61.6633186340332,13.547150611877441,40
2022-04-18,Northern_Terrace,70.67732238769531,19.842988967895508,60
2022-04-18,Brahmaputra_Floodplain,87.18460845947266,6.617838382720947,97
2022-04-18,Ganges_Floodplain,72.22012329101562,9.716567993164062,41
2022-04-18,GBM_Delta,75.5477294921875,8.556253433227539,55
2022-04-18,Meghna_Floodplain,58.79953384399414,15.826589584350586,26
2022-04-18,Eastern_Hills,58.1947135925293,14.404476165771484,75
2022-04-25,Barind_Tract,63.3053092956543,14.021024703979492,40
2022-04-25,Northern_Terrace,72.59829711914062,17.999704360961914,60
2022-04-25,Brahmaputra_Floodplain,88.72855377197266,6.957128047943115,97
2022-04-25,Ganges_Floodplain,73.95525360107422,9.200392723083496,41
2022-04-25,GBM_Delta,74.76963806152344,7.66658353805542,55
2022-04-25,Meghna_Floodplain,66.93053436279297,13.13500690460205,26
2022-04-25,Eastern_Hills,59.159603118896484,13.460648536682129,75
2022-05-02,Barind_Tract,60.8590202331543,13.08338737487793,40
2022-05-02,Northern_Terrace,69.37714385986328,15.552623748779297,60
2022-05-02,Brahmaputra_Floodplain,82.9515151977539,10.965088844299316,97
2022-05-02,Ganges_Floodplain,70.75741577148438,9.682757377624512,41
2022-05-02,GBM_Delta,72.09915161132812,7.976263999938965,55
2022-05-02,Meghna_Floodplain,61.46572494506836,10.219258308410645,26
2022-05-02,Eastern_Hills,51.876808166503906,11.904295921325684,75
2022-05-09,Barind_Tract,60.7880859375,12.2289400100708,40
2022-05-09,Northern_Terrace,61.5619010925293,14.742997169494629,60
2022-05-09,Brahmaputra_Floodplain,70.35303497314453,14.770910263061523,97
2022-05-09,Ganges_Floodplain,73.15992736816406,10.583993911743164,41
2022-05-09,GBM_Delta,77.99288177490234,8.577204704284668,55
2022-05-09,Meghna_Floodplain,56.85807418823242,8.507905960083008,26
2022-05-09,Eastern_Hills,50.7191162109375,12.59632396697998,75
2022-05-16,Barind_Tract,63.89916229248047,12.26874828338623,40
2022-05-16,Northern_Terrace,68.11389923095703,18.508102416992188,60
2022-05-16,Brahmaputra_Floodplain,83.3127212524414,11.971810340881348,97
2022-05-16,Ganges_Floodplain,77.94670867919922,10.517026901245117,41
2022-05-16,GBM_Delta,85.22891235351562,7.203551769256592,55
2022-05-16,Meghna_Floodplain,68.6424331665039,10.289360046386719,26
2022-05-16,Eastern_Hills,66.2133560180664,13.471403121948242,75
2022-05-23,Barind_Tract,69.85394287109375,11.992358207702637,40
2022-05-23,Northern_Terrace,78.8574447631836,19.36937141418457,60
2022-05-23,Brahmaputra_Floodplain,87.15032958984375,9.936129570007324,97
2022-05-23,Ganges_Floodplain,76.982666015625,11.361018180847168,41
2022-05-23,GBM_Delta,77.63324737548828,8.691916465759277,55
2022-05-23,Meghna_Floodplain,64.46623229980469,8.605720520019531,26
2022-05-23,Eastern_Hills,62.72653579711914,9.268617630004883,75
2022-05-30,Barind_Tract,67.23321533203125,10.130712509155273,40
2022-05-30,Northern_Terrace,68.77983093261719,15.0902681350708,60
2022-05-30,Brahmaputra_Floodplain,74.36949920654297,11.279552459716797,97
2022-05-30,Ganges_Floodplain,74.7650146484375,12.132871627807617,41
2022-05-30,GBM_Delta,72.4388427734375,9.507207870483398,55
2022-05-30,Meghna_Floodplain,55.448265075683594,9.501961708068848,26
2022-05-30,Eastern_Hills,53.729774475097656,9.011042594909668,75
2022-06-06,Barind_Tract,65.55138397216797,7.962607383728027,40
2022-06-06,Northern_Terrace,67.0008544921875,13.388617515563965,60
2022-06-06,Brahmaputra_Floodplain,69.86051940917969,10.608939170837402,97
2022-06-06,Ganges_Floodplain,74.62232971191406,10.844807624816895,41
2022-06-06,GBM_Delta,69.05062866210938,8.040863037109375,55
2022-06-06,Meghna_Floodplain,49.589195251464844,8.633094787597656,26
2022-06-06,Eastern_Hills,49.09583282470703,11.354212760925293,75
2022-06-13,Barind_Tract,61.526519775390625,8.197839736938477,40
2022-06-13,Northern_Terrace,73.05400085449219,15.49099349975586,60
2022-06-13,Brahmaputra_Floodplain,69.65584564208984,13.453425407409668,97
2022-06-13,Ganges_Floodplain,63.85118865966797,11.180546760559082,41
2022-06-13,GBM_Delta,56.07396697998047,6.157185077667236,55
2022-06-13,Meghna_Floodplain,41.05896759033203,7.2999186515808105,26
2022-06-13,Eastern_Hills,41.09187698364258,12.487119674682617,75
2022-06-20,Barind_Tract,54.79011154174805,9.742829322814941,40
2022-06-20,Northern_Terrace,79.46346282958984,15.759466171264648,60
2022-06-20,Brahmaputra_Floodplain,82.89744567871094,15.801383972167969,97
2022-06-20,Ganges_Floodplain,57.206298828125,7.419471740722656,41
2022-06-20,GBM_Delta,49.755184173583984,5.330009937286377,55
2022-06-20,Meghna_Floodplain,44.135684967041016,7.3339457511901855,26
2022-06-20,Eastern_Hills,45.050968170166016,18.083566665649414,75
2022-06-27,Barind_Tract,49.56658172607422,11.149447441101074,40
2022-06-27,Northern_Terrace,75.80680084228516,17.682273864746094,60
2022-06-27,Brahmaputra_Floodplain,57.96276092529297,31.083202362060547,97
2022-06-27,Ganges_Floodplain,56.43890380859375,9.355910301208496,41
2022-06-27,GBM_Delta,50.04768753051758,6.161142826080322,55
2022-06-27,Meghna_Floodplain,42.707435607910156,6.530388832092285,26
2022-06-27,Eastern_Hills,36.82859802246094,11.435516357421875,75
2022-07-04,Barind_Tract,30.287517547607422,13.491057395935059,40
2022-07-04,Northern_Terrace,72.4234390258789,19.89344596862793,60
2022-07-04,Brahmaputra_Floodplain,52.57255172729492,32.70378875732422,97
2022-07-04,Ganges_Floodplain,42.44654846191406,10.058045387268066,41
2022-07-04,GBM_Delta,38.28887176513672,9.437408447265625,55
2022-07-04,Meghna_Floodplain,33.42561340332031,7.663743495941162,26
2022-07-04,Eastern_Hills,29.06237030029297,13.673172950744629,75
2022-07-11,Barind_Tract,11.121203422546387,9.035637855529785,40
2022-07-11,Northern_Terrace,42.279232025146484,18.012784957885742,60
2022-07-11,Brahmaputra_Floodplain,28.842058181762695,23.686676025390625,97
2022-07-11,Ganges_Floodplain,24.090192794799805,10.583579063415527,41
2022-07-11,GBM_Delta,25.202625274658203,9.271716117858887,55
2022-07-11,Meghna_Floodplain,23.846986770629883,6.358672618865967,26
2022-07-11,Eastern_Hills,18.508695602416992,11.764613151550293,75
2022-07-18,Barind_Tract,3.657517194747925,3.1849279403686523,40
2022-07-18,Northern_Terrace,14.913542747497559,10.355864524841309,60
2022-07-18,Brahmaputra_Floodplain,10.373263359069824,9.063368797302246,97
2022-07-18,Ganges_Floodplain,9.903242111206055,6.025071144104004,41
2022-07-18,GBM_Delta,14.900381088256836,6.082949638366699,55
2022-07-18,Meghna_Floodplain,14.64731216430664,4.888545036315918,26
2022-07-18,Eastern_Hills,12.865592002868652,8.866658210754395,75
2022-07-25,Barind_Tract,2.59193754196167,2.284106731414795,40
2022-07-25,Northern_Terrace,12.614167213439941,9.146955490112305,60
2022-07-25,Brahmaputra_Floodplain,21.79661750793457,16.174819946289062,97
2022-07-25,Ganges_Floodplain,7.362757205963135,4.164442539215088,41
2022-07-25,GBM_Delta,11.980907440185547,4.585858345031738,55
2022-07-25,Meghna_Floodplain,12.946141242980957,4.963116645812988,26
2022-07-25,Eastern_Hills,14.476210594177246,9.063518524169922,75
2022-08-01,Barind_Tract,2.8139915466308594,3.1926052570343018,40
2022-08-01,Northern_Terrace,26.631805419921875,14.805814743041992,60
2022-08-01,Brahmaputra_Floodplain,32.96516799926758,20.758066177368164,97
2022-08-01,Ganges_Floodplain,6.864620208740234,3.3827526569366455,41
2022-08-01,GBM_Delta,9.034120559692383,3.34816575050354,55
2022-08-01,Meghna_Floodplain,9.508912086486816,4.120003700256348,26
2022-08-01,Eastern_Hills,13.525800704956055,11.642555236816406,75
2022-08-08,Barind_Tract,2.330071210861206,3.2851829528808594,40
2022-08-08,Northern_Terrace,30.060535430908203,16.207475662231445,60
2022-08-08,Brahmaputra_Floodplain,20.732072830200195,11.707932472229004,97
2022-08-08,Ganges_Floodplain,4.3508782386779785,3.363126039505005,41
2022-08-08,GBM_Delta,6.3600897789001465,3.1351065635681152,55
2022-08-08,Meghna_Floodplain,8.169791221618652,3.7673134803771973,26
2022-08-08,Eastern_Hills,10.601266860961914,9.46906566619873,75
2022-08-15,Barind_Tract,1.731319785118103,2.2767438888549805,40
2022-08-15,Northern_Terrace,18.584890365600586,10.661873817443848,60
2022-08-15,Brahmaputra_Floodplain,6.640861988067627,5.652735710144043,97
2022-08-15,Ganges_Floodplain,2.5390450954437256,3.3145155906677246,41
2022-08-15,GBM_Delta,10.712808609008789,5.391164779663086,55
2022-08-15,Meghna_Floodplain,5.684549331665039,1.545392632484436,26
2022-08-15,Eastern_Hills,5.548689365386963,5.46040678024292,75
2022-08-22,Barind_Tract,1.6396658420562744,1.8971861600875854,40
2022-08-22,Northern_Terrace,12.240517616271973,6.767910480499268,60
2022-08-22,Brahmaputra_Floodplain,2.1983113288879395,3.382767915725708,97
2022-08-22,Ganges_Floodplain,2.5344367027282715,3.269392728805542,41
2022-08-22,GBM_Delta,9.77436637878418,6.269705772399902,55
2022-08-22,Meghna_Floodplain,2.6819310188293457,1.531602382659912,26
2022-08-22,Eastern_Hills,1.2935059070587158,1.4429107904434204,75
2022-08-29,Barind_Tract,0.9979904890060425,1.4937063455581665,40
2022-08-29,Northern_Terrace,9.390679359436035,6.537562370300293,60
2022-08-29,Brahmaputra_Floodplain,1.012447714805603,1.7452919483184814,97
2022-08-29,Ganges_Floodplain,2.3796181678771973,3.9081525802612305,41
2022-08-29,GBM_Delta,8.939404487609863,7.5550103187561035,55
2022-08-29,Meghna_Floodplain,1.6617883443832397,1.3948856592178345,26
2022-08-29,Eastern_Hills,0.6666077971458435,0.7327123284339905,75
2022-09-05,Barind_Tract,1.6977812051773071,2.07326340675354,40
2022-09-05,Northern_Terrace,21.02571678161621,14.641107559204102,60
2022-09-05,Brahmaputra_Floodplain,6.087104797363281,8.525044441223145,97
2022-09-05,Ganges_Floodplain,2.002758264541626,2.993488311767578,41
2022-09-05,GBM_Delta,6.716648101806641,5.618518829345703,55
2022-09-05,Meghna_Floodplain,1.4948290586471558,1.311428427696228,26
2022-09-05,Eastern_Hills,0.5833396911621094,0.48096615076065063,75
2022-09-12,Barind_Tract,1.6701816320419312,1.994780421257019,40
2022-09-12,Northern_Terrace,14.880377769470215,11.206232070922852,60
2022-09-12,Brahmaputra_Floodplain,5.836828708648682,8.202917098999023,97
2022-09-12,Ganges_Floodplain,2.486443281173706,4.561835289001465,41
2022-09-12,GBM_Delta,11.217724800109863,14.170077323913574,55
2022-09-12,Meghna_Floodplain,2.015934944152832,2.6401901245117188,26
2022-09-12,Eastern_Hills,0.7108603715896606,0.8141931891441345,75
2022-09-19,Barind_Tract,2.1117703914642334,2.421583890914917,40
2022-09-19,Northern_Terrace,14.68083667755127,12.3837890625,60
2022-09-19,Brahmaputra_Floodplain,13.46921443939209,11.031939506530762,97
2022-09-19,Ganges_Floodplain,7.119107246398926,10.660760879516602,41
2022-09-19,GBM_Delta,28.438865661621094,20.814428329467773,55
2022-09-19,Meghna_Floodplain,16.009319305419922,25.442655563354492,26
2022-09-19,Eastern_Hills,2.9310734272003174,4.630873203277588,75
2022-09-26,Barind_Tract,1.5936915874481201,1.54325532913208,40
2022-09-26,Northern_Terrace,17.660884857177734,16.371400833129883,60
2022-09-26,Brahmaputra_Floodplain,11.78534984588623,9.509193420410156,97
2022-09-26,Ganges_Floodplain,6.188100814819336,10.772635459899902,41
2022-09-26,GBM_Delta,16.9350528717041,13.646892547607422,55
2022-09-26,Meghna_Floodplain,6.439645767211914,8.505611419677734,26
2022-09-26,Eastern_Hills,3.1246886253356934,4.0516228675842285,75
2022-10-03,Barind_Tract,1.6183284521102905,1.4786368608474731,40
2022-10-03,Northern_Terrace,13.269274711608887,10.312156677246094,60
2022-10-03,Brahmaputra_Floodplain,13.80458927154541,8.742902755737305,97
2022-10-03,Ganges_Floodplain,6.142233371734619,10.700702667236328,41
2022-10-03,GBM_Delta,18.48106575012207,14.643424987792969,55
2022-10-03,Meghna_Floodplain,18.715951919555664,27.115028381347656,26
2022-10-03,Eastern_Hills,7.684311389923096,10.999255180358887,75
2022-10-10,Barind_Tract,1.6845585107803345,2.1192266941070557,40
2022-10-10,Northern_Terrace,22.041412353515625,15.697430610656738,60
2022-10-10,Brahmaputra_Floodplain,20.20012664794922,11.714018821716309,97
2022-10-10,Ganges_Floodplain,6.818080425262451,11.631049156188965,41
2022-10-10,GBM_Delta,25.935630798339844,14.773308753967285,55
2022-10-10,Meghna_Floodplain,17.81633186340332,16.29469871520996,26
2022-10-10,Eastern_Hills,6.482177734375,8.222116470336914,75
2022-10-17,Barind_Tract,2.741990089416504,4.008113861083984,40
2022-10-17,Northern_Terrace,33.8779182434082,20.18743324279785,60
2022-10-17,Brahmaputra_Floodplain,37.94723129272461,17.37799835205078,97
2022-10-17,Ganges_Floodplain,9.179682731628418,12.818380355834961,41
2022-10-17,GBM_Delta,29.079545974731445,14.316150665283203,55
2022-10-17,Meghna_Floodplain,14.094827651977539,11.214667320251465,26
2022-10-17,Eastern_Hills,7.267643928527832,7.992710113525391,75
2022-10-24,Barind_Tract,2.9584505558013916,4.376574993133545,40
2022-10-24,Northern_Terrace,26.67936897277832,16.8074893951416,60
2022-10-24,Brahmaputra_Floodplain,34.5649299621582,14.809943199157715,97
2022-10-24,Ganges_Floodplain,9.238862991333008,10.75970458984375,41
2022-10-24,GBM_Delta,31.844528198242188,16.980804443359375,55
2022-10-24,Meghna_Floodplain,19.819021224975586,16.6468505859375,26
2022-10-24,Eastern_Hills,7.1317458152771,7.833365440368652,75
2022-10-31,Barind_Tract,6.609391212463379,9.192416191101074,40
2022-10-31,Northern_Terrace,35.765113830566406,23.489845275878906,60
2022-10-31,Brahmaputra_Floodplain,59.07179641723633,14.526731491088867,97
2022-10-31,Ganges_Floodplain,14.237833023071289,13.216992378234863,41
2022-10-31,GBM_Delta,40.358028411865234,15.295604705810547,55
2022-10-31,Meghna_Floodplain,31.67119026184082,18.593727111816406,26
2022-10-31,Eastern_Hills,13.20444107055664,14.060710906982422,75
2022-11-07,Barind_Tract,6.8526458740234375,7.324283123016357,40
2022-11-07,Northern_Terrace,31.498476028442383,20.76729393005371,60
2022-11-07,Brahmaputra_Floodplain,51.815860748291016,12.996681213378906,97
2022-11-07,Ganges_Floodplain,13.968819618225098,11.661927223205566,41
2022-11-07,GBM_Delta,36.43759536743164,14.006876945495605,55
2022-11-07,Meghna_Floodplain,26.95532989501953,15.17775821685791,26
2022-11-07,Eastern_Hills,11.176444053649902,11.60982894897461,75
2022-11-14,Barind_Tract,6.793055534362793,6.546742916107178,40
2022-11-14,Northern_Terrace,29.354562759399414,19.386533737182617,60
2022-11-14,Brahmaputra_Floodplain,48.01239776611328,12.821321487426758,97
2022-11-14,Ganges_Floodplain,13.37248420715332,10.698100090026855,41
2022-11-14,GBM_Delta,33.170799255371094,12.817533493041992,55
2022-11-14,Meghna_Floodplain,23.615264892578125,13.600417137145996,26
2022-11-14,Eastern_Hills,9.833857536315918,10.113663673400879,75
2022-11-21,Barind_Tract,6.977720737457275,6.055089950561523,40
2022-11-21,Northern_Terrace,27.243282318115234,18.16109275817871,60
2022-11-21,Brahmaputra_Floodplain,44.47652053833008,13.306307792663574,97
2022-11-21,Ganges_Floodplain,13.41978645324707,9.75823974609375,41
2022-11-21,GBM_Delta,31.14485740661621,11.776590347290039,55
2022-11-21,Meghna_Floodplain,20.21152687072754,11.54390811920166,26
2022-11-21,Eastern_Hills,8.203078269958496,8.226058006286621,75
2022-11-28,Barind_Tract,7.6447343826293945,5.749317169189453,40
2022-11-28,Northern_Terrace,25.83732032775879,17.51030731201172,60
2022-11-28,Brahmaputra_Floodplain,41.285282135009766,13.56357192993164,97
2022-11-28,Ganges_Floodplain,14.301274299621582,9.23927116394043,41
2022-11-28,GBM_Delta,30.750722885131836,11.48154354095459,55
2022-11-28,Meghna_Floodplain,19.640974044799805,11.163372993469238,26
2022-11-28,Eastern_Hills,7.178429126739502,7.161553859710693,75
2022-12-05,Barind_Tract,7.834073066711426,4.990636825561523,40
2022-12-05,Northern_Terrace,21.17910385131836,13.930109024047852,60
2022-12-05,Brahmaputra_Floodplain,35.75988006591797,13.321182250976562,97
2022-12-05,Ganges_Floodplain,14.595426559448242,9.062088966369629,41
2022-12-05,GBM_Delta,30.813980102539062,11.91661262512207,55
2022-12-05,Meghna_Floodplain,18.08897590637207,10.804492950439453,26
2022-12-05,Eastern_Hills,7.0049967765808105,6.7313456535339355,75
2022-12-12,Barind_Tract,7.7731781005859375,4.22489595413208,40
2022-12-12,Northern_Terrace,16.31113624572754,10.529668807983398,60
2022-12-12,Brahmaputra_Floodplain,29.00542640686035,12.74846363067627,97
2022-12-12,Ganges_Floodplain,14.14766788482666,9.091928482055664,41
2022-12-12,GBM_Delta,30.79482650756836,12.785606384277344,55
2022-12-12,Meghna_Floodplain,16.078702926635742,10.243448257446289,26
2022-12-12,Eastern_Hills,6.651346206665039,5.614007949829102,75
2022-12-19,Barind_Tract,8.087992668151855,3.7897450923919678,40
2022-12-19,Northern_Terrace,13.012435913085938,8.645965576171875,60
2022-12-19,Brahmaputra_Floodplain,24.15723991394043,11.676336288452148,97
2022-12-19,Ganges_Floodplain,14.079768180847168,9.081975936889648,41
2022-12-19,GBM_Delta,30.345346450805664,13.232131004333496,55
2022-12-19,Meghna_Floodplain,14.461897850036621,9.76708698272705,26
2022-12-19,Eastern_Hills,6.409450054168701,4.826810836791992,75
2022-12-26,Barind_Tract,8.690397262573242,3.370535373687744,40
2022-12-26,Northern_Terrace,11.017472267150879,7.5031609535217285,60
2022-12-26,Brahmaputra_Floodplain,21.285058975219727,10.280489921569824,97
2022-12-26,Ganges_Floodplain,14.631586074829102,9.285595893859863,41
2022-12-26,GBM_Delta,30.616117477416992,13.651061058044434,55
2022-12-26,Meghna_Floodplain,13.40599536895752,9.331978797912598,26
2022-12-26,Eastern_Hills,6.328045845031738,4.388849258422852,75
2023-01-02,Barind_Tract,10.629724502563477,3.175919771194458,40
2023-01-02,Northern_Terrace,8.57349681854248,6.4138875007629395,60
2023-01-02,Brahmaputra_Floodplain,20.032468795776367,10.007464408874512,97
2023-01-02,Ganges_Floodplain,16.777849197387695,10.401751518249512,41
2023-01-02,GBM_Delta,33.6600456237793,15.038698196411133,55
2023-01-02,Meghna_Floodplain,13.99673080444336,9.254632949829102,26
2023-01-02,Eastern_Hills,7.860389709472656,4.654834270477295,75
2023-01-09,Barind_Tract,10.822372436523438,3.179274559020996,40
2023-01-09,Northern_Terrace,7.321089744567871,5.416048049926758,60
2023-01-09,Brahmaputra_Floodplain,17.8917293548584,9.597136497497559,97
2023-01-09,Ganges_Floodplain,16.83159637451172,10.563279151916504,41
2023-01-09,GBM_Delta,34.21965408325195,15.422282218933105,55
2023-01-09,Meghna_Floodplain,14.145148277282715,9.149849891662598,26
2023-01-09,Eastern_Hills,8.950769424438477,4.7022857666015625,75
2023-01-16,Barind_Tract,10.846124649047852,2.971346139907837,40
2023-01-16,Northern_Terrace,6.262923717498779,4.457882881164551,60
2023-01-16,Brahmaputra_Floodplain,15.650084495544434,8.928616523742676,97
2023-01-16,Ganges_Floodplain,16.059328079223633,10.725052833557129,41
2023-01-16,GBM_Delta,33.938167572021484,15.93921947479248,55
2023-01-16,Meghna_Floodplain,13.746726036071777,9.3372163772583,26
2023-01-16,Eastern_Hills,9.495135307312012,4.95692253112793,75
2023-01-23,Barind_Tract,10.837578773498535,2.8822929859161377,40
2023-01-23,Northern_Terrace,5.313015937805176,3.578157424926758,60
2023-01-23,Brahmaputra_Floodplain,12.975810050964355,7.757363319396973,97
2023-01-23,Ganges_Floodplain,15.669967651367188,11.151998519897461,41
2023-01-23,GBM_Delta,33.98616409301758,16.843347549438477,55
2023-01-23,Meghna_Floodplain,13.027048110961914,9.611872673034668,26
2023-01-23,Eastern_Hills,9.634302139282227,5.184176921844482,75
2023-01-30,Barind_Tract,10.924107551574707,2.943056106567383,40
2023-01-30,Northern_Terrace,4.791372776031494,2.8468453884124756,60
2023-01-30,Brahmaputra_Floodplain,11.41203498840332,7.622743606567383,97
2023-01-30,Ganges_Floodplain,15.62419319152832,11.254868507385254,41
2023-01-30,GBM_Delta,34.31179428100586,16.947481155395508,55
2023-01-30,Meghna_Floodplain,13.158946990966797,9.654480934143066,26
2023-01-30,Eastern_Hills,12.505570411682129,6.444462299346924,75
2023-02-06,Barind_Tract,11.317623138427734,2.895826816558838,40
2023-02-06,Northern_Terrace,4.712663650512695,2.6751766204833984,60
2023-02-06,Brahmaputra_Floodplain,11.05148696899414,8.223808288574219,97
2023-02-06,Ganges_Floodplain,16.70425033569336,11.1926851272583,41
2023-02-06,GBM_Delta,35.79633712768555,16.760873794555664,55
2023-02-06,Meghna_Floodplain,14.187857627868652,11.272997856140137,26
2023-02-06,Eastern_Hills,17.297077178955078,9.995790481567383,75
2023-02-13,Barind_Tract,11.455453872680664,2.652208089828491,40
2023-02-13,Northern_Terrace,4.522563457489014,2.8531811237335205,60
2023-02-13,Brahmaputra_Floodplain,10.299315452575684,7.714004993438721,97
2023-02-13,Ganges_Floodplain,17.07537841796875,10.623723983764648,41
2023-02-13,GBM_Delta,35.46268844604492,16.357200622558594,55
2023-02-13,Meghna_Floodplain,14.055708885192871,11.494413375854492,26
2023-02-13,Eastern_Hills,18.129674911499023,11.564997673034668,75
2023-02-20,Barind_Tract,11.543243408203125,2.6112875938415527,40
2023-02-20,Northern_Terrace,4.419342041015625,3.0638320446014404,60
2023-02-20,Brahmaputra_Floodplain,11.172730445861816,7.841403007507324,97
2023-02-20,Ganges_Floodplain,17.430742263793945,9.928120613098145,41
2023-02-20,GBM_Delta,35.41058349609375,15.933592796325684,55
2023-02-20,Meghna_Floodplain,15.821681022644043,11.991016387939453,26
2023-02-20,Eastern_Hills,20.028921127319336,12.695279121398926,75
2023-02-27,Barind_Tract,12.016995429992676,2.6895081996917725,40
2023-02-27,Northern_Terrace,4.901196002960205,3.2570531368255615,60
2023-02-27,Brahmaputra_Floodplain,14.0891695022583,8.626080513000488,97
2023-02-27,Ganges_Floodplain,18.35127067565918,9.660123825073242,41
2023-02-27,GBM_Delta,35.07253646850586,15.565032958984375,55
2023-02-27,Meghna_Floodplain,17.061826705932617,12.060428619384766,26
2023-02-27,Eastern_Hills,21.655672073364258,12.866785049438477,75
2023-03-06,Barind_Tract,12.485027313232422,2.859102249145508,40
2023-03-06,Northern_Terrace,5.860283374786377,3.490462303161621,60
2023-03-06,Brahmaputra_Floodplain,15.734681129455566,8.658150672912598,97
2023-03-06,Ganges_Floodplain,19.15522575378418,9.11540412902832,41
2023-03-06,GBM_Delta,33.64493179321289,14.752846717834473,55
2023-03-06,Meghna_Floodplain,15.013643264770508,10.51711368560791,26
2023-03-06,Eastern_Hills,14.868514060974121,12.035653114318848,75
2023-03-13,Barind_Tract,12.960220336914062,3.2085490226745605,40
2023-03-13,Northern_Terrace,7.004612445831299,4.009975433349609,60
2023-03-13,Brahmaputra_Floodplain,19.301300048828125,9.48089599609375,97
2023-03-13,Ganges_Floodplain,19.305973052978516,9.12255573272705,41
2023-03-13,GBM_Delta,32.960533142089844,13.954595565795898,55
2023-03-13,Meghna_Floodplain,14.761295318603516,9.881841659545898,26
2023-03-13,Eastern_Hills,13.780019760131836,12.626415252685547,75
2023-03-20,Barind_Tract,15.063693046569824,5.097198963165283,40
2023-03-20,Northern_Terrace,9.799440383911133,5.632389545440674,60
2023-03-20,Brahmaputra_Floodplain,28.316783905029297,11.333369255065918,97
2023-03-20,Ganges_Floodplain,23.171951293945312,10.347146987915039,41
2023-03-20,GBM_Delta,36.1588020324707,14.067865371704102,55
2023-03-20,Meghna_Floodplain,19.300987243652344,10.41479206085205,26
2023-03-20,Eastern_Hills,16.554716110229492,14.988433837890625,75
2023-03-27,Barind_Tract,20.075332641601562,7.87172269821167,40
2023-03-27,Northern_Terrace,19.798198699951172,10.680501937866211,60
2023-03-27,Brahmaputra_Floodplain,49.220516204833984,13.75294303894043,97
2023-03-27,Ganges_Floodplain,32.31855392456055,12.498117446899414,41
2023-03-27,GBM_Delta,48.8204231262207,16.468671798706055,55
2023-03-27,Meghna_Floodplain,37.12699890136719,13.046525955200195,26
2023-03-27,Eastern_Hills,38.22018814086914,18.78331756591797,75
2023-04-03,Barind_Tract,22.123291015625,9.160897254943848,40
2023-04-03,Northern_Terrace,20.77964973449707,12.50865650177002,60
2023-04-03,Brahmaputra_Floodplain,54.503089904785156,12.865337371826172,97
2023-04-03,Ganges_Floodplain,40.49611282348633,13.35289192199707,41
2023-04-03,GBM_Delta,63.75155258178711,15.776288986206055,55
2023-04-03,Meghna_Floodplain,53.298458099365234,11.46648120880127,26
2023-04-03,Eastern_Hills,51.33570098876953,12.789044380187988,75
2023-04-10,Barind_Tract,22.12801742553711,10.039612770080566,40
2023-04-10,Northern_Terrace,16.06357192993164,9.962288856506348,60
2023-04-10,Brahmaputra_Floodplain,50.26058578491211,12.872973442077637,97
2023-04-10,Ganges_Floodplain,45.151031494140625,14.727917671203613,41
2023-04-10,GBM_Delta,70.59788513183594,14.632637977600098,55
2023-04-10,Meghna_Floodplain,57.47373580932617,8.269698143005371,26
2023-04-10,Eastern_Hills,57.741783142089844,8.475518226623535,75
2023-04-17,Barind_Tract,20.340681076049805,9.21684741973877,40
2023-04-17,Northern_Terrace,11.758984565734863,7.230012893676758,60
2023-04-17,Brahmaputra_Floodplain,38.310386657714844,12.516097068786621,97
2023-04-17,Ganges_Floodplain,43.694007873535156,14.661306381225586,41
2023-04-17,GBM_Delta,65.26189422607422,15.113759994506836,55
2023-04-17,Meghna_Floodplain,34.49257278442383,11.765686988830566,26
2023-04-17,Eastern_Hills,40.13814926147461,9.234024047851562,75
2023-04-24,Barind_Tract,20.301700592041016,9.60132884979248,40
2023-04-24,Northern_Terrace,12.149398803710938,6.310891151428223,60
2023-04-24,Brahmaputra_Floodplain,24.57349967956543,13.594754219055176,97
2023-04-24,Ganges_Floodplain,42.68614959716797,13.254072189331055,41
2023-04-24,GBM_Delta,60.686424255371094,14.947261810302734,55
2023-04-24,Meghna_Floodplain,24.593708038330078,12.427176475524902,26
2023-04-24,Eastern_Hills,31.205137252807617,11.454034805297852,75
2023-05-01,Barind_Tract,22.05396270751953,9.711158752441406,40
2023-05-01,Northern_Terrace,12.673222541809082,6.359371185302734,60
2023-05-01,Brahmaputra_Floodplain,17.242725372314453,13.133234977722168,97
2023-05-01,Ganges_Floodplain,43.30851745605469,11.97574234008789,41
2023-05-01,GBM_Delta,56.449424743652344,14.91811752319336,55
2023-05-01,Meghna_Floodplain,29.112796783447266,12.038039207458496,26
2023-05-01,Eastern_Hills,24.6208438873291,12.558961868286133,75
2023-05-08,Barind_Tract,23.63364028930664,9.246456146240234,40
2023-05-08,Northern_Terrace,11.25885009765625,6.2245659828186035,60
2023-05-08,Brahmaputra_Floodplain,11.599058151245117,11.041121482849121,97
2023-05-08,Ganges_Floodplain,43.87728500366211,13.58427619934082,41
2023-05-08,GBM_Delta,54.7598991394043,17.84749412536621,55
2023-05-08,Meghna_Floodplain,22.170610427856445,9.641508102416992,26
2023-05-08,Eastern_Hills,13.444095611572266,9.017853736877441,75
2023-05-15,Barind_Tract,20.963918685913086,9.509377479553223,40
2023-05-15,Northern_Terrace,5.321072578430176,4.331850051879883,60
2023-05-15,Brahmaputra_Floodplain,6.848087787628174,8.024053573608398,97
2023-05-15,Ganges_Floodplain,39.78169250488281,14.512078285217285,41
2023-05-15,GBM_Delta,48.81486892700195,18.965229034423828,55
2023-05-15,Meghna_Floodplain,9.475598335266113,5.562208652496338,26
2023-05-15,Eastern_Hills,15.3723726272583,12.853296279907227,75
2023-05-22,Barind_Tract,18.82916831970215,9.057278633117676,40
2023-05-22,Northern_Terrace,5.2132768630981445,3.024854898452759,60
2023-05-22,Brahmaputra_Floodplain,8.51677417755127,6.516225337982178,97
2023-05-22,Ganges_Floodplain,36.60626983642578,15.338529586791992,41
2023-05-22,GBM_Delta,45.54010009765625,17.421947479248047,55
2023-05-22,Meghna_Floodplain,5.554957389831543,4.930447578430176,26
2023-05-22,Eastern_Hills,24.164358139038086,22.2060489654541,75
2023-05-29,Barind_Tract,22.021413803100586,10.685246467590332,40
2023-05-29,Northern_Terrace,11.903890609741211,5.579965591430664,60
2023-05-29,Brahmaputra_Floodplain,11.2700777053833,7.374776363372803,97
2023-05-29,Ganges_Floodplain,41.69287872314453,16.71256446838379,41
2023-05-29,GBM_Delta,51.906982421875,16.998462677001953,55
2023-05-29,Meghna_Floodplain,5.358532905578613,5.791751861572266,26
2023-05-29,Eastern_Hills,18.944774627685547,18.274160385131836,75
2023-06-05,Barind_Tract,22.267032623291016,8.49127197265625,40
2023-06-05,Northern_Terrace,11.695605278015137,7.751911163330078,60
2023-06-05,Brahmaputra_Floodplain,6.208639144897461,6.168484687805176,97
2023-06-05,Ganges_Floodplain,36.43325424194336,16.2017879486084,41
2023-06-05,GBM_Delta,46.311439514160156,12.400642395019531,55
2023-06-05,Meghna_Floodplain,7.523087024688721,8.013459205627441,26
2023-06-05,Eastern_Hills,11.716601371765137,13.377184867858887,75
2023-06-12,Barind_Tract,14.257987976074219,5.665154457092285,40
2023-06-12,Northern_Terrace,4.39159631729126,4.7833757400512695,60
2023-06-12,Brahmaputra_Floodplain,4.07453727722168,6.127742767333984,97
2023-06-12,Ganges_Floodplain,27.284128189086914,13.555291175842285,41
2023-06-12,GBM_Delta,41.96074295043945,9.294352531433105,55
2023-06-12,Meghna_Floodplain,10.907472610473633,9.33867359161377,26
2023-06-12,Eastern_Hills,12.926092147827148,13.854243278503418,75
2023-06-19,Barind_Tract,9.6747407913208,3.71541428565979,40
2023-06-19,Northern_Terrace,7.5429301261901855,3.2340612411499023,60
2023-06-19,Brahmaputra_Floodplain,6.865024089813232,7.217477798461914,97
2023-06-19,Ganges_Floodplain,20.472414016723633,9.883878707885742,41
2023-06-19,GBM_Delta,33.859859466552734,8.17253589630127,55
2023-06-19,Meghna_Floodplain,7.502444267272949,7.061335563659668,26
2023-06-19,Eastern_Hills,11.413681030273438,12.111820220947266,75
2023-06-26,Barind_Tract,4.312375068664551,2.9158096313476562,40
2023-06-26,Northern_Terrace,17.23702049255371,12.553886413574219,60
2023-06-26,Brahmaputra_Floodplain,12.074623107910156,17.82422637939453,97
2023-06-26,Ganges_Floodplain,12.023180961608887,8.250421524047852,41
2023-06-26,GBM_Delta,24.378231048583984,9.278677940368652,55
2023-06-26,Meghna_Floodplain,3.185290813446045,3.8308167457580566,26
2023-06-26,Eastern_Hills,8.031675338745117,10.075678825378418,75
2023-07-03,Barind_Tract,2.242457866668701,1.5947563648223877,40
2023-07-03,Northern_Terrace,12.086421966552734,10.383408546447754,60
2023-07-03,Brahmaputra_Floodplain,14.036555290222168,17.586715698242188,97
2023-07-03,Ganges_Floodplain,9.150314331054688,9.781521797180176,41
2023-07-03,GBM_Delta,24.043806076049805,10.88576889038086,55
2023-07-03,Meghna_Floodplain,2.808281183242798,3.4382383823394775,26
2023-07-03,Eastern_Hills,4.548563003540039,6.302860736846924,75
2023-07-10,Barind_Tract,2.6150951385498047,1.6256728172302246,40
2023-07-10,Northern_Terrace,11.434746742248535,7.21462345123291,60
2023-07-10,Brahmaputra_Floodplain,13.467644691467285,12.982264518737793,97
2023-07-10,Ganges_Floodplain,7.167331695556641,6.845518112182617,41
2023-07-10,GBM_Delta,17.479576110839844,7.24999475479126,55
2023-07-10,Meghna_Floodplain,2.8236312866210938,2.408615827560425,26
2023-07-10,Eastern_Hills,2.1000444889068604,1.9940576553344727,75
2023-07-17,Barind_Tract,2.10526704788208,1.3745462894439697,40
2023-07-17,Northern_Terrace,11.084982872009277,6.199998378753662,60
2023-07-17,Brahmaputra_Floodplain,11.687716484069824,11.203856468200684,97
2023-07-17,Ganges_Floodplain,4.270243167877197,3.6005196571350098,41
2023-07-17,GBM_Delta,14.004673957824707,5.449861526489258,55
2023-07-17,Meghna_Floodplain,2.9882283210754395,2.055950403213501,26
2023-07-17,Eastern_Hills,2.735278367996216,1.5799249410629272,75
2023-07-24,Barind_Tract,1.5392725467681885,1.0329071283340454,40
2023-07-24,Northern_Terrace,4.118603706359863,2.9942493438720703,60
2023-07-24,Brahmaputra_Floodplain,6.970271587371826,6.322143077850342,97
2023-07-24,Ganges_Floodplain,3.6475987434387207,3.01629638671875,41
2023-07-24,GBM_Delta,11.629104614257812,4.818240642547607,55
2023-07-24,Meghna_Floodplain,3.214968681335449,1.6974678039550781,26
2023-07-24,Eastern_Hills,2.939760684967041,1.7225494384765625,75
2023-07-31,Barind_Tract,1.008162260055542,0.7127005457878113,40
2023-07-31,Northern_Terrace,3.6473348140716553,3.2846484184265137,60
2023-07-31,Brahmaputra_Floodplain,6.8423614501953125,8.34615707397461,97
2023-07-31,Ganges_Floodplain,2.626396417617798,2.003211259841919,41
2023-07-31,GBM_Delta,8.083157539367676,3.15079665184021,55
2023-07-31,Meghna_Floodplain,2.159984827041626,1.71878981590271,26
2023-07-31,Eastern_Hills,2.3431057929992676,1.8100626468658447,75
2023-08-07,Barind_Tract,0.7361645698547363,0.49794697761535645,40
2023-08-07,Northern_Terrace,5.784653663635254,5.3452467918396,60
2023-08-07,Brahmaputra_Floodplain,23.1337947845459,28.71210479736328,97
2023-08-07,Ganges_Floodplain,2.23895001411438,2.8105063438415527,41
2023-08-07,GBM_Delta,10.148918151855469,4.658326148986816,55
2023-08-07,Meghna_Floodplain,2.2455649375915527,1.6516878604888916,26
2023-08-07,Eastern_Hills,4.521325588226318,8.606285095214844,75
2023-08-14,Barind_Tract,1.0556391477584839,0.5316715240478516,40
2023-08-14,Northern_Terrace,19.961637496948242,18.570707321166992,60
2023-08-14,Brahmaputra_Floodplain,32.43388748168945,25.99732780456543,97
2023-08-14,Ganges_Floodplain,1.9927425384521484,2.58825421333313,41
2023-08-14,GBM_Delta,12.226164817810059,5.275424957275391,55
2023-08-14,Meghna_Floodplain,3.835446834564209,1.5777825117111206,26
2023-08-14,Eastern_Hills,9.881293296813965,12.44054126739502,75
2023-08-21,Barind_Tract,1.3075190782546997,1.208791971206665,40
2023-08-21,Northern_Terrace,17.992332458496094,13.035449981689453,60
2023-08-21,Brahmaputra_Floodplain,8.562418937683105,5.479791641235352,97
2023-08-21,Ganges_Floodplain,2.3721485137939453,2.6731646060943604,41
2023-08-21,GBM_Delta,10.05603313446045,4.214654922485352,55
2023-08-21,Meghna_Floodplain,2.4282214641571045,1.277443289756775,26
2023-08-21,Eastern_Hills,2.9899632930755615,3.009044885635376,75
2023-08-28,Barind_Tract,1.0632883310317993,1.5803272724151611,40
2023-08-28,Northern_Terrace,36.04840850830078,28.61341667175293,60
2023-08-28,Brahmaputra_Floodplain,37.33108901977539,27.44096565246582,97
2023-08-28,Ganges_Floodplain,3.1220200061798096,4.353105068206787,41
2023-08-28,GBM_Delta,13.122961044311523,9.010272979736328,55
2023-08-28,Meghna_Floodplain,2.5559945106506348,2.1462020874023438,26
2023-08-28,Eastern_Hills,15.270986557006836,20.870609283447266,75
2023-09-04,Barind_Tract,1.1868183612823486,1.0035268068313599,40
2023-09-04,Northern_Terrace,24.784719467163086,20.881101608276367,60
2023-09-04,Brahmaputra_Floodplain,7.227468490600586,6.785831451416016,97
2023-09-04,Ganges_Floodplain,2.644479274749756,3.7064199447631836,41
2023-09-04,GBM_Delta,10.86190414428711,7.180805206298828,55
2023-09-04,Meghna_Floodplain,2.7228941917419434,2.710358142852783,26
2023-09-04,Eastern_Hills,14.091974258422852,19.232162475585938,75
2023-09-11,Barind_Tract,0.7665626406669617,0.4359445571899414,40
2023-09-11,Northern_Terrace,14.82663631439209,13.597501754760742,60
2023-09-11,Brahmaputra_Floodplain,3.017526149749756,3.355242967605591,97
2023-09-11,Ganges_Floodplain,3.295323133468628,6.187733173370361,41
2023-09-11,GBM_Delta,12.399374008178711,7.816816329956055,55
2023-09-11,Meghna_Floodplain,1.7474662065505981,2.366933822631836,26
2023-09-11,Eastern_Hills,15.005255699157715,20.52492332458496,75
2023-09-18,Barind_Tract,0.7032967209815979,0.45095133781433105,40
2023-09-18,Northern_Terrace,3.6150221824645996,3.8305039405822754,60
2023-09-18,Brahmaputra_Floodplain,1.212059497833252,1.1282556056976318,97
2023-09-18,Ganges_Floodplain,2.9160590171813965,5.960527420043945,41
2023-09-18,GBM_Delta,11.494563102722168,8.974162101745605,55
2023-09-18,Meghna_Floodplain,1.6197738647460938,2.3231124877929688,26
2023-09-18,Eastern_Hills,15.057433128356934,19.54410743713379,75
2023-09-25,Barind_Tract,0.9120879173278809,0.4976699948310852,40
2023-09-25,Northern_Terrace,10.299579620361328,15.385902404785156,60
2023-09-25,Brahmaputra_Floodplain,10.36940860748291,10.198769569396973,97
2023-09-25,Ganges_Floodplain,3.6035068035125732,7.260682106018066,41
2023-09-25,GBM_Delta,15.505480766296387,15.181949615478516,55
2023-09-25,Meghna_Floodplain,3.890688419342041,8.150598526000977,26
2023-09-25,Eastern_Hills,8.964186668395996,8.484214782714844,75
2023-10-02,Barind_Tract,1.0549449920654297,0.5251781344413757,40
2023-10-02,Northern_Terrace,9.30470085144043,11.07280445098877,60
2023-10-02,Brahmaputra_Floodplain,9.343836784362793,9.846220016479492,97
2023-10-02,Ganges_Floodplain,5.592238426208496,10.949481010437012,41
2023-10-02,GBM_Delta,18.534828186035156,16.479507446289062,55
2023-10-02,Meghna_Floodplain,5.282047748565674,10.135470390319824,26
2023-10-02,Eastern_Hills,12.55602741241455,13.812459945678711,75
2023-10-09,Barind_Tract,1.697335958480835,2.2900824546813965,40
2023-10-09,Northern_Terrace,20.79049301147461,17.878765106201172,60
2023-10-09,Brahmaputra_Floodplain,61.124542236328125,30.21501922607422,97
2023-10-09,Ganges_Floodplain,10.649514198303223,16.529735565185547,41
2023-10-09,GBM_Delta,39.75531005859375,20.59895896911621,55
2023-10-09,Meghna_Floodplain,20.977548599243164,25.12119483947754,26
2023-10-09,Eastern_Hills,20.464759826660156,22.226276397705078,75
2023-10-16,Barind_Tract,1.5073500871658325,2.149634838104248,40
2023-10-16,Northern_Terrace,21.99539566040039,18.722732543945312,60
2023-10-16,Brahmaputra_Floodplain,51.1994743347168,20.33058738708496,97
2023-10-16,Ganges_Floodplain,9.273061752319336,13.524847984313965,41
2023-10-16,GBM_Delta,29.835708618164062,15.342303276062012,55
2023-10-16,Meghna_Floodplain,12.857087135314941,15.645122528076172,26
2023-10-16,Eastern_Hills,15.145816802978516,15.084956169128418,75
2023-10-23,Barind_Tract,1.4653562307357788,2.1129000186920166,40
2023-10-23,Northern_Terrace,17.992666244506836,15.951778411865234,60
2023-10-23,Brahmaputra_Floodplain,39.28448486328125,15.804422378540039,97
2023-10-23,Ganges_Floodplain,8.030847549438477,9.625747680664062,41
2023-10-23,GBM_Delta,23.279203414916992,12.412614822387695,55
2023-10-23,Meghna_Floodplain,9.110647201538086,10.702198028564453,26
2023-10-23,Eastern_Hills,7.875582695007324,11.03554630279541,75
2023-10-30,Barind_Tract,1.8070226907730103,2.347026824951172,40
2023-10-30,Northern_Terrace,14.9915189743042,13.189784049987793,60
2023-10-30,Brahmaputra_Floodplain,34.16393280029297,14.533731460571289,97
2023-10-30,Ganges_Floodplain,7.913175106048584,8.469840049743652,41
2023-10-30,GBM_Delta,24.32827377319336,13.732291221618652,55
2023-10-30,Meghna_Floodplain,9.90062427520752,10.18433952331543,26
2023-10-30,Eastern_Hills,12.434151649475098,12.128432273864746,75
2023-11-06,Barind_Tract,2.0649123191833496,1.997854232788086,40
2023-11-06,Northern_Terrace,12.90842056274414,11.726221084594727,60
2023-11-06,Brahmaputra_Floodplain,28.181570053100586,12.8864107131958,97
2023-11-06,Ganges_Floodplain,8.008695602416992,7.968220233917236,41
2023-11-06,GBM_Delta,21.838321685791016,11.892792701721191,55
2023-11-06,Meghna_Floodplain,7.4670586585998535,7.326716899871826,26
2023-11-06,Eastern_Hills,9.339668273925781,9.327850341796875,75
2023-11-13,Barind_Tract,1.8994719982147217,1.9309130907058716,40
2023-11-13,Northern_Terrace,11.074082374572754,10.109405517578125,60
2023-11-13,Brahmaputra_Floodplain,24.081308364868164,11.985662460327148,97
2023-11-13,Ganges_Floodplain,7.31544828414917,6.647281169891357,41
2023-11-13,GBM_Delta,19.07828712463379,9.942985534667969,55
2023-11-13,Meghna_Floodplain,6.336124897003174,5.394688606262207,26
2023-11-13,Eastern_Hills,7.572713375091553,7.896487236022949,75
2023-11-20,Barind_Tract,1.7378833293914795,1.8742121458053589,40
2023-11-20,Northern_Terrace,8.423460960388184,7.899566650390625,60
2023-11-20,Brahmaputra_Floodplain,26.804039001464844,15.103638648986816,97
2023-11-20,Ganges_Floodplain,7.798537254333496,6.295698642730713,41
2023-11-20,GBM_Delta,25.230939865112305,14.952863693237305,55
2023-11-20,Meghna_Floodplain,17.66127586364746,16.243362426757812,26
2023-11-20,Eastern_Hills,27.56740951538086,22.01544952392578,75
2023-11-27,Barind_Tract,1.8276071548461914,1.9477958679199219,40
2023-11-27,Northern_Terrace,7.421473503112793,7.054057598114014,60
2023-11-27,Brahmaputra_Floodplain,25.194608688354492,15.291177749633789,97
2023-11-27,Ganges_Floodplain,8.234614372253418,6.038431644439697,41
2023-11-27,GBM_Delta,26.693105697631836,13.975995063781738,55
2023-11-27,Meghna_Floodplain,18.89734649658203,15.347549438476562,26
2023-11-27,Eastern_Hills,31.347572326660156,23.41081428527832,75
2023-12-04,Barind_Tract,2.1145827770233154,2.0166220664978027,40
2023-12-04,Northern_Terrace,6.0408430099487305,5.794802665710449,60
2023-12-04,Brahmaputra_Floodplain,23.172121047973633,15.402507781982422,97
2023-12-04,Ganges_Floodplain,8.842473983764648,6.40748929977417,41
2023-12-04,GBM_Delta,27.874080657958984,14.64867115020752,55
2023-12-04,Meghna_Floodplain,18.804615020751953,15.346248626708984,26
2023-12-04,Eastern_Hills,31.248088836669922,22.917577743530273,75
2023-12-11,Barind_Tract,2.8452610969543457,2.5832531452178955,40
2023-12-11,Northern_Terrace,4.8471760749816895,4.705219745635986,60
2023-12-11,Brahmaputra_Floodplain,31.51346778869629,20.3780460357666,97
2023-12-11,Ganges_Floodplain,12.01469898223877,8.500944137573242,41
2023-12-11,GBM_Delta,31.183536529541016,15.666350364685059,55
2023-12-11,Meghna_Floodplain,24.784048080444336,17.799745559692383,26
2023-12-11,Eastern_Hills,45.81211853027344,27.043256759643555,75
2023-12-18,Barind_Tract,3.9617233276367188,3.913382053375244,40
2023-12-18,Northern_Terrace,3.863596200942993,3.7409579753875732,60
2023-12-18,Brahmaputra_Floodplain,31.547710418701172,20.463804244995117,97
2023-12-18,Ganges_Floodplain,14.52923583984375,8.683724403381348,41
2023-12-18,GBM_Delta,31.825511932373047,15.400635719299316,55
2023-12-18,Meghna_Floodplain,24.032827377319336,16.461078643798828,26
2023-12-18,Eastern_Hills,46.95907974243164,25.541671752929688,75
2023-12-25,Barind_Tract,5.043511390686035,4.665086269378662,40
2023-12-25,Northern_Terrace,3.008376359939575,2.7450172901153564,60
2023-12-25,Brahmaputra_Floodplain,29.36376190185547,19.16860008239746,97
2023-12-25,Ganges_Floodplain,16.970760345458984,8.564167976379395,41
2023-12-25,GBM_Delta,32.25385284423828,15.274983406066895,55
2023-12-25,Meghna_Floodplain,22.95003318786621,15.054156303405762,26
2023-12-25,Eastern_Hills,46.21314239501953,25.02420425415039,75
2024-01-01,Barind_Tract,7.195186614990234,5.629086017608643,40
2024-01-01,Northern_Terrace,2.0312070846557617,1.9120205640792847,60
2024-01-01,Brahmaputra_Floodplain,27.076204299926758,18.440298080444336,97
2024-01-01,Ganges_Floodplain,20.130796432495117,9.098029136657715,41
2024-01-01,GBM_Delta,34.562355041503906,15.6749267578125,55
2024-01-01,Meghna_Floodplain,22.022056579589844,13.57691764831543,26
2024-01-01,Eastern_Hills,45.50541305541992,23.646137237548828,75
2024-01-08,Barind_Tract,7.306736946105957,5.9845733642578125,40
2024-01-08,Northern_Terrace,1.6131742000579834,1.7085399627685547,60
2024-01-08,Brahmaputra_Floodplain,25.740447998046875,18.573707580566406,97
2024-01-08,Ganges_Floodplain,21.147817611694336,9.265920639038086,41
2024-01-08,GBM_Delta,35.386260986328125,15.7034273147583,55
2024-01-08,Meghna_Floodplain,21.75301170349121,12.750283241271973,26
2024-01-08,Eastern_Hills,45.1994743347168,22.8513240814209,75
2024-01-15,Barind_Tract,7.079683780670166,5.972082614898682,40
2024-01-15,Northern_Terrace,1.3670848608016968,1.5791099071502686,60
2024-01-15,Brahmaputra_Floodplain,24.584585189819336,19.196918487548828,97
2024-01-15,Ganges_Floodplain,20.99164390563965,9.29903507232666,41
2024-01-15,GBM_Delta,35.05644607543945,16.012868881225586,55
2024-01-15,Meghna_Floodplain,21.009979248046875,12.25400161743164,26
2024-01-15,Eastern_Hills,44.48357009887695,22.58600616455078,75
2024-01-22,Barind_Tract,6.973813533782959,6.215748310089111,40
2024-01-22,Northern_Terrace,1.1726469993591309,1.4813603162765503,60
2024-01-22,Brahmaputra_Floodplain,23.26926612854004,19.561994552612305,97
2024-01-22,Ganges_Floodplain,22.20186996459961,10.901500701904297,41
2024-01-22,GBM_Delta,37.09914016723633,17.278289794921875,55
2024-01-22,Meghna_Floodplain,20.750091552734375,11.690997123718262,26
2024-01-22,Eastern_Hills,45.173343658447266,22.52621841430664,75
2024-01-29,Barind_Tract,6.992000579833984,6.496912479400635,40
2024-01-29,Northern_Terrace,1.1810414791107178,1.36241614818573,60
2024-01-29,Brahmaputra_Floodplain,22.175373077392578,18.770017623901367,97
2024-01-29,Ganges_Floodplain,23.776100158691406,12.072104454040527,41
2024-01-29,GBM_Delta,39.933349609375,16.76195526123047,55
2024-01-29,Meghna_Floodplain,21.82996940612793,10.696998596191406,26
2024-01-29,Eastern_Hills,47.64196014404297,21.300106048583984,75
2024-02-05,Barind_Tract,7.5634260177612305,6.842984199523926,40
2024-02-05,Northern_Terrace,1.167906641960144,1.189965009689331,60
2024-02-05,Brahmaputra_Floodplain,21.20204734802246,18.42520523071289,97
2024-02-05,Ganges_Floodplain,26.232873916625977,13.501498222351074,41
2024-02-05,GBM_Delta,45.77442169189453,16.7624454498291,55
2024-02-05,Meghna_Floodplain,24.954078674316406,10.794193267822266,26
2024-02-05,Eastern_Hills,51.63731384277344,19.669776916503906,75
2024-02-12,Barind_Tract,8.04883098602295,6.691148281097412,40
2024-02-12,Northern_Terrace,1.0728423595428467,1.0504629611968994,60
2024-02-12,Brahmaputra_Floodplain,19.260927200317383,17.624483108520508,97
2024-02-12,Ganges_Floodplain,26.951995849609375,13.746947288513184,41
2024-02-12,GBM_Delta,47.5866584777832,16.633983612060547,55
2024-02-12,Meghna_Floodplain,23.99787139892578,10.16434383392334,26
2024-02-12,Eastern_Hills,51.86613082885742,18.72728729248047,75
2024-02-19,Barind_Tract,8.484946250915527,6.583516597747803,40
2024-02-19,Northern_Terrace,1.112109899520874,1.199031114578247,60
2024-02-19,Brahmaputra_Floodplain,17.088708877563477,15.706426620483398,97
2024-02-19,Ganges_Floodplain,27.022380828857422,13.479000091552734,41
2024-02-19,GBM_Delta,47.53013610839844,16.26531219482422,55
2024-02-19,Meghna_Floodplain,24.281475067138672,9.254809379577637,26
2024-02-19,Eastern_Hills,49.97574996948242,17.434532165527344,75
2024-02-26,Barind_Tract,9.359126091003418,6.745197772979736,40
2024-02-26,Northern_Terrace,1.4321208000183105,1.5773624181747437,60
2024-02-26,Brahmaputra_Floodplain,20.17047119140625,18.349411010742188,97
2024-02-26,Ganges_Floodplain,28.009262084960938,13.692359924316406,41
2024-02-26,GBM_Delta,47.49726486206055,15.492445945739746,55
2024-02-26,Meghna_Floodplain,28.875843048095703,9.14787483215332,26
2024-02-26,Eastern_Hills,56.13782501220703,14.752799034118652,75
2024-03-04,Barind_Tract,9.941771507263184,6.680016040802002,40
2024-03-04,Northern_Terrace,1.7173798084259033,1.752293348312378,60
2024-03-04,Brahmaputra_Floodplain,20.392040252685547,18.750219345092773,97
2024-03-04,Ganges_Floodplain,28.313846588134766,13.341158866882324,41
2024-03-04,GBM_Delta,45.71341323852539,15.701338768005371,55
2024-03-04,Meghna_Floodplain,28.071094512939453,9.931085586547852,26
2024-03-04,Eastern_Hills,54.630306243896484,15.613755226135254,75
2024-03-11,Barind_Tract,10.40648078918457,7.193919658660889,40
2024-03-11,Northern_Terrace,1.6637074947357178,1.7243093252182007,60
2024-03-11,Brahmaputra_Floodplain,21.453842163085938,19.455982208251953,97
2024-03-11,Ganges_Floodplain,29.592180252075195,13.759485244750977,41
2024-03-11,GBM_Delta,47.28213882446289,15.325984001159668,55
2024-03-11,Meghna_Floodplain,32.19477844238281,10.48903751373291,26
2024-03-11,Eastern_Hills,56.04916000366211,15.151118278503418,75
2024-03-18,Barind_Tract,11.524847030639648,7.644421100616455,40
2024-03-18,Northern_Terrace,2.009442090988159,1.9896529912948608,60
2024-03-18,Brahmaputra_Floodplain,22.67212677001953,18.91621971130371,97
2024-03-18,Ganges_Floodplain,31.369510650634766,14.130640983581543,41
2024-03-18,GBM_Delta,49.44458770751953,14.701203346252441,55
2024-03-18,Meghna_Floodplain,35.22642135620117,9.404211044311523,26
2024-03-18,Eastern_Hills,55.36034393310547,15.141595840454102,75
2024-03-25,Barind_Tract,14.249035835266113,10.189680099487305,40
2024-03-25,Northern_Terrace,3.0007879734039307,2.254448413848877,60
2024-03-25,Brahmaputra_Floodplain,27.269113540649414,19.52241325378418,97
2024-03-25,Ganges_Floodplain,37.80143737792969,16.346263885498047,41
2024-03-25,GBM_Delta,57.875789642333984,14.658955574035645,55
2024-03-25,Meghna_Floodplain,44.529396057128906,9.288846015930176,26
2024-03-25,Eastern_Hills,60.20738220214844,13.664469718933105,75
2024-04-01,Barind_Tract,16.328481674194336,12.205299377441406,40
2024-04-01,Northern_Terrace,3.49784517288208,2.5841665267944336,60
2024-04-01,Brahmaputra_Floodplain,31.33209228515625,20.833560943603516,97
2024-04-01,Ganges_Floodplain,43.375484466552734,17.4897403717041,41
2024-04-01,GBM_Delta,65.41802978515625,13.414958000183105,55
2024-04-01,Meghna_Floodplain,56.33817672729492,8.824929237365723,26
2024-04-01,Eastern_Hills,60.11775207519531,11.647581100463867,75
2024-04-08,Barind_Tract,13.406244277954102,12.405400276184082,40
2024-04-08,Northern_Terrace,1.3391324281692505,1.4319816827774048,60
2024-04-08,Brahmaputra_Floodplain,27.132291793823242,19.74642562866211,97
2024-04-08,Ganges_Floodplain,43.286155700683594,20.069326400756836,41
2024-04-08,GBM_Delta,70.4884033203125,13.628021240234375,55
2024-04-08,Meghna_Floodplain,53.94782257080078,10.865105628967285,26
2024-04-08,Eastern_Hills,59.54244613647461,11.677976608276367,75
2024-04-15,Barind_Tract,11.05493450164795,11.88592529296875,40
2024-04-15,Northern_Terrace,0.9158450961112976,1.0048638582229614,60
2024-04-15,Brahmaputra_Floodplain,20.526411056518555,16.32086944580078,97
2024-04-15,Ganges_Floodplain,39.52224349975586,21.010761260986328,41
2024-04-15,GBM_Delta,66.33003997802734,14.946245193481445,55
2024-04-15,Meghna_Floodplain,32.171722412109375,16.83617401123047,26
2024-04-15,Eastern_Hills,45.90153121948242,17.252490997314453,75
2024-04-22,Barind_Tract,9.879969596862793,11.228398323059082,40
2024-04-22,Northern_Terrace,1.1630051136016846,1.0208512544631958,60
2024-04-22,Brahmaputra_Floodplain,12.236045837402344,13.017155647277832,97
2024-04-22,Ganges_Floodplain,33.73252487182617,20.36444854736328,41
2024-04-22,GBM_Delta,58.7668342590332,14.368306159973145,55
2024-04-22,Meghna_Floodplain,17.547029495239258,14.279359817504883,26
2024-04-22,Eastern_Hills,36.004520416259766,16.726816177368164,75
2024-04-29,Barind_Tract,9.281328201293945,9.096887588500977,40
2024-04-29,Northern_Terrace,1.2550498247146606,1.017392635345459,60
2024-04-29,Brahmaputra_Floodplain,8.111227035522461,10.060245513916016,97
2024-04-29,Ganges_Floodplain,29.189653396606445,18.784873962402344,41
2024-04-29,GBM_Delta,50.99003982543945,13.86646556854248,55
2024-04-29,Meghna_Floodplain,18.10688018798828,12.639321327209473,26
2024-04-29,Eastern_Hills,31.306217193603516,16.174762725830078,75
2024-05-06,Barind_Tract,8.813074111938477,7.691067218780518,40
2024-05-06,Northern_Terrace,2.101135730743408,1.6014611721038818,60
2024-05-06,Brahmaputra_Floodplain,5.632674217224121,6.667415618896484,97
2024-05-06,Ganges_Floodplain,25.58547019958496,16.70128059387207,41
2024-05-06,GBM_Delta,43.49885559082031,15.133526802062988,55
2024-05-06,Meghna_Floodplain,23.251127243041992,11.020450592041016,26
2024-05-06,Eastern_Hills,36.10597610473633,14.350692749023438,75
2024-05-13,Barind_Tract,8.703256607055664,8.023133277893066,40
2024-05-13,Northern_Terrace,1.5382521152496338,1.5783045291900635,60
2024-05-13,Brahmaputra_Floodplain,5.507540702819824,6.545499324798584,97
2024-05-13,Ganges_Floodplain,30.153486251831055,19.766382217407227,41
2024-05-13,GBM_Delta,52.55725860595703,15.545377731323242,55
2024-05-13,Meghna_Floodplain,27.437896728515625,12.405210494995117,26
2024-05-13,Eastern_Hills,38.643253326416016,15.160685539245605,75
2024-05-20,Barind_Tract,7.187914848327637,8.02029800415039,40
2024-05-20,Northern_Terrace,0.9172003269195557,0.8200201988220215,60
2024-05-20,Brahmaputra_Floodplain,3.7573235034942627,3.994091272354126,97
2024-05-20,Ganges_Floodplain,25.722593307495117,20.3857479095459,41
2024-05-20,GBM_Delta,45.38303756713867,15.358933448791504,55
2024-05-20,Meghna_Floodplain,13.618483543395996,9.328664779663086,26
2024-05-20,Eastern_Hills,26.810283660888672,16.246957778930664,75
2024-05-27,Barind_Tract,7.8864874839782715,8.322346687316895,40
2024-05-27,Northern_Terrace,1.5416291952133179,1.0724929571151733,60
2024-05-27,Brahmaputra_Floodplain,3.04379940032959,2.6366987228393555,97
2024-05-27,Ganges_Floodplain,24.938425064086914,22.314212799072266,41
2024-05-27,GBM_Delta,43.694950103759766,16.214670181274414,55
2024-05-27,Meghna_Floodplain,10.064800262451172,8.496604919433594,26
2024-05-27,Eastern_Hills,21.030765533447266,16.08943748474121,75
2024-06-03,Barind_Tract,15.951693534851074,10.301835060119629,40
2024-06-03,Northern_Terrace,8.738195419311523,6.426648139953613,60
2024-06-03,Brahmaputra_Floodplain,8.637799263000488,6.610886573791504,97
2024-06-03,Ganges_Floodplain,37.62203598022461,24.903982162475586,41
2024-06-03,GBM_Delta,61.82637023925781,13.717742919921875,55
2024-06-03,Meghna_Floodplain,36.27859115600586,16.795198440551758,26
2024-06-03,Eastern_Hills,29.277708053588867,16.07561683654785,75
2024-06-10,Barind_Tract,15.564691543579102,10.7904052734375,40
2024-06-10,Northern_Terrace,10.833127975463867,7.092507839202881,60
2024-06-10,Brahmaputra_Floodplain,9.04568862915039,8.311067581176758,97
2024-06-10,Ganges_Floodplain,33.61431121826172,22.313587188720703,41
2024-06-10,GBM_Delta,52.36164855957031,11.050220489501953,55
2024-06-10,Meghna_Floodplain,32.807865142822266,13.0802001953125,26
2024-06-10,Eastern_Hills,24.57904815673828,13.328001976013184,75
2024-06-17,Barind_Tract,10.914713859558105,8.114091873168945,40
2024-06-17,Northern_Terrace,14.83954906463623,7.104777812957764,60
2024-06-17,Brahmaputra_Floodplain,8.20422649383545,7.180559158325195,97
2024-06-17,Ganges_Floodplain,24.628164291381836,17.38602066040039,41
2024-06-17,GBM_Delta,40.68244552612305,7.7780938148498535,55
2024-06-17,Meghna_Floodplain,26.051677703857422,11.244133949279785,26
2024-06-17,Eastern_Hills,21.031965255737305,12.401674270629883,75
2024-06-24,Barind_Tract,5.871008396148682,5.087490081787109,40
2024-06-24,Northern_Terrace,29.38085174560547,16.440235137939453,60
2024-06-24,Brahmaputra_Floodplain,13.561660766601562,11.833048820495605,97
2024-06-24,Ganges_Floodplain,15.418791770935059,13.658395767211914,41
2024-06-24,GBM_Delta,28.618247985839844,8.737933158874512,55
2024-06-24,Meghna_Floodplain,21.367900848388672,9.41315746307373,26
2024-06-24,Eastern_Hills,19.352157592773438,10.248661994934082,75
2024-07-01,Barind_Tract,1.4473341703414917,1.32660710811615,40
2024-07-01,Northern_Terrace,27.060436248779297,19.862998962402344,60
2024-07-01,Brahmaputra_Floodplain,37.65742874145508,37.51850128173828,97
2024-07-01,Ganges_Floodplain,5.309045791625977,8.25932788848877,41
2024-07-01,GBM_Delta,13.926651000976562,7.449453830718994,55
2024-07-01,Meghna_Floodplain,14.51697826385498,6.702310085296631,26
2024-07-01,Eastern_Hills,18.444499969482422,16.485313415527344,75
2024-07-08,Barind_Tract,2.184727191925049,2.102365732192993,40
2024-07-08,Northern_Terrace,41.270774841308594,22.965072631835938,60
2024-07-08,Brahmaputra_Floodplain,35.64968490600586,28.17876434326172,97
2024-07-08,Ganges_Floodplain,8.351059913635254,11.945009231567383,41
2024-07-08,GBM_Delta,21.108299255371094,9.241047859191895,55
2024-07-08,Meghna_Floodplain,17.049577713012695,6.722889423370361,26
2024-07-08,Eastern_Hills,18.216960906982422,12.711438179016113,75
2024-07-15,Barind_Tract,2.2889034748077393,1.918631911277771,40
2024-07-15,Northern_Terrace,42.269474029541016,22.859045028686523,60
2024-07-15,Brahmaputra_Floodplain,20.12425994873047,16.141645431518555,97
2024-07-15,Ganges_Floodplain,5.930181980133057,7.9067864418029785,41
2024-07-15,GBM_Delta,15.6804838180542,7.603509426116943,55
2024-07-15,Meghna_Floodplain,15.072263717651367,6.597296237945557,26
2024-07-15,Eastern_Hills,15.431663513183594,8.561769485473633,75
2024-07-22,Barind_Tract,1.6248407363891602,1.2751566171646118,40
2024-07-22,Northern_Terrace,22.76976203918457,13.857637405395508,60
2024-07-22,Brahmaputra_Floodplain,15.059988021850586,12.447265625,97
2024-07-22,Ganges_Floodplain,3.4414021968841553,4.082068920135498,41
2024-07-22,GBM_Delta,10.572522163391113,5.597898483276367,55
2024-07-22,Meghna_Floodplain,9.66275405883789,3.8410980701446533,26
2024-07-22,Eastern_Hills,11.423357963562012,6.481801509857178,75
2024-07-29,Barind_Tract,1.503244161605835,0.8977696895599365,40
2024-07-29,Northern_Terrace,13.933743476867676,8.307878494262695,60
2024-07-29,Brahmaputra_Floodplain,8.574789047241211,9.607162475585938,97
2024-07-29,Ganges_Floodplain,4.320371150970459,5.153501033782959,41
2024-07-29,GBM_Delta,13.211570739746094,5.922267436981201,55
2024-07-29,Meghna_Floodplain,8.426010131835938,2.4718244075775146,26
2024-07-29,Eastern_Hills,16.600688934326172,16.36890411376953,75
2024-08-05,Barind_Tract,1.3158506155014038,1.4123170375823975,40
2024-08-05,Northern_Terrace,20.503177642822266,12.17967700958252,60
2024-08-05,Brahmaputra_Floodplain,33.267024993896484,28.42922019958496,97
2024-08-05,Ganges_Floodplain,8.089776992797852,10.303475379943848,41
2024-08-05,GBM_Delta,28.945249557495117,18.280853271484375,55
2024-08-05,Meghna_Floodplain,23.654451370239258,21.367948532104492,26
2024-08-05,Eastern_Hills,36.83860397338867,27.03690528869629,75
2024-08-12,Barind_Tract,1.7899764776229858,2.1834990978240967,40
2024-08-12,Northern_Terrace,45.27202606201172,31.73456573486328,60
2024-08-12,Brahmaputra_Floodplain,49.34650421142578,32.443702697753906,97
2024-08-12,Ganges_Floodplain,9.369491577148438,13.566612243652344,41
2024-08-12,GBM_Delta,33.862674713134766,18.9836483001709,55
2024-08-12,Meghna_Floodplain,28.257587432861328,21.92772102355957,26
2024-08-12,Eastern_Hills,33.60618591308594,20.47439193725586,75
2024-08-19,Barind_Tract,2.200136184692383,2.249343156814575,40
2024-08-19,Northern_Terrace,29.433591842651367,16.714488983154297,60
2024-08-19,Brahmaputra_Floodplain,25.008365631103516,15.476082801818848,97
2024-08-19,Ganges_Floodplain,8.733837127685547,13.596114158630371,41
2024-08-19,GBM_Delta,40.590274810791016,25.609806060791016,55
2024-08-19,Meghna_Floodplain,36.81888198852539,32.11465072631836,26
2024-08-19,Eastern_Hills,48.80461120605469,28.362274169921875,75
2024-08-26,Barind_Tract,1.8480541706085205,2.656270980834961,40
2024-08-26,Northern_Terrace,18.67660140991211,10.760656356811523,60
2024-08-26,Brahmaputra_Floodplain,24.392436981201172,15.19323444366455,97
2024-08-26,Ganges_Floodplain,13.283635139465332,20.54494285583496,41
2024-08-26,GBM_Delta,60.94625473022461,24.074420928955078,55
2024-08-26,Meghna_Floodplain,59.59183120727539,25.051240921020508,26
2024-08-26,Eastern_Hills,67.9886245727539,25.622522354125977,75
2024-09-02,Barind_Tract,1.9254947900772095,2.5893256664276123,40
2024-09-02,Northern_Terrace,11.913578033447266,7.293284893035889,60
2024-09-02,Brahmaputra_Floodplain,10.24964427947998,7.196279525756836,97
2024-09-02,Ganges_Floodplain,13.644721984863281,20.52253532409668,41
2024-09-02,GBM_Delta,50.377010345458984,15.145031929016113,55
2024-09-02,Meghna_Floodplain,32.96731185913086,12.113861083984375,26
2024-09-02,Eastern_Hills,41.21179962158203,20.95741844177246,75
2024-09-09,Barind_Tract,1.3179800510406494,1.4694066047668457,40
2024-09-09,Northern_Terrace,8.462998390197754,4.612415790557861,60
2024-09-09,Brahmaputra_Floodplain,3.681225299835205,4.011932373046875,97
2024-09-09,Ganges_Floodplain,9.362071990966797,15.873544692993164,41
2024-09-09,GBM_Delta,34.84294509887695,15.587900161743164,55
2024-09-09,Meghna_Floodplain,21.37662696838379,13.06826114654541,26
2024-09-09,Eastern_Hills,24.5555419921875,17.376131057739258,75
2024-09-16,Barind_Tract,1.4423580169677734,2.7915093898773193,40
2024-09-16,Northern_Terrace,3.36637806892395,2.4582180976867676,60
2024-09-16,Brahmaputra_Floodplain,3.5656256675720215,6.857133388519287,97
2024-09-16,Ganges_Floodplain,14.277274131774902,21.770620346069336,41
2024-09-16,GBM_Delta,59.09806442260742,18.37127113342285,55
2024-09-16,Meghna_Floodplain,47.080379486083984,26.337051391601562,26
2024-09-16,Eastern_Hills,48.3806037902832,33.99504089355469,75
2024-09-23,Barind_Tract,1.9924558401107788,4.621040344238281,40
2024-09-23,Northern_Terrace,0.7631768584251404,0.679935872554779,60
2024-09-23,Brahmaputra_Floodplain,0.6137677431106567,1.2214112281799316,97
2024-09-23,Ganges_Floodplain,13.43149471282959,21.520366668701172,41
2024-09-23,GBM_Delta,41.38093948364258,18.814220428466797,55
2024-09-23,Meghna_Floodplain,18.11720085144043,14.416685104370117,26
2024-09-23,Eastern_Hills,26.795509338378906,25.699743270874023,75
2024-09-30,Barind_Tract,2.994464874267578,7.7949676513671875,40
2024-09-30,Northern_Terrace,6.550143718719482,8.49869441986084,60
2024-09-30,Brahmaputra_Floodplain,5.592901229858398,6.77433443069458,97
2024-09-30,Ganges_Floodplain,15.642521858215332,23.395254135131836,41
2024-09-30,GBM_Delta,47.10729217529297,18.718605041503906,55
2024-09-30,Meghna_Floodplain,24.493812561035156,17.269832611083984,26
2024-09-30,Eastern_Hills,24.02626609802246,19.234329223632812,75
2024-10-07,Barind_Tract,3.1291918754577637,6.811758041381836,40
2024-10-07,Northern_Terrace,17.296123504638672,16.390653610229492,60
2024-10-07,Brahmaputra_Floodplain,50.655853271484375,32.01609420776367,97
2024-10-07,Ganges_Floodplain,18.696224212646484,23.690536499023438,41
2024-10-07,GBM_Delta,63.04994583129883,16.787805557250977,55
2024-10-07,Meghna_Floodplain,70.56265258789062,17.000606536865234,26
2024-10-07,Eastern_Hills,54.19976806640625,18.772737503051758,75
2024-10-14,Barind_Tract,3.6222381591796875,6.7175140380859375,40
2024-10-14,Northern_Terrace,21.277240753173828,17.113901138305664,60
2024-10-14,Brahmaputra_Floodplain,51.962589263916016,25.280004501342773,97
2024-10-14,Ganges_Floodplain,20.100849151611328,24.963497161865234,41
2024-10-14,GBM_Delta,58.99842071533203,12.732159614562988,55
2024-10-14,Meghna_Floodplain,58.38759231567383,14.400450706481934,26
2024-10-14,Eastern_Hills,36.95886993408203,10.77748966217041,75
2024-10-21,Barind_Tract,3.8966240882873535,6.894526958465576,40
2024-10-21,Northern_Terrace,19.81679916381836,15.707456588745117,60
2024-10-21,Brahmaputra_Floodplain,48.46497344970703,20.49363136291504,97
2024-10-21,Ganges_Floodplain,21.17440414428711,23.70591163635254,41
2024-10-21,GBM_Delta,54.18693542480469,12.359621047973633,55
2024-10-21,Meghna_Floodplain,46.162540435791016,14.857213973999023,26
2024-10-21,Eastern_Hills,22.8698673248291,10.934563636779785,75
2024-10-28,Barind_Tract,6.454106330871582,8.189324378967285,40
2024-10-28,Northern_Terrace,20.669139862060547,15.297462463378906,60
2024-10-28,Brahmaputra_Floodplain,54.249229431152344,21.35259246826172,97
2024-10-28,Ganges_Floodplain,24.886220932006836,24.288597106933594,41
2024-10-28,GBM_Delta,59.167816162109375,12.88392448425293,55
2024-10-28,Meghna_Floodplain,45.24851989746094,11.725852966308594,26
2024-10-28,Eastern_Hills,18.247177124023438,12.967469215393066,75
2024-11-04,Barind_Tract,8.562666893005371,7.522799015045166,40
2024-11-04,Northern_Terrace,22.209943771362305,16.66180419921875,60
2024-11-04,Brahmaputra_Floodplain,51.5798454284668,18.549840927124023,97
2024-11-04,Ganges_Floodplain,25.7410888671875,22.480995178222656,41
2024-11-04,GBM_Delta,55.11864471435547,13.594484329223633,55
2024-11-04,Meghna_Floodplain,36.087547302246094,11.262832641601562,26
2024-11-04,Eastern_Hills,14.817562103271484,12.16238784790039,75
2024-11-11,Barind_Tract,8.366557121276855,6.777879238128662,40
2024-11-11,Northern_Terrace,19.281246185302734,14.740492820739746,60
2024-11-11,Brahmaputra_Floodplain,47.38750076293945,17.650880813598633,97
2024-11-11,Ganges_Floodplain,24.153268814086914,21.12674903869629,41
2024-11-11,GBM_Delta,50.458927154541016,13.732077598571777,55
2024-11-11,Meghna_Floodplain,34.14487075805664,10.160195350646973,26
2024-11-11,Eastern_Hills,15.331977844238281,11.839560508728027,75
2024-11-18,Barind_Tract,7.754640102386475,6.097084999084473,40
2024-11-18,Northern_Terrace,16.26059341430664,13.170472145080566,60
2024-11-18,Brahmaputra_Floodplain,43.16943359375,18.116052627563477,97
2024-11-18,Ganges_Floodplain,22.413137435913086,19.744632720947266,41
2024-11-18,GBM_Delta,45.950462341308594,13.925947189331055,55
2024-11-18,Meghna_Floodplain,27.357194900512695,10.159197807312012,26
2024-11-18,Eastern_Hills,12.56370735168457,10.692288398742676,75
2024-11-25,Barind_Tract,7.696875095367432,5.678604602813721,40
2024-11-25,Northern_Terrace,14.140192985534668,11.847991943359375,60
2024-11-25,Brahmaputra_Floodplain,40.24500274658203,18.979673385620117,97
2024-11-25,Ganges_Floodplain,21.644399642944336,18.963985443115234,41
2024-11-25,GBM_Delta,45.086631774902344,14.446944236755371,55
2024-11-25,Meghna_Floodplain,24.817014694213867,10.04311752319336,26
2024-11-25,Eastern_Hills,11.406081199645996,9.254114151000977,75
2024-12-02,Barind_Tract,7.863462924957275,5.619766712188721,40
2024-12-02,Northern_Terrace,12.330487251281738,10.504199981689453,60
2024-12-02,Brahmaputra_Floodplain,37.95934295654297,18.885183334350586,97
2024-12-02,Ganges_Floodplain,21.718250274658203,18.614521026611328,41
2024-12-02,GBM_Delta,46.296356201171875,14.971790313720703,55
2024-12-02,Meghna_Floodplain,26.184814453125,11.331579208374023,26
2024-12-02,Eastern_Hills,11.448882102966309,8.65386962890625,75
2024-12-09,Barind_Tract,7.8651227951049805,5.7756524085998535,40
2024-12-09,Northern_Terrace,10.03383731842041,9.050390243530273,60
2024-12-09,Brahmaputra_Floodplain,36.17110061645508,18.185434341430664,97
2024-12-09,Ganges_Floodplain,22.051979064941406,18.7032527923584,41
2024-12-09,GBM_Delta,48.086978912353516,15.42359447479248,55
2024-12-09,Meghna_Floodplain,26.851280212402344,11.740903854370117,26
2024-12-09,Eastern_Hills,11.922270774841309,8.726956367492676,75
2024-12-16,Barind_Tract,7.834716796875,5.89295768737793,40
2024-12-16,Northern_Terrace,7.9903130531311035,8.045795440673828,60
2024-12-16,Brahmaputra_Floodplain,34.3614616394043,17.769100189208984,97
2024-12-16,Ganges_Floodplain,21.864606857299805,18.40224266052246,41
2024-12-16,GBM_Delta,49.218910217285156,15.524641990661621,55
2024-12-16,Meghna_Floodplain,26.970542907714844,11.636093139648438,26
2024-12-16,Eastern_Hills,12.989508628845215,8.42431354522705,75
2024-12-23,Barind_Tract,8.103560447692871,5.9659857749938965,40
2024-12-23,Northern_Terrace,6.384169101715088,6.906282424926758,60
2024-12-23,Brahmaputra_Floodplain,31.407329559326172,15.706266403198242,97
2024-12-23,Ganges_Floodplain,22.461273193359375,18.01984977722168,41
2024-12-23,GBM_Delta,50.635963439941406,15.438587188720703,55
2024-12-23,Meghna_Floodplain,27.56125259399414,11.591864585876465,26
2024-12-23,Eastern_Hills,13.50291633605957,8.069548606872559,75
2024-12-30,Barind_Tract,8.475778579711914,5.87087345123291,40
2024-12-30,Northern_Terrace,4.831663131713867,5.776839256286621,60
2024-12-30,Brahmaputra_Floodplain,29.128250122070312,14.566332817077637,97
2024-12-30,Ganges_Floodplain,23.070608139038086,17.926448822021484,41
2024-12-30,GBM_Delta,53.4450798034668,15.9008150100708,55
2024-12-30,Meghna_Floodplain,28.57238006591797,12.04151439666748,26
2024-12-30,Eastern_Hills,14.655973434448242,7.943607330322266,75
