iteration,scenario,dalys_averted,total_cost_usd,cost_per_daly,as_reduction_pct,mn_reduction_pct,fe_reduction_pct
0,S1_deepen_wells,34513052.90649356,2525000000,73.16072579383224,,,
0,S2_po4_removal,32072518.330803275,151500000,4.723670228742078,67.04303973963111,7.644108686007171,
0,S3_multi_treatment,51784226.88241632,808000000,15.603206780216734,86.00195176320733,60.19544487259192,96.46693525009252
0,S4_seasonal_switch,26011605.804593824,101000000,3.882882154940343,,,
0,S5_fertilizer_policy,3317199.050199978,50000000,15.072957408746918,7.193935153124296,,
1,S1_deepen_wells,34513052.90649356,2525000000,73.16072579383224,,,
1,S2_po4_removal,30075250.473276235,151500000,5.037364531165496,61.163560923947955,12.355044983340715,
1,S3_multi_treatment,57884433.19347797,808000000,13.958847922018522,91.48611975851443,87.69688222034424,77.35356731565909
1,S4_seasonal_switch,26011605.804593824,101000000,3.882882154940343,,,
1,S5_fertilizer_policy,15042481.38940765,50000000,3.3239196849003996,32.62229188536456,,
2,S1_deepen_wells,34513052.90649356,2525000000,73.16072579383224,,,
2,S2_po4_removal,21823598.99136973,151500000,6.9420263843700365,42.96963773712838,13.264189758046161,
2,S3_multi_treatment,51782425.93360224,808000000,15.603749446502448,90.00471700320911,53.648339815511584,69.02041105921266
2,S4_seasonal_switch,26011605.804593824,101000000,3.882882154940343,,,
2,S5_fertilizer_policy,6518526.053107172,50000000,7.670445679382781,14.136581197072648,,
3,S1_deepen_wells,34513052.90649356,2525000000,73.16072579383224,,,
3,S2_po4_removal,33898163.12706157,151500000,4.4692687161875915,71.03353990752478,7.548963982266987,
3,S3_multi_treatment,51462521.30627896,808000000,15.700746475113252,79.84346387124668,77.91507093677936,91.11165731892484
3,S4_seasonal_switch,26011605.804593824,101000000,3.882882154940343,,,
3,S5_fertilizer_policy,6306718.67678348,50000000,7.928053011792297,13.677239292300875,,
4,S1_deepen_wells,34513052.90649356,2525000000,73.16072579383224,,,
4,S2_po4_removal,31136615.19959473,151500000,4.8656541190762415,65.29487617195583,6.787437471709292,
4,S3_multi_treatment,55046531.377340436,808000000,14.678490720172936,89.59917711342598,74.20290014552286,79.8193157721528
4,S4_seasonal_switch,26011605.804593824,101000000,3.882882154940343,,,
4,S5_fertilizer_policy,13146890.113629617,50000000,3.8031807954463774,28.51136561642289,,
5,S1_deepen_wells,34513052.90649356,2525000000,73.16072579383224,,,
5,S2_po4_removal,42743622.54350257,151500000,3.5443884019378564,89.44970408596114,9.882402145469793,
5,S3_multi_treatment,68072212.77856898,808000000,11.869747831296895,94.87812418994385,80.64947340024017,99.19210722359257
5,S4_seasonal_switch,26011605.804593824,101000000,3.882882154940343,,,
5,S5_fertilizer_policy,5562388.822018921,50000000,8.988943707436121,12.063027836588628,,
6,S1_deepen_wells,34513052.90649356,2525000000,73.16072579383224,,,
6,S2_po4_removal,27578784.512340337,151500000,5.493353049414131,54.981373004563594,14.692661406586405,
6,S3_multi_treatment,68099966.21615574,808000000,11.864910438212723,98.37089235633007,70.56468357977018,96.20424145997318
6,S4_seasonal_switch,26011605.804593824,101000000,3.882882154940343,,,
6,S5_fertilizer_policy,7944510.677798994,50000000,6.293653823101459,17.229082058233445,,
7,S1_deepen_wells,34513052.90649356,2525000000,73.16072579383224,,,
7,S2_po4_removal,30763207.10897299,151500000,4.92471410615087,63.628535923868824,9.394007913209654,
7,S3_multi_treatment,68104070.66114734,808000000,11.864195372699735,98.88743646956262,72.8901333741135,84.80014447723204
7,S4_seasonal_switch,26011605.804593824,101000000,3.882882154940343,,,
7,S5_fertilizer_policy,11370871.066375673,50000000,4.397200505408324,24.659752956673646,,
8,S1_deepen_wells,34513052.90649356,2525000000,73.16072579383224,,,
8,S2_po4_removal,33208160.70379886,151500000,4.562131620335995,70.96900000471942,3.1916287656252726,
8,S3_multi_treatment,54889062.521325774,808000000,14.720601206953967,87.05333172101649,78.93331750040768,89.43389283651534
8,S4_seasonal_switch,26011605.804593824,101000000,3.882882154940343,,,
8,S5_fertilizer_policy,5994710.251990803,50000000,8.34068668846761,13.000593621896565,,
9,S1_deepen_wells,34513052.90649356,2525000000,73.16072579383224,,,
9,S2_po4_removal,36362994.75831034,151500000,4.166323511222255,73.59298494811829,16.027103795756062,
9,S3_multi_treatment,68060259.63712887,808000000,11.87183246593453,93.37382218123574,86.19583944950094,85.879610232044
9,S4_seasonal_switch,26011605.804593824,101000000,3.882882154940343,,,
9,S5_fertilizer_policy,5535168.705808289,50000000,9.033148338827118,12.003996181292546,,
10,S1_deepen_wells,34513052.90649356,2525000000,73.16072579383224,,,
10,S2_po4_removal,36849573.13683997,151500000,4.111309497057362,75.49567303050074,13.448171283830224,
10,S3_multi_treatment,51547901.850874126,808000000,15.6747407942521,84.28252117831255,64.00643269128781,95.7952678668953
10,S4_seasonal_switch,26011605.804593824,101000000,3.882882154940343,,,
10,S5_fertilizer_policy,11149534.337551676,50000000,4.484492220594344,24.17974495894178,,
11,S1_deepen_wells,34513052.90649356,2525000000,73.16072579383224,,,
11,S2_po4_removal,16902854.63777765,151500000,8.962983072776332,35.19428240128423,4.450779034798958,
11,S3_multi_treatment,57891502.94505495,808000000,13.957143257567107,97.40688039432727,68.23505105240382,84.60078266922483
11,S4_seasonal_switch,26011605.804593824,101000000,3.882882154940343,,,
11,S5_fertilizer_policy,12197198.721778058,50000000,4.099301908619818,26.45179120286803,,
12,S1_deepen_wells,34513052.90649356,2525000000,73.16072579383224,,,
12,S2_po4_removal,27058328.832551025,151500000,5.5990154062192605,53.344018962080554,16.24056747767664,
12,S3_multi_treatment,55517315.95508978,808000000,14.554017716807927,96.03292741551462,54.303075787309815,96.48420458284758
12,S4_seasonal_switch,26011605.804593824,101000000,3.882882154940343,,,
12,S5_fertilizer_policy,5409830.306753106,50000000,9.242434081081038,11.732177607443358,,
13,S1_deepen_wells,34513052.90649356,2525000000,73.16072579383224,,,
13,S2_po4_removal,24227164.937119022,151500000,6.253311123823787,47.2654019676582,16.05413037420347,
13,S3_multi_treatment,40013868.542112164,808000000,20.192998813639555,58.20795071530159,68.99263061990749,87.25126268267812
13,S4_seasonal_switch,26011605.804593824,101000000,3.882882154940343,,,
13,S5_fertilizer_policy,14197656.892615236,50000000,3.5217078689940013,30.790139954255924,,
14,S1_deepen_wells,34513052.90649356,2525000000,73.16072579383224,,,
14,S2_po4_removal,29937564.35396219,151500000,5.060531919322595,62.93758878158636,6.047748623659569,
14,S3_multi_treatment,52128945.27810663,808000000,15.500025862586323,81.6734948514984,83.04993421825041,60.456554845692445
14,S4_seasonal_switch,26011605.804593824,101000000,3.882882154940343,,,
14,S5_fertilizer_policy,4415633.178384222,50000000,11.323404363560858,9.57608460166574,,
15,S1_deepen_wells,34513052.90649356,2525000000,73.16072579383224,,,
15,S2_po4_removal,37038435.4208608,151500000,4.090345563427124,77.97766331053228,7.141531553320772,
15,S3_multi_treatment,49821977.00661764,808000000,16.217742621748567,76.1196658119029,77.03938323143126,97.82435874977506
15,S4_seasonal_switch,26011605.804593824,101000000,3.882882154940343,,,
15,S5_fertilizer_policy,10501319.722006314,50000000,4.761306323739596,22.77397646601414,,
16,S1_deepen_wells,34513052.90649356,2525000000,73.16072579383224,,,
16,S2_po4_removal,31890362.152353927,151500000,4.750651600512392,68.07260418850183,3.3088374997530776,
16,S3_multi_treatment,50183349.399188265,808000000,16.10095798055818,82.26160721708587,63.25630042868499,85.55985206256148
16,S4_seasonal_switch,26011605.804593824,101000000,3.882882154940343,,,
16,S5_fertilizer_policy,14495403.307499684,50000000,3.449369357948862,31.435855923764876,,
17,S1_deepen_wells,34513052.90649356,2525000000,73.16072579383224,,,
17,S2_po4_removal,20792187.12806537,151500000,7.286390751817771,37.87041081464652,21.974969268592005,
17,S3_multi_treatment,49029827.87889704,808000000,16.47976415490889,72.14129562280891,90.46450062095566,66.00033628638194
17,S4_seasonal_switch,26011605.804593824,101000000,3.882882154940343,,,
17,S5_fertilizer_policy,9563741.658325784,50000000,5.228079321493606,20.74067195548048,,
18,S1_deepen_wells,34513052.90649356,2525000000,73.16072579383224,,,
18,S2_po4_removal,29858984.290828355,151500000,5.0738497506941505,54.88899400244035,30.022188785549364,
18,S3_multi_treatment,56089510.09963322,808000000,14.405545681620843,97.03778134073706,57.33306195920548,85.24628431244768
18,S4_seasonal_switch,26011605.804593824,101000000,3.882882154940343,,,
18,S5_fertilizer_policy,14431817.129722826,50000000,3.4645671817046013,31.29795800668504,,
19,S1_deepen_wells,34513052.90649356,2525000000,73.16072579383224,,,
19,S2_po4_removal,35043173.04521546,151500000,4.3232386463555335,73.84368071672353,6.553905967038672,
19,S3_multi_treatment,49086852.54731715,808000000,16.460619454488967,78.41656513072401,74.83087837977833,50.995100852540666
19,S4_seasonal_switch,26011605.804593824,101000000,3.882882154940343,,,
19,S5_fertilizer_policy,8680830.657747045,50000000,5.759817461175611,18.825922678146433,,
20,S1_deepen_wells,34513052.90649356,2525000000,73.16072579383224,,,
20,S2_po4_removal,23535865.296933167,151500000,6.4369844953073025,48.281030734457026,8.401124679372945,
20,S3_multi_treatment,42291689.83785243,808000000,19.105408251547654,58.83736736148194,80.12101250261334,96.92025487229586
20,S4_seasonal_switch,26011605.804593824,101000000,3.882882154940343,,,
20,S5_fertilizer_policy,12339986.581185624,50000000,4.0518682634739145,26.76145202987495,,
21,S1_deepen_wells,34513052.90649356,2525000000,73.16072579383224,,,
21,S2_po4_removal,42755091.065762356,151500000,3.5434376637620812,86.51505191432055,18.88866046719752,
21,S3_multi_treatment,39757076.76037434,808000000,20.32342581095724,56.860725945962585,74.09166796630699,74.15476642328656
21,S4_seasonal_switch,26011605.804593824,101000000,3.882882154940343,,,
21,S5_fertilizer_policy,2724093.846816726,50000000,18.354727410888625,5.907681205878527,,
22,S1_deepen_wells,34513052.90649356,2525000000,73.16072579383224,,,
22,S2_po4_removal,35799744.14821006,151500000,4.231873819343337,75.42642250109847,6.730460057394456,
22,S3_multi_treatment,68057781.11189055,808000000,11.872264813799992,93.06189995448666,83.01548440397436,90.78807266686371
22,S4_seasonal_switch,26011605.804593824,101000000,3.882882154940343,,,
22,S5_fertilizer_policy,7481257.927949615,50000000,6.683368022001011,16.2244362135043,,
23,S1_deepen_wells,34513052.90649356,2525000000,73.16072579383224,,,
23,S2_po4_removal,28812586.983280785,151500000,5.25811861628085,61.37365441313347,3.38262712441587,
23,S3_multi_treatment,41750514.2104978,808000000,19.353055052836584,58.90705001620242,76.32611852545705,96.97517603071249
23,S4_seasonal_switch,26011605.804593824,101000000,3.882882154940343,,,
23,S5_fertilizer_policy,8459757.927278817,50000000,5.910334601747063,18.346487207725488,,
24,S1_deepen_wells,34513052.90649356,2525000000,73.16072579383224,,,
24,S2_po4_removal,34393876.97814011,151500000,4.404853808609295,68.49006308602783,18.5606442852959,
24,S3_multi_treatment,55780157.96676989,808000000,14.485437643997937,94.78353401996905,64.65438342652186,73.07851209042606
24,S4_seasonal_switch,26011605.804593824,101000000,3.882882154940343,,,
24,S5_fertilizer_policy,17423902.401245244,50000000,2.8696212162222983,37.78682620247598,,
25,S1_deepen_wells,34513052.90649356,2525000000,73.16072579383224,,,
25,S2_po4_removal,29953637.792215347,151500000,5.057816384471783,63.176703542662324,5.426166099987135,
25,S3_multi_treatment,55175818.51510537,808000000,14.644096304231455,89.65171971158988,72.45546240525826,91.68502375598261
25,S4_seasonal_switch,26011605.804593824,101000000,3.882882154940343,,,
25,S5_fertilizer_policy,17324116.434562378,50000000,2.8861500780638827,37.57042261539995,,
26,S1_deepen_wells,34513052.90649356,2525000000,73.16072579383224,,,
26,S2_po4_removal,17269649.914289065,151500000,8.772615585834634,36.0926949325144,4.137481692769064,
26,S3_multi_treatment,53264205.06565182,808000000,15.16966223384136,91.79544532141288,55.05944714419262,83.20895680720668
26,S4_seasonal_switch,26011605.804593824,101000000,3.882882154940343,,,
26,S5_fertilizer_policy,3781553.5494262427,50000000,13.222079059963667,8.20097033700751,,
27,S1_deepen_wells,34513052.90649356,2525000000,73.16072579383224,,,
27,S2_po4_removal,29569287.4935131,151500000,5.123559369945455,61.28859681495763,8.635389800275478,
27,S3_multi_treatment,48174362.30281378,808000000,16.77240676111256,77.378279594679,63.29190712226903,93.17554843352303
27,S4_seasonal_switch,26011605.804593824,101000000,3.882882154940343,,,
27,S5_fertilizer_policy,17627406.70695597,50000000,2.836492107501522,38.22816142430304,,
28,S1_deepen_wells,34513052.90649356,2525000000,73.16072579383224,,,
28,S2_po4_removal,25468764.247017868,151500000,5.948462930145467,52.94269693839225,6.971359163868144,
28,S3_multi_treatment,68099065.50256531,808000000,11.86506736967723,98.25753761438847,72.41263097947032,99.05366170141096
28,S4_seasonal_switch,26011605.804593824,101000000,3.882882154940343,,,
28,S5_fertilizer_policy,6155029.330533639,50000000,8.123438137323225,13.348274010499248,,
29,S1_deepen_wells,34513052.90649356,2525000000,73.16072579383224,,,
29,S2_po4_removal,34907268.333378315,151500000,4.3400703416009145,69.16275208180073,19.901731652715977,
29,S3_multi_treatment,48186753.6950664,808000000,16.768093678050096,81.4182049847091,50.97718375656457,93.67347917670564
29,S4_seasonal_switch,26011605.804593824,101000000,3.882882154940343,,,
29,S5_fertilizer_policy,11388691.653790437,50000000,4.390319934894257,24.698400064764623,,
30,S1_deepen_wells,34513052.90649356,2525000000,73.16072579383224,,,
30,S2_po4_removal,23931156.93734166,151500000,6.330659248805588,46.610823521183754,16.09257301542411,
30,S3_multi_treatment,48041978.95835389,808000000,16.81862440971531,71.23506489524024,80.03383167704887,98.42146026621712
30,S4_seasonal_switch,26011605.804593824,101000000,3.882882154940343,,,
30,S5_fertilizer_policy,17584220.528486878,50000000,2.8434584245004633,38.13450452801301,,
31,S1_deepen_wells,34513052.90649356,2525000000,73.16072579383224,,,
31,S2_po4_removal,38867763.04841536,151500000,3.8978317278327816,76.41290169815245,23.976156497771136,
31,S3_multi_treatment,56822727.213581905,808000000,14.219662441806733,96.20857952514478,63.13449936312626,92.83440366669265
31,S4_seasonal_switch,26011605.804593824,101000000,3.882882154940343,,,
31,S5_fertilizer_policy,8642679.35892675,50000000,5.785242969630312,18.743184812384666,,
32,S1_deepen_wells,34513052.90649356,2525000000,73.16072579383224,,,
32,S2_po4_removal,12141468.226982899,151500000,12.477897826500929,23.501309427057514,8.61094351301377,
32,S3_multi_treatment,53891235.757266775,808000000,14.9931614787855,87.2744094683429,70.23319053250418,96.44455234973466
32,S4_seasonal_switch,26011605.804593824,101000000,3.882882154940343,,,
32,S5_fertilizer_policy,4635127.1421198845,50000000,10.787190613531347,10.052096236096128,,
33,S1_deepen_wells,34513052.90649356,2525000000,73.16072579383224,,,
33,S2_po4_removal,25310023.6326821,151500000,5.9857707838870775,52.69751685818673,6.669853143367506,
33,S3_multi_treatment,53895203.539647266,808000000,14.99205767737023,86.8400962421424,73.79216116921535,85.69541417179603
33,S4_seasonal_switch,26011605.804593824,101000000,3.882882154940343,,,
33,S5_fertilizer_policy,8537731.879332684,50000000,5.856356314144177,18.51558756806549,,
34,S1_deepen_wells,34513052.90649356,2525000000,73.16072579383224,,,
34,S2_po4_removal,30651384.777530998,151500000,4.942680440038621,64.37897066741401,6.372343963023665,
34,S3_multi_treatment,57455989.71175761,808000000,14.06293763371817,88.08429521342782,92.01490442028476,92.94254574086668
34,S4_seasonal_switch,26011605.804593824,101000000,3.882882154940343,,,
34,S5_fertilizer_policy,3821535.449568197,50000000,13.083746221862105,8.287678186782884,,
35,S1_deepen_wells,34513052.90649356,2525000000,73.16072579383224,,,
35,S2_po4_removal,35687497.79245463,151500000,4.2451841505131105,69.72605788563415,23.336712428417712,
35,S3_multi_treatment,46939938.3561212,808000000,17.213486602174733,79.6639515544619,47.18926379603546,98.03848336595851
35,S4_seasonal_switch,26011605.804593824,101000000,3.882882154940343,,,
35,S5_fertilizer_policy,10245295.940908194,50000000,4.880288503951967,22.218743436278835,,
36,S1_deepen_wells,34513052.90649356,2525000000,73.16072579383224,,,
36,S2_po4_removal,40893331.803162694,151500000,3.70476049076253,87.87970350829785,2.4489634344279643,
36,S3_multi_treatment,55822042.091469534,808000000,14.474569000467914,90.953547566191,72.74079486935233,91.77172178533078
36,S4_seasonal_switch,26011605.804593824,101000000,3.882882154940343,,,
36,S5_fertilizer_policy,8776962.532822065,50000000,5.696731621335001,19.034401718738263,,
37,S1_deepen_wells,34513052.90649356,2525000000,73.16072579383224,,,
37,S2_po4_removal,38577774.46313961,151500000,3.9271316738282973,83.22559983776627,1.3303230484673385,
37,S3_multi_treatment,54363649.737373725,808000000,14.862872597836622,91.17683069808086,62.20832374433923,92.8810181504893
37,S4_seasonal_switch,26011605.804593824,101000000,3.882882154940343,,,
37,S5_fertilizer_policy,12551596.182152152,50000000,3.9835570930092477,27.22036502366708,,
38,S1_deepen_wells,34513052.90649356,2525000000,73.16072579383224,,,
38,S2_po4_removal,30260097.598187536,151500000,5.006593237461146,62.08319578999601,10.776380126425572,
38,S3_multi_treatment,54576433.6976025,808000000,14.804924859637627,84.92757205697484,85.11474909725926,80.8016358359943
38,S4_seasonal_switch,26011605.804593824,101000000,3.882882154940343,,,
38,S5_fertilizer_policy,13389625.026409477,50000000,3.734234521234226,29.03777937559491,,
39,S1_deepen_wells,34513052.90649356,2525000000,73.16072579383224,,,
39,S2_po4_removal,18110321.023022085,151500000,8.365395611011596,38.39390663557399,2.682654322050742,
39,S3_multi_treatment,68106440.04314296,808000000,11.863782624494267,99.1856230269009,74.39016991326125,63.895940524178485
39,S4_seasonal_switch,26011605.804593824,101000000,3.882882154940343,,,
39,S5_fertilizer_policy,9920649.300713822,50000000,5.039992694470345,21.514689551692953,,
40,S1_deepen_wells,34513052.90649356,2525000000,73.16072579383224,,,
40,S2_po4_removal,38819795.492187366,151500000,3.9026480711494207,77.1679440254076,21.361886930440953,
40,S3_multi_treatment,56740567.92773614,808000000,14.240252248251297,95.06561090051801,65.12297820011248,97.44071165995805
40,S4_seasonal_switch,26011605.804593824,101000000,3.882882154940343,,,
40,S5_fertilizer_policy,9691279.553883158,50000000,5.159277443396596,21.01726052804451,,
41,S1_deepen_wells,34513052.90649356,2525000000,73.16072579383224,,,
41,S2_po4_removal,40562058.980624154,151500000,3.7350174968279872,83.81359744176422,12.636443956138873,
41,S3_multi_treatment,55399785.06443845,808000000,14.584894130187907,91.46825423120603,69.47740035015303,86.47442059345025
41,S4_seasonal_switch,26011605.804593824,101000000,3.882882154940343,,,
41,S5_fertilizer_policy,5521031.178512305,50000000,9.05627923178528,11.973336443045428,,
42,S1_deepen_wells,34513052.90649356,2525000000,73.16072579383224,,,
42,S2_po4_removal,26635542.564019687,151500000,5.687888641121657,49.361859514963605,25.568634236014194,
42,S3_multi_treatment,52182418.078238145,808000000,15.484142547563614,82.54114018281798,76.01440957410819,83.53887739807632
42,S4_seasonal_switch,26011605.804593824,101000000,3.882882154940343,,,
42,S5_fertilizer_policy,5870273.0428928435,50000000,8.51749137300098,12.730729438487861,,
43,S1_deepen_wells,34513052.90649356,2525000000,73.16072579383224,,,
43,S2_po4_removal,15234619.399101317,151500000,9.944455849611636,25.41280745848793,23.20753688031518,
43,S3_multi_treatment,52397635.45739686,808000000,15.4205431780784,85.30107088210049,65.94194830486147,98.57985372901746
43,S4_seasonal_switch,26011605.804593824,101000000,3.882882154940343,,,
43,S5_fertilizer_policy,15293620.558761902,50000000,3.2693370289845713,33.16693176720554,,
44,S1_deepen_wells,34513052.90649356,2525000000,73.16072579383224,,,
44,S2_po4_removal,27527725.264347374,151500000,5.503542284920132,57.68164743560741,6.138365498045731,
44,S3_multi_treatment,52428049.53818832,808000000,15.411597553547303,80.48912131235768,81.8499662970551,93.40807516590765
44,S4_seasonal_switch,26011605.804593824,101000000,3.882882154940343,,,
44,S5_fertilizer_policy,8666314.32120148,50000000,5.76946532826288,18.79444142477894,,
45,S1_deepen_wells,34513052.90649356,2525000000,73.16072579383224,,,
45,S2_po4_removal,26106042.875616893,151500000,5.803254086489736,54.71075761667284,5.796678554640462,
45,S3_multi_treatment,68058120.08224745,808000000,11.872205682783205,93.10455935003755,92.2427925297874,92.6105465512056
45,S4_seasonal_switch,26011605.804593824,101000000,3.882882154940343,,,
45,S5_fertilizer_policy,11505089.215251662,50000000,4.345902849125043,24.950828844726892,,
46,S1_deepen_wells,34513052.90649356,2525000000,73.16072579383224,,,
46,S2_po4_removal,34286742.297932036,151500000,4.41861751354364,69.97465656759285,13.335765815039553,
46,S3_multi_treatment,53603439.877895035,808000000,15.073659486043594,88.88130331379199,64.86658203948711,89.5280076955506
46,S4_seasonal_switch,26011605.804593824,101000000,3.882882154940343,,,
46,S5_fertilizer_policy,13836133.279274836,50000000,3.6137263923942586,30.006111805406327,,
47,S1_deepen_wells,34513052.90649356,2525000000,73.16072579383224,,,
47,S2_po4_removal,25778421.479910105,151500000,5.877008416441188,52.64814462089492,9.911338073216267,
47,S3_multi_treatment,53479914.93474334,808000000,15.108475789199154,85.62659952230499,75.01612756670013,84.37379174718146
47,S4_seasonal_switch,26011605.804593824,101000000,3.882882154940343,,,
47,S5_fertilizer_policy,10881150.560379006,50000000,4.595102303065498,23.59770708303731,,
48,S1_deepen_wells,34513052.90649356,2525000000,73.16072579383224,,,
48,S2_po4_removal,41984615.95147004,151500000,3.608464590342297,86.79870928133896,12.940623126849788,
48,S3_multi_treatment,54282335.87840266,808000000,14.885136885228983,83.63597851410317,84.86723648875613,91.6770920367488
48,S4_seasonal_switch,26011605.804593824,101000000,3.882882154940343,,,
48,S5_fertilizer_policy,9347089.604282826,50000000,5.349258658769041,20.270823506837548,,
49,S1_deepen_wells,34513052.90649356,2525000000,73.16072579383224,,,
49,S2_po4_removal,27063528.582068928,151500000,5.597939660402489,57.409053207560824,3.9043970574615594,
49,S3_multi_treatment,43054949.76170997,808000000,18.766715661542314,61.14744052524721,80.68168341592734,84.50733735994855
49,S4_seasonal_switch,26011605.804593824,101000000,3.882882154940343,,,
49,S5_fertilizer_policy,13496205.17122472,50000000,3.7047451017271933,29.2689173443476,,
50,S1_deepen_wells,34513052.90649356,2525000000,73.16072579383224,,,
50,S2_po4_removal,34458933.28681491,151500000,4.396537720393357,72.8393709611845,5.754417429386393,
50,S3_multi_treatment,57803163.83814391,808000000,13.978473605052159,93.75013740692228,77.976817416419,88.50561961937325
50,S4_seasonal_switch,26011605.804593824,101000000,3.882882154940343,,,
50,S5_fertilizer_policy,7404479.836083755,50000000,6.752668804139131,16.05792928832286,,
51,S1_deepen_wells,34513052.90649356,2525000000,73.16072579383224,,,
51,S2_po4_removal,39043086.91848029,151500000,3.880328425780555,82.71430810152995,5.957133419737263,
51,S3_multi_treatment,57709392.90101275,808000000,14.001186971173636,99.07937303486698,59.29263405921591,97.48807392676976
51,S4_seasonal_switch,26011605.804593824,101000000,3.882882154940343,,,
51,S5_fertilizer_policy,10111008.437859118,50000000,4.945105160112683,21.927517141386545,,
52,S1_deepen_wells,34513052.90649356,2525000000,73.16072579383224,,,
52,S2_po4_removal,25462416.591855496,151500000,5.9499458526831015,46.68617387202282,25.96897106033379,
52,S3_multi_treatment,53748211.19174181,808000000,15.033058442029525,95.64011593837135,43.28234428081061,99.11293035972483
52,S4_seasonal_switch,26011605.804593824,101000000,3.882882154940343,,,
52,S5_fertilizer_policy,16018230.20764266,50000000,3.121443464843193,34.73837645487423,,
53,S1_deepen_wells,34513052.90649356,2525000000,73.16072579383224,,,
53,S2_po4_removal,25874856.887656555,151500000,5.855104847836749,55.457130437487976,1.9996233255131315,
53,S3_multi_treatment,55577733.40576248,808000000,14.538196333070035,88.36602580983235,83.04016078084324,72.14369149542338
53,S4_seasonal_switch,26011605.804593824,101000000,3.882882154940343,,,
53,S5_fertilizer_policy,11762133.439473592,50000000,4.250929498232059,25.508274886569378,,
54,S1_deepen_wells,34513052.90649356,2525000000,73.16072579383224,,,
54,S2_po4_removal,33976652.93329285,151500000,4.458944213764771,65.06242567104175,26.237928808155687,
54,S3_multi_treatment,53910903.51426582,808000000,14.987691678849128,96.98705119952469,41.94579994865259,90.90358106060008
54,S4_seasonal_switch,26011605.804593824,101000000,3.882882154940343,,,
54,S5_fertilizer_policy,8847487.245545149,50000000,5.6513220773701365,19.187347080878077,,
55,S1_deepen_wells,34513052.90649356,2525000000,73.16072579383224,,,
55,S2_po4_removal,30494350.244395353,151500000,4.96813340129602,61.3108560467979,14.672695168514155,
55,S3_multi_treatment,50927299.4490439,808000000,15.865753902942702,83.99554101847973,62.005765828691516,89.85587516620366
55,S4_seasonal_switch,26011605.804593824,101000000,3.882882154940343,,,
55,S5_fertilizer_policy,9663151.954663336,50000000,5.174295119706828,20.95626083470739,,
56,S1_deepen_wells,34513052.90649356,2525000000,73.16072579383224,,,
56,S2_po4_removal,27285871.159867965,151500000,5.552324098884776,57.60885485862205,4.763743665618022,
56,S3_multi_treatment,68106763.99926986,808000000,11.863726193314106,99.22639288266357,71.72414361111686,94.79882942856193
56,S4_seasonal_switch,26011605.804593824,101000000,3.882882154940343,,,
56,S5_fertilizer_policy,9725685.178021617,50000000,5.141025962159605,21.091875233164505,,
57,S1_deepen_wells,34513052.90649356,2525000000,73.16072579383224,,,
57,S2_po4_removal,11971792.265302993,151500000,12.654746811726916,21.242306358068518,14.36562297279762,
57,S3_multi_treatment,57351560.63324684,808000000,14.08854425369552,90.55314686386535,84.68571939314899,88.69814241102709
57,S4_seasonal_switch,26011605.804593824,101000000,3.882882154940343,,,
57,S5_fertilizer_policy,16531993.567494929,50000000,3.0244386314249234,35.85256352622458,,
58,S1_deepen_wells,34513052.90649356,2525000000,73.16072579383224,,,
58,S2_po4_removal,26229133.12580082,151500000,5.776020094654747,52.771163813877195,12.511489126022513,
58,S3_multi_treatment,44312049.84008728,808000000,18.23431781910111,72.04831155106253,56.58227249492048,80.7292380521139
58,S4_seasonal_switch,26011605.804593824,101000000,3.882882154940343,,,
58,S5_fertilizer_policy,9838185.896266416,50000000,5.082237775053119,21.335853016675614,,
59,S1_deepen_wells,34513052.90649356,2525000000,73.16072579383224,,,
59,S2_po4_removal,24628574.531372108,151500000,6.151391336393338,49.54273812444713,11.773009784162607,
59,S3_multi_treatment,49643095.0163697,808000000,16.27618100228368,82.18873731274238,57.247539961246176,98.5158101711278
59,S4_seasonal_switch,26011605.804593824,101000000,3.882882154940343,,,
59,S5_fertilizer_policy,9179539.24118676,50000000,5.446896482087029,19.9074607936706,,
60,S1_deepen_wells,34513052.90649356,2525000000,73.16072579383224,,,
60,S2_po4_removal,34266017.52710216,151500000,4.421289981544354,73.27626700776358,3.1517129187498836,
60,S3_multi_treatment,47681037.93193139,808000000,16.945939833639667,71.44763471711613,79.87356874588278,84.47555890100311
60,S4_seasonal_switch,26011605.804593824,101000000,3.882882154940343,,,
60,S5_fertilizer_policy,4881145.234136775,50000000,10.243497704251867,10.585630152415742,,
61,S1_deepen_wells,34513052.90649356,2525000000,73.16072579383224,,,
61,S2_po4_removal,36537214.66067627,151500000,4.146457287644703,76.23320741439741,9.142306804116878,
61,S3_multi_treatment,54183761.60380798,808000000,14.912216798606588,93.62619450284127,53.572248287567035,92.85728383059909
61,S4_seasonal_switch,26011605.804593824,101000000,3.882882154940343,,,
61,S5_fertilizer_policy,9664386.312144063,50000000,5.173634246922751,20.95893775808094,,
62,S1_deepen_wells,34513052.90649356,2525000000,73.16072579383224,,,
62,S2_po4_removal,21283418.679287374,151500000,7.118217344821439,43.1581147183659,9.125653488616267,
62,S3_multi_treatment,51475311.09805503,808000000,15.696845395666388,77.60536639344689,85.69632108432272,86.80448727383775
62,S4_seasonal_switch,26011605.804593824,101000000,3.882882154940343,,,
62,S5_fertilizer_policy,8432584.11764168,50000000,5.929380519951858,18.287555976456428,,
63,S1_deepen_wells,34513052.90649356,2525000000,73.16072579383224,,,
63,S2_po4_removal,32212791.835122146,151500000,4.703100581142955,67.94543531598528,5.823737446450762,
63,S3_multi_treatment,45754078.936246246,808000000,17.65962770501549,70.39282347754217,68.61881216168173,92.97111170222433
63,S4_seasonal_switch,26011605.804593824,101000000,3.882882154940343,,,
63,S5_fertilizer_policy,5973209.926828235,50000000,8.370708649536768,12.953966349113163,,
64,S1_deepen_wells,34513052.90649356,2525000000,73.16072579383224,,,
64,S2_po4_removal,32377288.356922574,151500000,4.679205939975138,65.50883609939338,14.32427211736764,
64,S3_multi_treatment,54447634.80542306,808000000,14.839946728402646,88.82335680541748,69.17891248564058,96.50589474484045
64,S4_seasonal_switch,26011605.804593824,101000000,3.882882154940343,,,
64,S5_fertilizer_policy,1200851.0161533728,50000000,41.6371384355093,2.6042586555817393,,
65,S1_deepen_wells,34513052.90649356,2525000000,73.16072579383224,,,
65,S2_po4_removal,37842490.259871855,151500000,4.003436321437082,80.40760402306617,5.05331049717417,
65,S3_multi_treatment,56254016.45109972,808000000,14.363418844988164,89.55489862498492,80.88725519075734,86.7191818242729
65,S4_seasonal_switch,26011605.804593824,101000000,3.882882154940343,,,
65,S5_fertilizer_policy,15887118.82074853,50000000,3.147203754446662,34.454038131825506,,
66,S1_deepen_wells,34513052.90649356,2525000000,73.16072579383224,,,
66,S2_po4_removal,26225810.86922779,151500000,5.776751794460755,51.72816969215377,15.663545408811979,
66,S3_multi_treatment,51376040.35867414,808000000,15.727175437403679,80.53657765240749,74.53023302637749,94.53824929330679
66,S4_seasonal_switch,26011605.804593824,101000000,3.882882154940343,,,
66,S5_fertilizer_policy,4851928.223661244,50000000,10.305181300120351,10.522267877331135,,
67,S1_deepen_wells,34513052.90649356,2525000000,73.16072579383224,,,
67,S2_po4_removal,19026559.278361924,151500000,7.962553701041172,37.97510856889802,10.003922656705221,
67,S3_multi_treatment,56915932.06381682,808000000,14.196376492508852,97.32632750786001,59.02235247743545,99.27965094586183
67,S4_seasonal_switch,26011605.804593824,101000000,3.882882154940343,,,
67,S5_fertilizer_policy,10877061.193948857,50000000,4.596829888924048,23.588838565812182,,
68,S1_deepen_wells,34513052.90649356,2525000000,73.16072579383224,,,
68,S2_po4_removal,28864931.806311943,151500000,5.248583333457633,58.25647368465782,13.214113426916635,
68,S3_multi_treatment,55761653.53141778,808000000,14.490244618458968,94.0233416144214,61.46754072987552,99.22374179665668
68,S4_seasonal_switch,26011605.804593824,101000000,3.882882154940343,,,
68,S5_fertilizer_policy,8654777.208148815,50000000,5.77715622222176,18.769421146556507,,
69,S1_deepen_wells,34513052.90649356,2525000000,73.16072579383224,,,
69,S2_po4_removal,35227444.454821385,151500000,4.300624196407328,74.61663276113963,5.417818644494504,
69,S3_multi_treatment,46303115.03157151,808000000,17.450229848446913,74.8651374149597,58.750939932900636,92.39451119535438
69,S4_seasonal_switch,26011605.804593824,101000000,3.882882154940343,,,
69,S5_fertilizer_policy,4798143.380061038,50000000,10.420697348849117,10.405625893770527,,
70,S1_deepen_wells,34513052.90649356,2525000000,73.16072579383224,,,
70,S2_po4_removal,22740708.470965683,151500000,6.66206157092372,47.451801173443144,5.676873688585142,
70,S3_multi_treatment,52893845.67546,808000000,15.275879257440153,83.47888171127055,74.63710179890215,99.18665757283442
70,S4_seasonal_switch,26011605.804593824,101000000,3.882882154940343,,,
70,S5_fertilizer_policy,8549095.128895909,50000000,5.848572187599152,18.5402307924393,,
71,S1_deepen_wells,34513052.90649356,2525000000,73.16072579383224,,,
71,S2_po4_removal,40106654.398347154,151500000,3.7774280171881776,79.41697567216025,23.010511660830428,
71,S3_multi_treatment,52688060.613009214,808000000,15.33554263715861,88.00567397901091,59.52372270229445,99.08747022394496
71,S4_seasonal_switch,26011605.804593824,101000000,3.882882154940343,,,
71,S5_fertilizer_policy,6376193.771734841,50000000,7.841668837237353,13.827908371929107,,
72,S1_deepen_wells,34513052.90649356,2525000000,73.16072579383224,,,
72,S2_po4_removal,38593339.584313914,151500000,3.9255478181415655,79.78900960181471,11.891087350501376,
72,S3_multi_treatment,58125300.22698843,808000000,13.90100346741665,94.17585365647602,85.28345664551227,57.022113490031515
72,S4_seasonal_switch,26011605.804593824,101000000,3.882882154940343,,,
72,S5_fertilizer_policy,9640442.053533167,50000000,5.1864841593726805,20.90701038166197,,
73,S1_deepen_wells,34513052.90649356,2525000000,73.16072579383224,,,
73,S2_po4_removal,14805986.029306695,151500000,10.232347896325425,25.77156626511185,19.28697352283457,
73,S3_multi_treatment,56323896.408128686,808000000,14.345598432060697,94.89491061567216,64.22201300040496,90.97776240885345
73,S4_seasonal_switch,26011605.804593824,101000000,3.882882154940343,,,
73,S5_fertilizer_policy,12355322.38081365,50000000,4.046838962101391,26.794710434443296,,
74,S1_deepen_wells,34513052.90649356,2525000000,73.16072579383224,,,
74,S2_po4_removal,28736268.898041546,151500000,5.272083183016329,54.805045338086956,22.86818505045279,
74,S3_multi_treatment,39320904.344436914,808000000,20.548866143113393,66.27729983276461,38.41242941590908,94.30383254504441
74,S4_seasonal_switch,26011605.804593824,101000000,3.882882154940343,,,
74,S5_fertilizer_policy,7330739.993262082,50000000,6.820593834450083,15.898011345675215,,
75,S1_deepen_wells,34513052.90649356,2525000000,73.16072579383224,,,
75,S2_po4_removal,34196813.32679811,151500000,4.430237360195139,70.42110947330681,11.383649932536438,
75,S3_multi_treatment,55436053.29510266,808000000,14.575352175573805,88.69799118489135,78.38441906813878,85.32055022477351
75,S4_seasonal_switch,26011605.804593824,101000000,3.882882154940343,,,
75,S5_fertilizer_policy,5996106.661670618,50000000,8.3387442587736,13.003621984238379,,
76,S1_deepen_wells,34513052.90649356,2525000000,73.16072579383224,,,
76,S2_po4_removal,26170533.88870027,151500000,5.788953356638002,53.99868830302271,8.38922322446272,
76,S3_multi_treatment,52472626.038195826,808000000,15.398505106488122,82.39606416593736,83.42099179859486,58.98944795805474
76,S4_seasonal_switch,26011605.804593824,101000000,3.882882154940343,,,
76,S5_fertilizer_policy,11649233.126947857,50000000,4.292128027237806,25.263430511906744,,
77,S1_deepen_wells,34513052.90649356,2525000000,73.16072579383224,,,
77,S2_po4_removal,30075733.620357357,151500000,5.037283609183659,62.937692360766604,6.959295202727714,
77,S3_multi_treatment,55678385.677483045,808000000,14.511914994812146,88.7443703224009,78.94345257137131,89.69158052868521
77,S4_seasonal_switch,26011605.804593824,101000000,3.882882154940343,,,
77,S5_fertilizer_policy,5251719.753438003,50000000,9.520690811284785,11.38928679795004,,
78,S1_deepen_wells,34513052.90649356,2525000000,73.16072579383224,,,
78,S2_po4_removal,31983397.44743588,151500000,4.736832609762219,66.9651373689864,7.2930147441090565,
78,S3_multi_treatment,47225216.015727095,808000000,17.109503527329917,79.5234140822213,52.374422514422605,84.06302075439392
78,S4_seasonal_switch,26011605.804593824,101000000,3.882882154940343,,,
78,S5_fertilizer_policy,16088735.797704302,50000000,3.1077643780522823,34.89128034612718,,
79,S1_deepen_wells,34513052.90649356,2525000000,73.16072579383224,,,
79,S2_po4_removal,35956389.04663934,151500000,4.213437556354395,74.70332508497903,9.964743548484877,
79,S3_multi_treatment,56227520.67574304,808000000,14.37018723730739,89.81456293619823,78.26893268976389,94.75641117868571
79,S4_seasonal_switch,26011605.804593824,101000000,3.882882154940343,,,
79,S5_fertilizer_policy,12343803.380314484,50000000,4.05061539458239,26.76972943650927,,
80,S1_deepen_wells,34513052.90649356,2525000000,73.16072579383224,,,
80,S2_po4_removal,31098136.758778334,151500000,4.871674504976084,64.96073036264397,7.550349171057025,
80,S3_multi_treatment,46526694.96997377,808000000,17.36637430450297,70.76096501744233,73.91798791592265,86.55146189892801
80,S4_seasonal_switch,26011605.804593824,101000000,3.882882154940343,,,
80,S5_fertilizer_policy,9978104.236106515,50000000,5.010971905772569,21.63929078097916,,
81,S1_deepen_wells,34513052.90649356,2525000000,73.16072579383224,,,
81,S2_po4_removal,29257202.292319722,151500000,5.178212136837503,59.86063896601029,10.921234644898785,
81,S3_multi_treatment,44451349.53582591,808000000,18.177175911133727,63.04326915328691,82.35517552492621,93.12619435097477
81,S4_seasonal_switch,26011605.804593824,101000000,3.882882154940343,,,
81,S5_fertilizer_policy,4182173.1708032414,50000000,11.955506852050519,9.069785121300136,,
82,S1_deepen_wells,34513052.90649356,2525000000,73.16072579383224,,,
82,S2_po4_removal,20403440.162127115,151500000,7.425218433566632,42.876776669213214,4.174300277843604,
82,S3_multi_treatment,56744026.159014285,808000000,14.239384384458981,90.21669095340842,84.40548248525782,75.5462129105702
82,S4_seasonal_switch,26011605.804593824,101000000,3.882882154940343,,,
82,S5_fertilizer_policy,6658384.150615394,50000000,7.509329421219832,14.439888315182648,,
83,S1_deepen_wells,34513052.90649356,2525000000,73.16072579383224,,,
83,S2_po4_removal,27894943.736325912,151500000,5.431091793266844,57.47529553482813,9.189818902418967,
83,S3_multi_treatment,47294293.29137878,808000000,17.084513664723463,81.05679682419708,48.601265745785625,81.93728250690334
83,S4_seasonal_switch,26011605.804593824,101000000,3.882882154940343,,,
83,S5_fertilizer_policy,7971659.0769266635,50000000,6.272220063289089,17.287958182300795,,
84,S1_deepen_wells,34513052.90649356,2525000000,73.16072579383224,,,
84,S2_po4_removal,33956975.0658302,151500000,4.4615281457284315,71.73211296479144,5.811240438406784,
84,S3_multi_treatment,56499452.28056744,808000000,14.301023592009326,93.19733539084983,69.73300389529076,94.93289538638547
84,S4_seasonal_switch,26011605.804593824,101000000,3.882882154940343,,,
84,S5_fertilizer_policy,12244294.351783767,50000000,4.083534629557147,26.553926438990246,,
85,S1_deepen_wells,34513052.90649356,2525000000,73.16072579383224,,,
85,S2_po4_removal,37411387.74332711,151500000,4.0495691055198115,79.31857334401884,5.5222843984866525,
85,S3_multi_treatment,48170617.0076936,808000000,16.773710826061244,77.81321053902663,69.56685061662213,56.11581653432063
85,S4_seasonal_switch,26011605.804593824,101000000,3.882882154940343,,,
85,S5_fertilizer_policy,7147009.272172131,50000000,6.995933277249537,15.499558653160953,,
86,S1_deepen_wells,34513052.90649356,2525000000,73.16072579383224,,,
86,S2_po4_removal,24000372.214026324,151500000,6.312402101474918,47.4038290895061,14.136135554144483,
86,S3_multi_treatment,37628161.94350824,808000000,21.473278477249654,55.96317004701101,59.06151863712352,92.19823530630555
86,S4_seasonal_switch,26011605.804593824,101000000,3.882882154940343,,,
86,S5_fertilizer_policy,16556250.832288273,50000000,3.0200073982020843,35.9051697121286,,
87,S1_deepen_wells,34513052.90649356,2525000000,73.16072579383224,,,
87,S2_po4_removal,26651390.794077374,151500000,5.684506342298174,55.82867104008575,5.9937841557701095,
87,S3_multi_treatment,52978124.93755248,808000000,15.251577909796225,91.83774239113065,51.193685706122515,92.19788938329802
87,S4_seasonal_switch,26011605.804593824,101000000,3.882882154940343,,,
87,S5_fertilizer_policy,12251050.431003757,50000000,4.081282685235292,26.568578196410446,,
88,S1_deepen_wells,34513052.90649356,2525000000,73.16072579383224,,,
88,S2_po4_removal,32402203.818123713,151500000,4.675607895388295,67.3385111958284,8.920738435130799,
88,S3_multi_treatment,46157172.16731009,808000000,17.505405163712567,69.21790890964249,80.1086978087997,67.42820886081414
88,S4_seasonal_switch,26011605.804593824,101000000,3.882882154940343,,,
88,S5_fertilizer_policy,8847682.924737833,50000000,5.651197090280172,19.187771445952873,,
89,S1_deepen_wells,34513052.90649356,2525000000,73.16072579383224,,,
89,S2_po4_removal,33299729.4044754,151500000,4.549586519451981,69.74391664503348,7.524051204207159,
89,S3_multi_treatment,68072589.30810054,808000000,11.86968217622727,94.9255104049806,77.08577597369145,92.57900627895033
89,S4_seasonal_switch,26011605.804593824,101000000,3.882882154940343,,,
89,S5_fertilizer_policy,2739995.951487966,50000000,18.248202145279556,5.942167743488117,,
90,S1_deepen_wells,34513052.90649356,2525000000,73.16072579383224,,,
90,S2_po4_removal,37046037.47002196,151500000,4.089506202184117,77.19966170893184,9.559273340774643,
90,S3_multi_treatment,44409227.095189616,808000000,18.1944170806684,74.23028515548481,48.69008664165061,89.93413779373904
90,S4_seasonal_switch,26011605.804593824,101000000,3.882882154940343,,,
90,S5_fertilizer_policy,7118998.197193466,50000000,7.023460129504118,15.438811663331226,,
91,S1_deepen_wells,34513052.90649356,2525000000,73.16072579383224,,,
91,S2_po4_removal,27903206.087904356,151500000,5.429483605673296,59.97439080105812,1.6392390500364495,
91,S3_multi_treatment,55036210.15484512,808000000,14.681243452750127,85.91544785864204,84.1739216520041,85.51196606881614
91,S4_seasonal_switch,26011605.804593824,101000000,3.882882154940343,,,
91,S5_fertilizer_policy,8138560.779711351,50000000,6.143592381179384,17.649914160404293,,
92,S1_deepen_wells,34513052.90649356,2525000000,73.16072579383224,,,
92,S2_po4_removal,24900907.165220194,151500000,6.084115690837335,47.01207686176286,21.271463978186393,
92,S3_multi_treatment,57339274.89133575,808000000,14.091562921422518,92.53014345059447,76.6844520940333,97.95381598962194
92,S4_seasonal_switch,26011605.804593824,101000000,3.882882154940343,,,
92,S5_fertilizer_policy,3524425.373856634,50000000,14.186709802649915,7.6433422317608635,,
93,S1_deepen_wells,34513052.90649356,2525000000,73.16072579383224,,,
93,S2_po4_removal,26688046.451170936,151500000,5.676698752648977,56.91903413758887,2.9175643187112925,
93,S3_multi_treatment,55465352.932448454,808000000,14.567652728795712,96.66960461487436,53.97409595625622,86.99734079826118
93,S4_seasonal_switch,26011605.804593824,101000000,3.882882154940343,,,
93,S5_fertilizer_policy,7380336.279561073,50000000,6.77475904972905,16.005569698994172,,
94,S1_deepen_wells,34513052.90649356,2525000000,73.16072579383224,,,
94,S2_po4_removal,32419889.043768056,151500000,4.673057325873922,66.5384328322553,11.472207923630883,
94,S3_multi_treatment,52929751.82007031,808000000,15.265516504719683,86.74075275213592,67.6874446326688,85.86769687022337
94,S4_seasonal_switch,26011605.804593824,101000000,3.882882154940343,,,
94,S5_fertilizer_policy,7538990.649323598,50000000,6.632187560079548,16.349639871015526,,
95,S1_deepen_wells,34513052.90649356,2525000000,73.16072579383224,,,
95,S2_po4_removal,22543255.39752181,151500000,6.72041359282362,44.196296390214854,14.280734072423101,
95,S3_multi_treatment,55947107.587759316,808000000,14.442212204313893,87.45120050903694,82.63674831031976,99.48961356508262
95,S4_seasonal_switch,26011605.804593824,101000000,3.882882154940343,,,
95,S5_fertilizer_policy,7078680.536173776,50000000,7.063463274615638,15.351375656473584,,
96,S1_deepen_wells,34513052.90649356,2525000000,73.16072579383224,,,
96,S2_po4_removal,30804026.075751156,151500000,4.9181882792671825,65.41955371263988,4.213070768223358,
96,S3_multi_treatment,47850441.93173885,808000000,16.88594644857521,73.30702337176854,72.42452893406194,98.61575234093071
96,S4_seasonal_switch,26011605.804593824,101000000,3.882882154940343,,,
96,S5_fertilizer_policy,9378360.507502012,50000000,5.331422262985477,20.33864001303271,,
97,S1_deepen_wells,34513052.90649356,2525000000,73.16072579383224,,,
97,S2_po4_removal,38608690.58224279,151500000,3.9239870017679146,79.00022665706685,14.392778279658128,
97,S3_multi_treatment,49084231.350321025,808000000,16.461498484782027,77.1164658814984,69.95601922407111,93.84348895607893
97,S4_seasonal_switch,26011605.804593824,101000000,3.882882154940343,,,
97,S5_fertilizer_policy,9460363.25874386,50000000,5.285209313055381,20.516477539778627,,
98,S1_deepen_wells,34513052.90649356,2525000000,73.16072579383224,,,
98,S2_po4_removal,26457314.758326985,151500000,5.726204695520659,52.43820803697081,15.030629002128707,
98,S3_multi_treatment,68091907.6042491,808000000,11.866314638974497,97.35671661522674,91.16759116320206,71.59109707926432
98,S4_seasonal_switch,26011605.804593824,101000000,3.882882154940343,,,
98,S5_fertilizer_policy,11824175.957588524,50000000,4.228624487604228,25.642825103575028,,
99,S1_deepen_wells,34513052.90649356,2525000000,73.16072579383224,,,
99,S2_po4_removal,33364544.160871282,151500000,4.54074838455829,65.15924388859841,21.903624390844318,
99,S3_multi_treatment,54327022.25310708,808000000,14.872893202862572,87.51025505206017,71.81186889112303,99.26236107187081
99,S4_seasonal_switch,26011605.804593824,101000000,3.882882154940343,,,
99,S5_fertilizer_policy,14078153.236923859,50000000,3.551602199417829,30.530975057427305,,
100,S1_deepen_wells,34513052.90649356,2525000000,73.16072579383224,,,
100,S2_po4_removal,27652635.384871244,151500000,5.478682154211083,56.72052218340594,9.887565277705665,
100,S3_multi_treatment,51261068.264784046,808000000,15.762449503126913,89.81324629921286,46.637964303781295,89.20650505165979
100,S4_seasonal_switch,26011605.804593824,101000000,3.882882154940343,,,
100,S5_fertilizer_policy,16462499.84211924,50000000,3.0372057998187616,35.70185404321308,,
101,S1_deepen_wells,34513052.90649356,2525000000,73.16072579383224,,,
101,S2_po4_removal,37274836.54429111,151500000,4.064404140846682,74.79937637801058,18.37367068595171,
101,S3_multi_treatment,53901043.81295855,808000000,14.990433261437985,97.4825495567622,40.9970569247729,87.86907664273377
101,S4_seasonal_switch,26011605.804593824,101000000,3.882882154940343,,,
101,S5_fertilizer_policy,13006195.572502546,50000000,3.8443217097018794,28.206244521803725,,
102,S1_deepen_wells,34513052.90649356,2525000000,73.16072579383224,,,
102,S2_po4_removal,15798338.853918754,151500000,9.589615807134093,33.17977848897511,3.2918440461560854,
102,S3_multi_treatment,47804417.17019789,808000000,16.902203767557307,74.52544784984052,68.9797483405463,95.86026476288424
102,S4_seasonal_switch,26011605.804593824,101000000,3.882882154940343,,,
102,S5_fertilizer_policy,7259675.885049947,50000000,6.8873598204248205,15.743896208640587,,
103,S1_deepen_wells,34513052.90649356,2525000000,73.16072579383224,,,
103,S2_po4_removal,14128048.009028077,151500000,10.723349743941185,28.7458207525498,5.761768038293399,
103,S3_multi_treatment,55804618.99409683,808000000,14.479088193138143,87.11202064172731,83.36804351164075,96.38078131772025
103,S4_seasonal_switch,26011605.804593824,101000000,3.882882154940343,,,
103,S5_fertilizer_policy,6726171.899283886,50000000,7.43364884940323,14.586898084785746,,
104,S1_deepen_wells,34513052.90649356,2525000000,73.16072579383224,,,
104,S2_po4_removal,29852603.254981995,151500000,5.074934293199931,61.71070126934206,9.220635427571498,
104,S3_multi_treatment,58150619.89202255,808000000,13.894950758914373,90.12929056563937,89.10786544465441,99.1073395998609
104,S4_seasonal_switch,26011605.804593824,101000000,3.882882154940343,,,
104,S5_fertilizer_policy,10988453.713761501,50000000,4.550230751518932,23.83041302424784,,
105,S1_deepen_wells,34513052.90649356,2525000000,73.16072579383224,,,
105,S2_po4_removal,26539376.43024335,151500000,5.708498856339212,49.35998192446808,24.93969007186221,
105,S3_multi_treatment,53173181.92863331,808000000,15.195630028017918,87.13794267621236,65.19348568232837,99.92594530477058
105,S4_seasonal_switch,26011605.804593824,101000000,3.882882154940343,,,
105,S5_fertilizer_policy,3800761.9197074547,50000000,13.15525703958024,8.242627098663656,,
106,S1_deepen_wells,34513052.90649356,2525000000,73.16072579383224,,,
106,S2_po4_removal,19462261.35724239,151500000,7.7842958338252455,39.537527355526784,8.124715598599616,
106,S3_multi_treatment,34139260.9684301,808000000,23.667764827926092,47.21133116758029,61.65163603205453,97.14544314071307
106,S4_seasonal_switch,26011605.804593824,101000000,3.882882154940343,,,
106,S5_fertilizer_policy,10907224.197649851,50000000,4.584117745628935,23.654252395179913,,
107,S1_deepen_wells,34513052.90649356,2525000000,73.16072579383224,,,
107,S2_po4_removal,34744235.614977114,151500000,4.360435546168507,72.53823346897214,8.553703366329621,
107,S3_multi_treatment,53278225.95162993,808000000,15.16567013198909,84.69309436768978,76.53971402055456,84.30640350673265
107,S4_seasonal_switch,26011605.804593824,101000000,3.882882154940343,,,
107,S5_fertilizer_policy,4960925.810205974,50000000,10.078763906756356,10.75864849772308,,
108,S1_deepen_wells,34513052.90649356,2525000000,73.16072579383224,,,
108,S2_po4_removal,26877856.55678843,151500000,5.6366101842944865,57.47377586164597,2.4820757105182363,
108,S3_multi_treatment,54062497.69645293,808000000,14.945665376703698,82.34896727198957,85.70613099623769,99.5857746475999
108,S4_seasonal_switch,26011605.804593824,101000000,3.882882154940343,,,
108,S5_fertilizer_policy,10772081.5078227,50000000,4.64162845070286,23.361171475909522,,
109,S1_deepen_wells,34513052.90649356,2525000000,73.16072579383224,,,
109,S2_po4_removal,20488470.02348095,151500000,7.394402794663163,40.62547262280532,11.586506855357545,
109,S3_multi_treatment,57020813.78033412,808000000,14.170264267232726,88.86504694461941,85.75773066709453,97.8489261216991
109,S4_seasonal_switch,26011605.804593824,101000000,3.882882154940343,,,
109,S5_fertilizer_policy,6312513.83323659,50000000,7.920774721591968,13.689807118076471,,
110,S1_deepen_wells,34513052.90649356,2525000000,73.16072579383224,,,
110,S2_po4_removal,42031280.529362164,151500000,3.6044583484475403,89.30121751892027,5.633096412997669,
110,S3_multi_treatment,46642228.05031549,808000000,17.323357690553863,75.54792062701355,57.47733272125468,99.36487220796919
110,S4_seasonal_switch,26011605.804593824,101000000,3.882882154940343,,,
110,S5_fertilizer_policy,7223925.335884593,50000000,6.92144473747905,15.666364794790514,,
111,S1_deepen_wells,34513052.90649356,2525000000,73.16072579383224,,,
111,S2_po4_removal,36382292.67087056,151500000,4.164113607972219,72.72034041155712,18.81004572318489,
111,S3_multi_treatment,52933631.17105916,808000000,15.264397739669228,93.54699635578706,44.86897388142349,96.23075521600907
111,S4_seasonal_switch,26011605.804593824,101000000,3.882882154940343,,,
111,S5_fertilizer_policy,4568107.617821671,50000000,10.945451417329522,9.906752497448423,,
112,S1_deepen_wells,34513052.90649356,2525000000,73.16072579383224,,,
112,S2_po4_removal,34385223.40272722,151500000,4.405962358470062,72.73099968411663,5.5977511921988885,
112,S3_multi_treatment,57857288.84269944,808000000,13.965396861176208,93.78983396385098,79.74196940029881,81.07370602835533
112,S4_seasonal_switch,26011605.804593824,101000000,3.882882154940343,,,
112,S5_fertilizer_policy,10709298.267376833,50000000,4.668839988546434,23.225014871004156,,
113,S1_deepen_wells,34513052.90649356,2525000000,73.16072579383224,,,
113,S2_po4_removal,16880583.753226005,151500000,8.97480811177796,33.01897621301911,10.923571225737989,
113,S3_multi_treatment,51068196.06338024,808000000,15.821980455256321,81.7385243182335,68.82532080738936,94.61392147954352
113,S4_seasonal_switch,26011605.804593824,101000000,3.882882154940343,,,
113,S5_fertilizer_policy,9939580.845306352,50000000,5.030393210555845,21.555745967689102,,
114,S1_deepen_wells,34513052.90649356,2525000000,73.16072579383224,,,
114,S2_po4_removal,33042985.780549094,151500000,4.584936754994495,67.8920508161604,11.465141525717872,
114,S3_multi_treatment,57472998.79220274,808000000,14.058775720427867,98.4093036816066,61.84104241251358,87.42784923232568
114,S4_seasonal_switch,26011605.804593824,101000000,3.882882154940343,,,
114,S5_fertilizer_policy,7451550.585892782,50000000,6.710012825338611,16.160010567320757,,
115,S1_deepen_wells,34513052.90649356,2525000000,73.16072579383224,,,
115,S2_po4_removal,25236217.36664103,151500000,6.003276869863355,53.353786264110205,4.185638720558199,
115,S3_multi_treatment,49213119.516408935,808000000,16.41838615271263,74.43017846638976,79.62482782007066,90.71546345872996
115,S4_seasonal_switch,26011605.804593824,101000000,3.882882154940343,,,
115,S5_fertilizer_policy,4467697.947621562,50000000,11.191445927229294,9.688996298548458,,
116,S1_deepen_wells,34513052.90649356,2525000000,73.16072579383224,,,
116,S2_po4_removal,20272385.956923515,151500000,7.473219991071601,42.51139418347166,4.42130675357069,
116,S3_multi_treatment,57066094.577759564,808000000,14.159020447754678,94.39463212691604,69.25296934464333,97.73356247839024
116,S4_seasonal_switch,26011605.804593824,101000000,3.882882154940343,,,
116,S5_fertilizer_policy,16428668.039454773,50000000,3.0434603633064445,35.62848377184914,,
117,S1_deepen_wells,34513052.90649356,2525000000,73.16072579383224,,,
117,S2_po4_removal,33522926.042034566,151500000,4.519295237236552,72.18041355136104,1.5824473580451373,
117,S3_multi_treatment,52037886.252008095,808000000,15.527148740958324,83.62461390485905,68.39988079635884,99.89033823398874
117,S4_seasonal_switch,26011605.804593824,101000000,3.882882154940343,,,
117,S5_fertilizer_policy,11857125.886318825,50000000,4.21687350538226,25.714282874724283,,
118,S1_deepen_wells,34513052.90649356,2525000000,73.16072579383224,,,
118,S2_po4_removal,29904493.081271134,151500000,5.066128343599405,63.684715578535354,3.555876660502597,
118,S3_multi_treatment,52553837.29706588,808000000,15.374709851018078,77.25216448031075,92.14638454363634,95.2761178942356
118,S4_seasonal_switch,26011605.804593824,101000000,3.882882154940343,,,
118,S5_fertilizer_policy,6740009.628804363,50000000,7.418387028160625,14.616907658323639,,
119,S1_deepen_wells,34513052.90649356,2525000000,73.16072579383224,,,
119,S2_po4_removal,24781703.44129026,151500000,6.113381203149131,53.06587285310744,2.06219108288101,
119,S3_multi_treatment,56943201.994360685,808000000,14.189577889912469,88.42033638480868,86.74057385902114,97.15990919569798
119,S4_seasonal_switch,26011605.804593824,101000000,3.882882154940343,,,
119,S5_fertilizer_policy,13059741.550132222,50000000,3.8285596853556245,28.32236848209344,,
120,S1_deepen_wells,34513052.90649356,2525000000,73.16072579383224,,,
120,S2_po4_removal,22688855.958615914,151500000,6.677286870538269,43.22240060663016,18.205345040526012,
120,S3_multi_treatment,52543588.742740825,808000000,15.3777086669138,84.42860178355053,71.1386294192828,90.90658303295262
120,S4_seasonal_switch,26011605.804593824,101000000,3.882882154940343,,,
120,S5_fertilizer_policy,3220118.922669761,50000000,15.527376845618365,6.983399658708496,,
121,S1_deepen_wells,34513052.90649356,2525000000,73.16072579383224,,,
121,S2_po4_removal,31949659.57193634,151500000,4.7418345619267015,63.417960271604855,17.864930827988715,
121,S3_multi_treatment,56139853.230775855,808000000,14.39262758095446,87.68248039271106,88.82601738391533,72.16331443906905
121,S4_seasonal_switch,26011605.804593824,101000000,3.882882154940343,,,
121,S5_fertilizer_policy,9699057.742414817,50000000,5.155139945331563,21.034128910996177,,
122,S1_deepen_wells,34513052.90649356,2525000000,73.16072579383224,,,
122,S2_po4_removal,35806940.10259698,151500000,4.231023359323912,75.71265718169329,5.906896973132213,
122,S3_multi_treatment,49847845.371212624,808000000,16.20932648107242,91.57669744289682,32.20324549685122,87.95020203154019
122,S4_seasonal_switch,26011605.804593824,101000000,3.882882154940343,,,
122,S5_fertilizer_policy,5180335.134595357,50000000,9.651885196787672,11.23447657670221,,
123,S1_deepen_wells,34513052.90649356,2525000000,73.16072579383224,,,
123,S2_po4_removal,34909335.14047515,151500000,4.339813387747549,67.33998463013347,25.462316530990204,
123,S3_multi_treatment,47184561.190471366,808000000,17.12424529579329,80.09075775339944,47.94864910175238,95.88095430833907
123,S4_seasonal_switch,26011605.804593824,101000000,3.882882154940343,,,
123,S5_fertilizer_policy,8960539.096421987,50000000,5.580021409645474,19.43252009336268,,
124,S1_deepen_wells,34513052.90649356,2525000000,73.16072579383224,,,
124,S2_po4_removal,35641583.783071324,151500000,4.250652858809207,76.74213787673868,1.6827529980562757,
124,S3_multi_treatment,56066020.71268181,808000000,14.411581020538437,97.7125887184759,53.02275677572189,95.46378309963171
124,S4_seasonal_switch,26011605.804593824,101000000,3.882882154940343,,,
124,S5_fertilizer_policy,10770388.808586977,50000000,4.642357939774298,23.357500557055648,,
125,S1_deepen_wells,34513052.90649356,2525000000,73.16072579383224,,,
125,S2_po4_removal,35264511.126069665,151500000,4.29610379280154,72.36786712992627,12.505762624757514,
125,S3_multi_treatment,56933544.261818744,808000000,14.191984891793709,95.03565735043817,68.0997479947258,89.60384428690855
125,S4_seasonal_switch,26011605.804593824,101000000,3.882882154940343,,,
125,S5_fertilizer_policy,5737962.152347602,50000000,8.713895050622327,12.443789778783922,,
126,S1_deepen_wells,34513052.90649356,2525000000,73.16072579383224,,,
126,S2_po4_removal,38290207.61712244,151500000,3.9566251903072187,75.4659637667958,23.046191087919393,
126,S3_multi_treatment,57054057.41207804,808000000,14.162007693232887,93.84678175206153,71.46192187201889,94.71361819354016
126,S4_seasonal_switch,26011605.804593824,101000000,3.882882154940343,,,
126,S5_fertilizer_policy,10551939.895082325,50000000,4.738465201389389,22.883755299613764,,
127,S1_deepen_wells,34513052.90649356,2525000000,73.16072579383224,,,
127,S2_po4_removal,31633070.88472127,151500000,4.789291578806985,67.27833251612628,4.027901731733666,
127,S3_multi_treatment,55825852.94021022,808000000,14.473580920749606,92.5132087058289,69.78899369379793,83.17028466500264
127,S4_seasonal_switch,26011605.804593824,101000000,3.882882154940343,,,
127,S5_fertilizer_policy,19372966.401387304,50000000,2.5809160540545553,42.013717568993684,,
128,S1_deepen_wells,34513052.90649356,2525000000,73.16072579383224,,,
128,S2_po4_removal,26436739.92196635,151500000,5.730661210390706,53.059193316450994,13.005095378167935,
128,S3_multi_treatment,53283050.11600583,808000000,15.16429705583395,88.789668119076,64.70598485480615,81.38517485783713
128,S4_seasonal_switch,26011605.804593824,101000000,3.882882154940343,,,
128,S5_fertilizer_policy,13547219.87480367,50000000,3.690794160135724,29.379551787396974,,
129,S1_deepen_wells,34513052.90649356,2525000000,73.16072579383224,,,
129,S2_po4_removal,18644037.48609653,151500000,8.125922301592587,38.629527348346535,5.4879412054858365,
129,S3_multi_treatment,52073900.63765349,808000000,15.516410142238374,80.12252284345017,83.24478372501042,80.6884096141774
129,S4_seasonal_switch,26011605.804593824,101000000,3.882882154940343,,,
129,S5_fertilizer_policy,6675484.307738081,50000000,7.490093256910372,14.476973042263367,,
130,S1_deepen_wells,34513052.90649356,2525000000,73.16072579383224,,,
130,S2_po4_removal,21101234.545282617,151500000,7.179674709310754,45.03967683625593,2.1974457703278483,
130,S3_multi_treatment,52533637.8150104,808000000,15.380621514262062,87.27275529589863,62.085148788366986,92.52368043647444
130,S4_seasonal_switch,26011605.804593824,101000000,3.882882154940343,,,
130,S5_fertilizer_policy,11986884.609873734,50000000,4.17122560425871,25.995687707138586,,
131,S1_deepen_wells,34513052.90649356,2525000000,73.16072579383224,,,
131,S2_po4_removal,25105410.89683129,151500000,6.03455568293932,47.811465937894084,20.18845016441027,
131,S3_multi_treatment,57714067.41979204,808000000,14.000052952824987,91.82339192747577,85.11427168026793,79.45320248852073
131,S4_seasonal_switch,26011605.804593824,101000000,3.882882154940343,,,
131,S5_fertilizer_policy,10614188.699865445,50000000,4.710675626167626,23.01875288588831,,
132,S1_deepen_wells,34513052.90649356,2525000000,73.16072579383224,,,
132,S2_po4_removal,33792614.89412078,151500000,4.4832280802974465,67.57622988159618,17.37348199983892,
132,S3_multi_treatment,51762502.303079605,808000000,15.609755403032905,88.26808866934071,52.53456513467235,99.48745796841251
132,S4_seasonal_switch,26011605.804593824,101000000,3.882882154940343,,,
132,S5_fertilizer_policy,9808019.686825052,50000000,5.097869049668014,21.270432235090702,,
133,S1_deepen_wells,34513052.90649356,2525000000,73.16072579383224,,,
133,S2_po4_removal,33265067.18447812,151500000,4.55432719133938,70.89228045969615,3.800657395191392,
133,S3_multi_treatment,57153391.62720859,808000000,14.137393722323583,97.4209570801374,62.82021050393924,87.03521231167107
133,S4_seasonal_switch,26011605.804593824,101000000,3.882882154940343,,,
133,S5_fertilizer_policy,12931538.05036845,50000000,3.8665160946245973,28.04433642862094,,
134,S1_deepen_wells,34513052.90649356,2525000000,73.16072579383224,,,
134,S2_po4_removal,27056564.628875464,151500000,5.59938048595849,54.373008326351055,13.097561096577623,
134,S3_multi_treatment,50218003.18000667,808000000,16.089847242705375,78.8784855524155,76.4532046475463,72.56586154312608
134,S4_seasonal_switch,26011605.804593824,101000000,3.882882154940343,,,
134,S5_fertilizer_policy,13250343.075985007,50000000,3.7734872005405102,28.735721734738572,,
135,S1_deepen_wells,34513052.90649356,2525000000,73.16072579383224,,,
135,S2_po4_removal,32036987.317959264,151500000,4.728909073016122,66.37221590100243,9.451032128302986,
135,S3_multi_treatment,52703670.01733976,808000000,15.331000663410427,81.29721000644723,81.33611174820689,92.79411843448864
135,S4_seasonal_switch,26011605.804593824,101000000,3.882882154940343,,,
135,S5_fertilizer_policy,7444295.185419947,50000000,6.716552575444307,16.14427594310267,,
136,S1_deepen_wells,34513052.90649356,2525000000,73.16072579383224,,,
136,S2_po4_removal,25579755.0319561,151500000,5.922652496504956,54.209512816491156,3.8487500679222713,
136,S3_multi_treatment,68081670.82747294,808000000,11.868098860963155,96.06841897863819,81.7679431792471,91.18643503961297
136,S4_seasonal_switch,26011605.804593824,101000000,3.882882154940343,,,
136,S5_fertilizer_policy,5541176.048252061,50000000,9.023355252495952,12.017024170065365,,
137,S1_deepen_wells,34513052.90649356,2525000000,73.16072579383224,,,
137,S2_po4_removal,35080348.93944551,151500000,4.318657156504175,69.16972247928976,21.022782362050172,
137,S3_multi_treatment,51943640.86317898,808000000,15.555320854929958,95.97589277970081,31.537467315437194,93.34542181656408
137,S4_seasonal_switch,26011605.804593824,101000000,3.882882154940343,,,
137,S5_fertilizer_policy,6497144.8226072565,50000000,7.695688085329667,14.090212202212026,,
138,S1_deepen_wells,34513052.90649356,2525000000,73.16072579383224,,,
138,S2_po4_removal,21398645.23127085,151500000,7.079887458417503,40.94784707938998,16.612266404306975,
138,S3_multi_treatment,56220882.01569996,808000000,14.371884094140714,93.78087313050605,67.16960223716208,89.8243113349552
138,S4_seasonal_switch,26011605.804593824,101000000,3.882882154940343,,,
138,S5_fertilizer_policy,5369858.395038888,50000000,9.311232498457327,11.64549141934701,,
139,S1_deepen_wells,34513052.90649356,2525000000,73.16072579383224,,,
139,S2_po4_removal,27783399.41380608,151500000,5.452896448831127,58.2417982405546,6.121092568662876,
139,S3_multi_treatment,57468256.5421468,808000000,14.059935843145315,93.3150161400256,75.22048537428402,97.5975360058979
139,S4_seasonal_switch,26011605.804593824,101000000,3.882882154940343,,,
139,S5_fertilizer_policy,10943990.43889463,50000000,4.5687174417022,23.733986517653786,,
140,S1_deepen_wells,34513052.90649356,2525000000,73.16072579383224,,,
140,S2_po4_removal,24026229.309359126,151500000,6.305608676638452,51.758335471199025,1.0553897929851044,
140,S3_multi_treatment,55308258.15320535,808000000,14.60902995284752,90.81459528295906,83.12931510417387,26.84036197657661
140,S4_seasonal_switch,26011605.804593824,101000000,3.882882154940343,,,
140,S5_fertilizer_policy,5459933.6492018625,50000000,9.157620442385603,11.840835602057625,,
141,S1_deepen_wells,34513052.90649356,2525000000,73.16072579383224,,,
141,S2_po4_removal,30359264.57294397,151500000,4.990239458402957,64.75648474760575,3.295637778929175,
141,S3_multi_treatment,57640526.281629406,808000000,14.017915035198376,89.93002054926424,86.4712714421596,98.50738127275196
141,S4_seasonal_switch,26011605.804593824,101000000,3.882882154940343,,,
141,S5_fertilizer_policy,3320695.5632289276,50000000,15.057086398905463,7.201517962479971,,
142,S1_deepen_wells,34513052.90649356,2525000000,73.16072579383224,,,
142,S2_po4_removal,19635394.734131537,151500000,7.715658485676008,41.24983839726808,4.056516539835481,
142,S3_multi_treatment,47659919.21635461,808000000,16.953448794825757,78.93541230326764,56.2166392723456,88.03006567551137
142,S4_seasonal_switch,26011605.804593824,101000000,3.882882154940343,,,
142,S5_fertilizer_policy,7387805.36700318,50000000,6.767909753459329,16.021767741348075,,
143,S1_deepen_wells,34513052.90649356,2525000000,73.16072579383224,,,
143,S2_po4_removal,19791780.482782982,151500000,7.654692822194091,39.64644774722388,9.967949276071929,
143,S3_multi_treatment,68089994.04682675,808000000,11.866648122253078,97.11589554834174,71.59365412775561,96.38612500825094
143,S4_seasonal_switch,26011605.804593824,101000000,3.882882154940343,,,
143,S5_fertilizer_policy,11631762.92549175,50000000,4.298574542851266,25.225543277982815,,
144,S1_deepen_wells,34513052.90649356,2525000000,73.16072579383224,,,
144,S2_po4_removal,38540923.626264006,151500000,3.930886593925818,77.50561412497099,18.493865463380946,
144,S3_multi_treatment,48141096.70896633,808000000,16.783996527638497,84.49636226164998,40.35056211044254,98.33085590155335
144,S4_seasonal_switch,26011605.804593824,101000000,3.882882154940343,,,
144,S5_fertilizer_policy,6131410.321711674,50000000,8.154730702485715,13.297051995999965,,
145,S1_deepen_wells,34513052.90649356,2525000000,73.16072579383224,,,
145,S2_po4_removal,19221311.528838836,151500000,7.8818763107135466,35.4030318629776,19.11641059068023,
145,S3_multi_treatment,46035727.92564668,808000000,17.551585179776428,76.92169803793605,50.415733301628684,93.9119949105566
145,S4_seasonal_switch,26011605.804593824,101000000,3.882882154940343,,,
145,S5_fertilizer_policy,10969311.560400449,50000000,4.5581711964952785,23.788899865740724,,
146,S1_deepen_wells,34513052.90649356,2525000000,73.16072579383224,,,
146,S2_po4_removal,29623682.895621873,151500000,5.114151421813606,58.29637647518299,18.100136580946057,
146,S3_multi_treatment,52405561.822988555,808000000,15.418210813752934,82.08228531101781,75.76095323728225,98.71857736988383
146,S4_seasonal_switch,26011605.804593824,101000000,3.882882154940343,,,
146,S5_fertilizer_policy,8221436.460462883,50000000,6.081662278903619,17.829644789792187,,
147,S1_deepen_wells,34513052.90649356,2525000000,73.16072579383224,,,
147,S2_po4_removal,41605788.18859606,151500000,3.6413202728731235,81.95681456678601,25.1750970724953,
147,S3_multi_treatment,54138713.95930362,808000000,14.924624929350525,95.4444441889865,49.62780475454372,83.68838949925144
147,S4_seasonal_switch,26011605.804593824,101000000,3.882882154940343,,,
147,S5_fertilizer_policy,5726142.294361457,50000000,8.731882204400526,12.418156317968112,,
148,S1_deepen_wells,34513052.90649356,2525000000,73.16072579383224,,,
148,S2_po4_removal,26433480.099319607,151500000,5.731367925477946,57.160148626096216,0.5037821823991554,
148,S3_multi_treatment,50974100.89314638,808000000,15.851186893786645,82.90494659967106,65.64253164105452,89.8118373843712
148,S4_seasonal_switch,26011605.804593824,101000000,3.882882154940343,,,
148,S5_fertilizer_policy,8849604.26346048,50000000,5.649970158151275,19.191938210132133,,
149,S1_deepen_wells,34513052.90649356,2525000000,73.16072579383224,,,
149,S2_po4_removal,33253875.188844867,151500000,4.555860005477534,70.3315313263467,5.433235360934363,
149,S3_multi_treatment,68064556.6797986,808000000,11.871082974963569,93.9146046986979,83.4868287758611,96.7501583164799
149,S4_seasonal_switch,26011605.804593824,101000000,3.882882154940343,,,
149,S5_fertilizer_policy,15741376.733500697,50000000,3.176342250521857,34.137970537184586,,
150,S1_deepen_wells,34513052.90649356,2525000000,73.16072579383224,,,
150,S2_po4_removal,26278187.054203004,151500000,5.765237901971958,54.65960689923506,7.088420170202705,
150,S3_multi_treatment,53880514.357842185,808000000,14.996144888924904,84.97771638061326,77.96823602969886,92.47454725635296
150,S4_seasonal_switch,26011605.804593824,101000000,3.882882154940343,,,
150,S5_fertilizer_policy,8690772.58945632,50000000,5.753228436866499,18.847483522380077,,
151,S1_deepen_wells,34513052.90649356,2525000000,73.16072579383224,,,
151,S2_po4_removal,11946693.070551977,151500000,12.68133357953593,24.688901009312488,3.7114927244715754,
151,S3_multi_treatment,51287036.3278119,808000000,15.75446853344182,84.65672076336676,62.7874370002396,87.81593493483439
151,S4_seasonal_switch,26011605.804593824,101000000,3.882882154940343,,,
151,S5_fertilizer_policy,5223320.912503496,50000000,9.572454160400303,11.327698868792012,,
152,S1_deepen_wells,34513052.90649356,2525000000,73.16072579383224,,,
152,S2_po4_removal,30118306.327080153,151500000,5.030163328400123,61.44110874820623,11.794578223261578,
152,S3_multi_treatment,50640610.83176702,808000000,15.955573732794292,92.16014685200922,34.35095985320154,94.31234905371363
152,S4_seasonal_switch,26011605.804593824,101000000,3.882882154940343,,,
152,S5_fertilizer_policy,12415554.032981917,50000000,4.02720650783485,26.925333467100266,,
153,S1_deepen_wells,34513052.90649356,2525000000,73.16072579383224,,,
153,S2_po4_removal,32528765.39840837,151500000,4.657416232815676,66.91218344787487,11.053371093611497,
153,S3_multi_treatment,53063970.23717481,808000000,15.226904364459761,78.79967676446022,90.50683925121578,96.71954760694639
153,S4_seasonal_switch,26011605.804593824,101000000,3.882882154940343,,,
153,S5_fertilizer_policy,1388921.4853713587,50000000,35.99915511900329,3.0121228624916054,,
154,S1_deepen_wells,34513052.90649356,2525000000,73.16072579383224,,,
154,S2_po4_removal,21581088.96985595,151500000,7.020035004332371,45.21150522266564,4.841394053727507,
154,S3_multi_treatment,68096285.14914006,808000000,11.865551817259501,97.90763033156323,75.85649861538019,70.25435755877605
154,S4_seasonal_switch,26011605.804593824,101000000,3.882882154940343,,,
154,S5_fertilizer_policy,12848664.214774936,50000000,3.891455108812323,27.864609800785782,,
155,S1_deepen_wells,34513052.90649356,2525000000,73.16072579383224,,,
155,S2_po4_removal,19639512.02918657,151500000,7.714040948413261,37.93431256929062,14.173313287756434,
155,S3_multi_treatment,53325355.654829666,808000000,15.152266498326103,88.72254703979327,61.912751588974736,97.31457855148614
155,S4_seasonal_switch,26011605.804593824,101000000,3.882882154940343,,,
155,S5_fertilizer_policy,19751225.939857855,50000000,2.531488432781294,42.834040543173934,,
156,S1_deepen_wells,34513052.90649356,2525000000,73.16072579383224,,,
156,S2_po4_removal,41531326.91177373,151500000,3.64784877501834,87.12845410641812,8.945635967934821,
156,S3_multi_treatment,55859797.45961969,808000000,14.464785708972405,90.8524688892754,72.74785547301754,94.44408164526394
156,S4_seasonal_switch,26011605.804593824,101000000,3.882882154940343,,,
156,S5_fertilizer_policy,12674615.181526966,50000000,3.944892944195587,27.487153567469214,,
157,S1_deepen_wells,34513052.90649356,2525000000,73.16072579383224,,,
157,S2_po4_removal,20937873.0014546,151500000,7.235691991706845,44.723961692876024,2.0800918579500927,
157,S3_multi_treatment,53329781.2446423,808000000,15.151009082400362,91.17392541634179,53.99700675805591,99.67263035433221
157,S4_seasonal_switch,26011605.804593824,101000000,3.882882154940343,,,
157,S5_fertilizer_policy,3437219.831804447,50000000,14.546640147177133,7.454221529318053,,
158,S1_deepen_wells,34513052.90649356,2525000000,73.16072579383224,,,
158,S2_po4_removal,39393255.67904324,151500000,3.8458359784818765,82.78779759155991,8.044467767015059,
158,S3_multi_treatment,43496324.54583563,808000000,18.57628221319124,61.02584262456667,82.76204318118643,90.35357893325921
158,S4_seasonal_switch,26011605.804593824,101000000,3.882882154940343,,,
158,S5_fertilizer_policy,10101598.24339538,50000000,4.949711797604994,21.907109463786835,,
159,S1_deepen_wells,34513052.90649356,2525000000,73.16072579383224,,,
159,S2_po4_removal,25921342.868965723,151500000,5.844604608867818,55.39811793167105,2.485995756050379,
159,S3_multi_treatment,56619311.30622801,808000000,14.270749349632615,90.69544279957168,78.0071768410994,95.56716262219578
159,S4_seasonal_switch,26011605.804593824,101000000,3.882882154940343,,,
159,S5_fertilizer_policy,13048039.217635393,50000000,3.8319933873605536,28.29698989616944,,
160,S1_deepen_wells,34513052.90649356,2525000000,73.16072579383224,,,
160,S2_po4_removal,23660153.913835227,151500000,6.403170518320707,50.847813399170796,1.4102891437389136,
160,S3_multi_treatment,53771142.74024365,808000000,15.026647358105574,88.04890057992125,67.39005837688627,94.9553898256813
160,S4_seasonal_switch,26011605.804593824,101000000,3.882882154940343,,,
160,S5_fertilizer_policy,11038680.558771,50000000,4.529526851854729,23.939338856094615,,
161,S1_deepen_wells,34513052.90649356,2525000000,73.16072579383224,,,
161,S2_po4_removal,23490405.10543313,151500000,6.449441775057313,46.435019442227386,13.718784779836298,
161,S3_multi_treatment,51028534.651054606,808000000,15.83427792950157,74.89821906612487,88.56796639787784,98.55966300403296
161,S4_seasonal_switch,26011605.804593824,101000000,3.882882154940343,,,
161,S5_fertilizer_policy,6258768.791677274,50000000,7.988791672011998,13.573251452308863,,
162,S1_deepen_wells,34513052.90649356,2525000000,73.16072579383224,,,
162,S2_po4_removal,35745080.501072705,151500000,4.238345469538207,76.46862777914951,3.198120613849223,
162,S3_multi_treatment,56474101.65205191,808000000,14.30744317064568,96.58056606376468,59.39131495762915,94.34332599716257
162,S4_seasonal_switch,26011605.804593824,101000000,3.882882154940343,,,
162,S5_fertilizer_policy,13207289.405423723,50000000,3.785788170846543,28.6423522053752,,
163,S1_deepen_wells,34513052.90649356,2525000000,73.16072579383224,,,
163,S2_po4_removal,30509995.721767604,151500000,4.9655857503746255,58.81263170679446,22.37840675629521,
163,S3_multi_treatment,58024832.94957715,808000000,13.925072403088894,91.57406637436127,84.13415977523691,97.87691535306682
163,S4_seasonal_switch,26011605.804593824,101000000,3.882882154940343,,,
163,S5_fertilizer_policy,9007271.730450958,50000000,5.551070456880366,19.533868108254648,,
164,S1_deepen_wells,34513052.90649356,2525000000,73.16072579383224,,,
164,S2_po4_removal,31748804.224792853,151500000,4.77183326109941,67.91306295212948,2.86011894761674,
164,S3_multi_treatment,50108109.61024993,808000000,16.12513436018186,83.99537037072412,54.695810887538784,99.11276220633751
164,S4_seasonal_switch,26011605.804593824,101000000,3.882882154940343,,,
164,S5_fertilizer_policy,5451288.94175905,50000000,9.172142686655267,11.822088018985161,,
165,S1_deepen_wells,34513052.90649356,2525000000,73.16072579383224,,,
165,S2_po4_removal,32445243.08865518,151500000,4.669405607041778,70.00739181957749,1.0829909305178709,
165,S3_multi_treatment,56834819.14522959,808000000,14.216637127591161,94.42440578597346,70.77311707424474,82.48288014572532
165,S4_seasonal_switch,26011605.804593824,101000000,3.882882154940343,,,
165,S5_fertilizer_policy,6059292.674931578,50000000,8.251788233775091,13.140652073510948,,
166,S1_deepen_wells,34513052.90649356,2525000000,73.16072579383224,,,
166,S2_po4_removal,26003870.0192703,151500000,5.826055886594194,53.99270872196311,7.307505207775994,
166,S3_multi_treatment,51049921.81972122,808000000,15.827644219581538,75.19535580361817,88.7397171715698,94.01503410293674
166,S4_seasonal_switch,26011605.804593824,101000000,3.882882154940343,,,
166,S5_fertilizer_policy,10417341.261221789,50000000,4.799689166958882,22.591854262311394,,
167,S1_deepen_wells,34513052.90649356,2525000000,73.16072579383224,,,
167,S2_po4_removal,36555511.01959748,151500000,4.144381948833394,76.52652635711573,8.370443507730645,
167,S3_multi_treatment,49249094.40495287,808000000,16.406393046665674,89.74430212640264,34.19430793485836,86.16929018198563
167,S4_seasonal_switch,26011605.804593824,101000000,3.882882154940343,,,
167,S5_fertilizer_policy,10382211.025127545,50000000,4.815929851453366,22.515668107500844,,
168,S1_deepen_wells,34513052.90649356,2525000000,73.16072579383224,,,
168,S2_po4_removal,21549286.616351143,151500000,7.030395144730453,45.58042517735799,3.5088345276828097,
168,S3_multi_treatment,51209052.39134178,808000000,15.7784602969262,87.19312269581447,52.21964996095885,99.16487480878298
168,S4_seasonal_switch,26011605.804593824,101000000,3.882882154940343,,,
168,S5_fertilizer_policy,10711973.79869692,50000000,4.667673851674502,23.230817235747942,,
169,S1_deepen_wells,34513052.90649356,2525000000,73.16072579383224,,,
169,S2_po4_removal,33505321.6747007,151500000,4.521669765504597,65.0440005123342,23.183401812927197,
169,S3_multi_treatment,45573239.6886908,808000000,17.72970290283113,74.8875039076205,53.280021587837524,95.24315811982811
169,S4_seasonal_switch,26011605.804593824,101000000,3.882882154940343,,,
169,S5_fertilizer_policy,7349819.013042942,50000000,6.802888603279934,15.93938758780348,,
170,S1_deepen_wells,34513052.90649356,2525000000,73.16072579383224,,,
170,S2_po4_removal,36032896.45241852,151500000,4.204491309769002,76.17774993738678,5.982773857413093,
170,S3_multi_treatment,55234066.55567465,808000000,14.628653119095528,92.33779013148516,63.053825826531515,99.52140246914229
170,S4_seasonal_switch,26011605.804593824,101000000,3.882882154940343,,,
170,S5_fertilizer_policy,7677842.6290141195,50000000,6.512246006586918,16.6507650439883,,
171,S1_deepen_wells,34513052.90649356,2525000000,73.16072579383224,,,
171,S2_po4_removal,32366443.439127423,151500000,4.680773786126077,69.57280161286286,1.8854656289092089,
171,S3_multi_treatment,50339549.53596914,808000000,16.05099782274888,79.50056291312639,71.66033746223849,90.56264164169447
171,S4_seasonal_switch,26011605.804593824,101000000,3.882882154940343,,,
171,S5_fertilizer_policy,17479244.522821113,50000000,2.860535530281037,37.906845419842256,,
172,S1_deepen_wells,34513052.90649356,2525000000,73.16072579383224,,,
172,S2_po4_removal,15889434.749071203,151500000,9.534637474052104,32.09232692079599,7.20231272581339,
172,S3_multi_treatment,68046912.44499491,808000000,11.874161089279976,91.69407899084811,85.20427666936438,96.10839377974851
172,S4_seasonal_switch,26011605.804593824,101000000,3.882882154940343,,,
172,S5_fertilizer_policy,8625459.47241313,50000000,5.796792641588007,18.705840430860203,,
173,S1_deepen_wells,34513052.90649356,2525000000,73.16072579383224,,,
173,S2_po4_removal,28719369.77629208,151500000,5.2751853950870355,57.1352091613814,15.665632352455328,
173,S3_multi_treatment,56712034.03015113,808000000,14.247417039748994,98.60265150298586,60.062562235758335,68.79901276191775
173,S4_seasonal_switch,26011605.804593824,101000000,3.882882154940343,,,
173,S5_fertilizer_policy,10969253.321251698,50000000,4.55819539723188,23.788773563805556,,
174,S1_deepen_wells,34513052.90649356,2525000000,73.16072579383224,,,
174,S2_po4_removal,11650282.238182142,151500000,13.003976805255439,22.615985498252908,8.063481496033639,
174,S3_multi_treatment,43116961.302904844,808000000,18.73972505445471,69.42562031686518,55.187994511464176,87.9649931582103
174,S4_seasonal_switch,26011605.804593824,101000000,3.882882154940343,,,
174,S5_fertilizer_policy,6109002.611784205,50000000,8.18464210566067,13.248456898235656,,
175,S1_deepen_wells,34513052.90649356,2525000000,73.16072579383224,,,
175,S2_po4_removal,38179502.84200357,151500000,3.9680977677196396,80.50826931989965,6.971119431756693,
175,S3_multi_treatment,56480565.2816873,808000000,14.305805828433838,91.94306805505967,73.10813644461817,96.47463710751461
175,S4_seasonal_switch,26011605.804593824,101000000,3.882882154940343,,,
175,S5_fertilizer_policy,10481026.950299256,50000000,4.770524895804451,22.72996798731615,,
176,S1_deepen_wells,34513052.90649356,2525000000,73.16072579383224,,,
176,S2_po4_removal,35919762.50934531,151500000,4.217733899565287,76.70942470806827,3.6181720084724276,
176,S3_multi_treatment,52750491.066174716,808000000,15.317392950643358,86.48785510093938,68.00774801438602,82.30063146362826
176,S4_seasonal_switch,26011605.804593824,101000000,3.882882154940343,,,
176,S5_fertilizer_policy,7681269.470050082,50000000,6.5093407014236675,16.658196757255958,,
177,S1_deepen_wells,34513052.90649356,2525000000,73.16072579383224,,,
177,S2_po4_removal,16231295.259482205,151500000,9.333820719667754,29.751543086900085,16.581798584479486,
177,S3_multi_treatment,46493145.93235305,808000000,17.37890572463369,66.2531044803438,85.057445015539,98.01083937480732
177,S4_seasonal_switch,26011605.804593824,101000000,3.882882154940343,,,
177,S5_fertilizer_policy,7660604.886417776,50000000,6.526899734595347,16.613381938377888,,
178,S1_deepen_wells,34513052.90649356,2525000000,73.16072579383224,,,
178,S2_po4_removal,35632609.97165118,151500000,4.251723354548862,72.73912760863882,13.805268195405636,
178,S3_multi_treatment,68107830.80757214,808000000,11.8635403656134,99.36065063239944,77.83689999303573,88.35079728941523
178,S4_seasonal_switch,26011605.804593824,101000000,3.882882154940343,,,
178,S5_fertilizer_policy,3858967.3772770315,50000000,12.956834072870823,8.36885596855561,,
179,S1_deepen_wells,34513052.90649356,2525000000,73.16072579383224,,,
179,S2_po4_removal,23894854.036366425,151500000,6.340277273484357,45.977299114947776,17.780894742152793,
179,S3_multi_treatment,54610651.10055271,808000000,14.795648535891972,90.21318707593518,67.45266964913571,89.56684097688598
179,S4_seasonal_switch,26011605.804593824,101000000,3.882882154940343,,,
179,S5_fertilizer_policy,9188841.695859954,50000000,5.44138223890913,19.927634818403803,,
180,S1_deepen_wells,34513052.90649356,2525000000,73.16072579383224,,,
180,S2_po4_removal,28393539.537128955,151500000,5.335720817825135,59.89186247923419,5.126388919060788,
180,S3_multi_treatment,48360638.937533155,808000000,16.70780241434948,76.6042483959014,66.34549988315648,95.75816855662951
180,S4_seasonal_switch,26011605.804593824,101000000,3.882882154940343,,,
180,S5_fertilizer_policy,15810197.106171206,50000000,3.162515917052259,34.28721973529217,,
181,S1_deepen_wells,34513052.90649356,2525000000,73.16072579383224,,,
181,S2_po4_removal,38755293.36830865,151500000,3.9091434184287723,81.29623881277179,8.373201108240856,
181,S3_multi_treatment,45578097.19249914,808000000,17.72781335270341,66.05473089751088,80.93819692290117,91.61306639079784
181,S4_seasonal_switch,26011605.804593824,101000000,3.882882154940343,,,
181,S5_fertilizer_policy,2674911.9797234833,50000000,18.692203847832296,5.801021594192857,,
182,S1_deepen_wells,34513052.90649356,2525000000,73.16072579383224,,,
182,S2_po4_removal,33321595.182296105,151500000,4.546601060698695,69.33247626212012,8.920429121000621,
182,S3_multi_treatment,49097544.109727874,808000000,16.457034962771345,77.5088749257342,71.85275618284608,79.24444674183576
182,S4_seasonal_switch,26011605.804593824,101000000,3.882882154940343,,,
182,S5_fertilizer_policy,9618350.295864627,50000000,5.1983966545174916,20.859100482472595,,
183,S1_deepen_wells,34513052.90649356,2525000000,73.16072579383224,,,
183,S2_po4_removal,16975017.891125865,151500000,8.924880136898153,34.96447828648552,5.626354719111703,
183,S3_multi_treatment,52176304.118707724,808000000,15.485956961644836,90.10904321616913,50.950599729776314,93.22885896966658
183,S4_seasonal_switch,26011605.804593824,101000000,3.882882154940343,,,
183,S5_fertilizer_policy,12576651.462498888,50000000,3.9756210267168655,27.27470184799689,,
184,S1_deepen_wells,34513052.90649356,2525000000,73.16072579383224,,,
184,S2_po4_removal,29044182.95683962,151500000,5.216190802307394,62.549522779290086,1.332730362094556,
184,S3_multi_treatment,49497881.34260319,808000000,16.32393100640751,76.76439592605827,74.35576053929705,90.93432566765287
184,S4_seasonal_switch,26011605.804593824,101000000,3.882882154940343,,,
184,S5_fertilizer_policy,6133288.453389071,50000000,8.1522335660524,13.301125058029651,,
185,S1_deepen_wells,34513052.90649356,2525000000,73.16072579383224,,,
185,S2_po4_removal,28037692.053006254,151500000,5.403440472688831,58.41778530226818,7.26376801480048,
185,S3_multi_treatment,53652541.96776868,808000000,15.059864274192252,93.27077083959206,50.67210368571574,95.170903094067
185,S4_seasonal_switch,26011605.804593824,101000000,3.882882154940343,,,
185,S5_fertilizer_policy,13419467.470985346,50000000,3.7259302657207956,29.10249801558026,,
186,S1_deepen_wells,34513052.90649356,2525000000,73.16072579383224,,,
186,S2_po4_removal,21122578.21101337,151500000,7.172419885798197,44.37305589475205,4.366929274767921,
186,S3_multi_treatment,53038865.07069585,808000000,15.234111795624049,87.27687306085187,64.49086517465365,96.97699229907553
186,S4_seasonal_switch,26011605.804593824,101000000,3.882882154940343,,,
186,S5_fertilizer_policy,12720574.205956928,50000000,3.9306401731916676,27.586823872580972,,
187,S1_deepen_wells,34513052.90649356,2525000000,73.16072579383224,,,
187,S2_po4_removal,38257339.00993422,151500000,3.960024505642179,81.94866763810276,3.1014666994309983,
187,S3_multi_treatment,50490067.78667575,808000000,16.00314745889943,85.9294100207565,53.33755543175502,89.35813196257949
187,S4_seasonal_switch,26011605.804593824,101000000,3.882882154940343,,,
187,S5_fertilizer_policy,11125188.15994145,50000000,4.494306009136581,24.1269459498067,,
188,S1_deepen_wells,34513052.90649356,2525000000,73.16072579383224,,,
188,S2_po4_removal,39248309.57437537,151500000,3.860038856269929,82.89112610467893,6.773437966476685,
188,S3_multi_treatment,54038043.464229725,808000000,14.952428848295598,86.6204192988963,74.05036595480436,92.2728789863211
188,S4_seasonal_switch,26011605.804593824,101000000,3.882882154940343,,,
188,S5_fertilizer_policy,16634776.108050734,50000000,3.005751305291178,36.07546571582554,,
189,S1_deepen_wells,34513052.90649356,2525000000,73.16072579383224,,,
189,S2_po4_removal,19477834.297837988,151500000,7.778072124620975,40.76683725769249,4.486523074740831,
189,S3_multi_treatment,54686078.241756275,808000000,14.775241267585375,93.48455551019697,56.87635609194454,95.00607710922736
189,S4_seasonal_switch,26011605.804593824,101000000,3.882882154940343,,,
189,S5_fertilizer_policy,2506553.1186894104,50000000,19.947712109984433,5.435905509687739,,
190,S1_deepen_wells,34513052.90649356,2525000000,73.16072579383224,,,
190,S2_po4_removal,28645858.956338897,151500000,5.288722542092784,60.427936123726646,5.160246393345937,
190,S3_multi_treatment,52867476.95556836,808000000,15.283498410167576,85.85063354900718,68.42787414580114,93.43860700324343
190,S4_seasonal_switch,26011605.804593824,101000000,3.882882154940343,,,
190,S5_fertilizer_policy,7125826.5425009355,50000000,7.0167298771282764,15.453620142593898,,
191,S1_deepen_wells,34513052.90649356,2525000000,73.16072579383224,,,
191,S2_po4_removal,38556000.162493825,151500000,3.9293495010246127,75.22311896011078,25.539327210731965,
191,S3_multi_treatment,54061526.14594213,808000000,14.945933968248669,88.0095316137653,68.97954761595085,97.12713729286719
191,S4_seasonal_switch,26011605.804593824,101000000,3.882882154940343,,,
191,S5_fertilizer_policy,8524229.77095338,50000000,5.865632595965069,18.48630584856625,,
192,S1_deepen_wells,34513052.90649356,2525000000,73.16072579383224,,,
192,S2_po4_removal,27282166.215585485,151500000,5.553078109811258,56.5674413973989,7.908464184553578,
192,S3_multi_treatment,68110374.35057268,808000000,11.863097328479245,99.68075533994555,70.39602909965441,91.05931452297217
192,S4_seasonal_switch,26011605.804593824,101000000,3.882882154940343,,,
192,S5_fertilizer_policy,5129362.372589909,50000000,9.74780028550685,11.123933091402256,,
193,S1_deepen_wells,34513052.90649356,2525000000,73.16072579383224,,,
193,S2_po4_removal,16387330.591692463,151500000,9.244946829644283,31.604550300383462,11.972600499184297,
193,S3_multi_treatment,56706920.94973607,808000000,14.248701683454048,91.47830126846166,80.73455377049201,73.53740597226444
193,S4_seasonal_switch,26011605.804593824,101000000,3.882882154940343,,,
193,S5_fertilizer_policy,9720682.026274458,50000000,5.143672004171395,21.081025010224703,,
194,S1_deepen_wells,34513052.90649356,2525000000,73.16072579383224,,,
194,S2_po4_removal,42471589.48359723,151500000,3.567090420727253,78.07903796054028,42.68967326563991,
194,S3_multi_treatment,68062378.21734849,808000000,11.871462930956593,93.64044535272006,89.07107239743927,61.305189471991625
194,S4_seasonal_switch,26011605.804593824,101000000,3.882882154940343,,,
194,S5_fertilizer_policy,9353641.74470678,50000000,5.345511552042815,20.285032986766506,,
195,S1_deepen_wells,34513052.90649356,2525000000,73.16072579383224,,,
195,S2_po4_removal,21365595.80992803,151500000,7.0908389987234495,43.89042584466738,7.439461027414605,
195,S3_multi_treatment,47679161.96527666,808000000,16.946606582314573,69.67964036769934,82.70596869287372,96.80162190099328
195,S4_seasonal_switch,26011605.804593824,101000000,3.882882154940343,,,
195,S5_fertilizer_policy,11842710.63013725,50000000,4.222006393769374,25.68302083207432,,
196,S1_deepen_wells,34513052.90649356,2525000000,73.16072579383224,,,
196,S2_po4_removal,23170458.872917995,151500000,6.538498043173225,47.204669843518445,9.265110466771302,
196,S3_multi_treatment,48125782.34537056,808000000,16.789337453289736,86.31544889877287,41.374913587496884,65.94808548867157
196,S4_seasonal_switch,26011605.804593824,101000000,3.882882154940343,,,
196,S5_fertilizer_policy,7359719.4460745305,50000000,6.793737229571788,15.960858434785873,,
197,S1_deepen_wells,34513052.90649356,2525000000,73.16072579383224,,,
197,S2_po4_removal,40475300.84434211,151500000,3.743023444906095,77.57932721815881,31.035660286038237,
197,S3_multi_treatment,46727020.231229536,808000000,17.29192223260967,68.90598346409178,80.49871369391803,88.42951731293694
197,S4_seasonal_switch,26011605.804593824,101000000,3.882882154940343,,,
197,S5_fertilizer_policy,7713628.36459922,50000000,6.482033828524726,16.728372765837417,,
198,S1_deepen_wells,34513052.90649356,2525000000,73.16072579383224,,,
198,S2_po4_removal,31700048.311878636,151500000,4.779172527104003,62.77625029900678,18.17041273165515,
198,S3_multi_treatment,53691038.93283333,808000000,15.049066214024945,87.53878055111115,71.50990954408948,79.90375003461003
198,S4_seasonal_switch,26011605.804593824,101000000,3.882882154940343,,,
198,S5_fertilizer_policy,11638112.215385288,50000000,4.296229412009043,25.239312840517726,,
199,S1_deepen_wells,34513052.90649356,2525000000,73.16072579383224,,,
199,S2_po4_removal,30053051.495061494,151500000,5.041085429374632,62.37469361715077,8.522888806634478,
199,S3_multi_treatment,54577217.44436209,808000000,14.804712256056353,89.78705080824876,70.83060554413828,78.37685179286048
199,S4_seasonal_switch,26011605.804593824,101000000,3.882882154940343,,,
199,S5_fertilizer_policy,14198476.815320939,50000000,3.521504500119847,30.791918102231442,,
200,S1_deepen_wells,34513052.90649356,2525000000,73.16072579383224,,,
200,S2_po4_removal,18318771.092832297,151500000,8.27020542110919,32.547900804349894,21.84858184694642,
200,S3_multi_treatment,56772507.62286214,808000000,14.232240812181784,93.99255368534301,68.78082778078756,96.55791412724561
200,S4_seasonal_switch,26011605.804593824,101000000,3.882882154940343,,,
200,S5_fertilizer_policy,10053593.393532678,50000000,4.973346150259491,21.803002422960645,,
201,S1_deepen_wells,34513052.90649356,2525000000,73.16072579383224,,,
201,S2_po4_removal,31792258.05853907,151500000,4.7653110930668445,67.51337104116888,4.363217083859485,
201,S3_multi_treatment,58054783.65421368,808000000,13.917888400249932,93.96576266961861,83.18455822734951,68.07143312740652
201,S4_seasonal_switch,26011605.804593824,101000000,3.882882154940343,,,
201,S5_fertilizer_policy,12352829.01375527,50000000,4.047655799681466,26.78930312524674,,
202,S1_deepen_wells,34513052.90649356,2525000000,73.16072579383224,,,
202,S2_po4_removal,17751700.41216757,151500000,8.534393690880291,34.28543631193451,12.818570957585884,
202,S3_multi_treatment,49025922.69910706,808000000,16.481076857217754,83.59851672442302,56.988456779890264,59.11797133637322
202,S4_seasonal_switch,26011605.804593824,101000000,3.882882154940343,,,
202,S5_fertilizer_policy,2007881.6039589047,50000000,24.901866674517006,4.35444778424159,,
203,S1_deepen_wells,34513052.90649356,2525000000,73.16072579383224,,,
203,S2_po4_removal,31738173.30400917,151500000,4.773431619672405,63.51005320980174,16.188954094820293,
203,S3_multi_treatment,57359595.68923065,808000000,14.086570700004135,95.38031007698531,68.3056152068495,97.17344521831043
203,S4_seasonal_switch,26011605.804593824,101000000,3.882882154940343,,,
203,S5_fertilizer_policy,7323915.799406007,50000000,6.8269490487663935,15.883211869572026,,
204,S1_deepen_wells,34513052.90649356,2525000000,73.16072579383224,,,
204,S2_po4_removal,37986903.148086086,151500000,3.9882166600788858,78.56312750620731,11.619386286945197,
204,S3_multi_treatment,50718499.65883335,808000000,15.931070623838442,81.12127417577342,68.76889226414119,92.80038410464685
204,S4_seasonal_switch,26011605.804593824,101000000,3.882882154940343,,,
204,S5_fertilizer_policy,8171978.4835853055,50000000,6.118469364601584,17.722386385012275,,
205,S1_deepen_wells,34513052.90649356,2525000000,73.16072579383224,,,
205,S2_po4_removal,25152892.886856675,151500000,6.023164042461469,49.79344050323668,14.47037723461571,
205,S3_multi_treatment,68097787.21763158,808000000,11.86529009258022,98.09666554547164,84.18531885675493,92.73219188685411
205,S4_seasonal_switch,26011605.804593824,101000000,3.882882154940343,,,
205,S5_fertilizer_policy,7504361.394384131,50000000,6.662792124779248,16.274540182794997,,
206,S1_deepen_wells,34513052.90649356,2525000000,73.16072579383224,,,
206,S2_po4_removal,41444619.790117525,151500000,3.6554805127232752,87.28351495593888,7.901531139444688,
206,S3_multi_treatment,68075828.25793591,808000000,11.86911743384933,95.33313201373286,91.8114212186776,97.10585458044947
206,S4_seasonal_switch,26011605.804593824,101000000,3.882882154940343,,,
206,S5_fertilizer_policy,13044413.116826862,50000000,3.8330586092448766,28.289126052703768,,
207,S1_deepen_wells,34513052.90649356,2525000000,73.16072579383224,,,
207,S2_po4_removal,30197487.815484487,151500000,5.016973627929232,63.35100067437893,6.505067167171036,
207,S3_multi_treatment,48876957.67066708,808000000,16.53130715385977,70.62943525537982,87.09060533110396,99.86418511688375
207,S4_seasonal_switch,26011605.804593824,101000000,3.882882154940343,,,
207,S5_fertilizer_policy,6121709.6509049535,50000000,8.167652968090156,13.276014368872582,,
208,S1_deepen_wells,34513052.90649356,2525000000,73.16072579383224,,,
208,S2_po4_removal,32533564.528221205,151500000,4.656729202500435,67.87565252452332,8.153067787366174,
208,S3_multi_treatment,68070442.58246921,808000000,11.870056508316159,94.655345135413,79.91696462439985,96.76344513382911
208,S4_seasonal_switch,26011605.804593824,101000000,3.882882154940343,,,
208,S5_fertilizer_policy,4178639.650418535,50000000,11.965616608025048,9.062122054922506,,
209,S1_deepen_wells,34513052.90649356,2525000000,73.16072579383224,,,
209,S2_po4_removal,29291835.27651354,151500000,5.17208971612216,61.080575348236266,7.4373557461109145,
209,S3_multi_treatment,68088829.32254244,808000000,11.866851112572913,96.96931507916143,80.45619783240343,99.52507559983789
209,S4_seasonal_switch,26011605.804593824,101000000,3.882882154940343,,,
209,S5_fertilizer_policy,15151521.08934106,50000000,3.299998706742024,32.858763836117625,,
210,S1_deepen_wells,34513052.90649356,2525000000,73.16072579383224,,,
210,S2_po4_removal,20861456.757745847,151500000,7.262196583838668,44.38555951607708,2.6055820035534984,
210,S3_multi_treatment,68064151.3230915,808000000,11.871153673312271,93.86359058564831,83.06206285671175,97.25744450573457
210,S4_seasonal_switch,26011605.804593824,101000000,3.882882154940343,,,
210,S5_fertilizer_policy,14784313.376274973,50000000,3.3819629446056765,32.06240870772544,,
211,S1_deepen_wells,34513052.90649356,2525000000,73.16072579383224,,,
211,S2_po4_removal,38490751.47336109,151500000,3.936010449285487,82.82060114881091,1.9884757317156994,
211,S3_multi_treatment,56644407.58450605,808000000,14.264426700810132,94.57839627737411,65.7258361636498,98.63266982832283
211,S4_seasonal_switch,26011605.804593824,101000000,3.882882154940343,,,
211,S5_fertilizer_policy,20059407.133147746,50000000,2.492596100578469,43.50238618248859,,
212,S1_deepen_wells,34513052.90649356,2525000000,73.16072579383224,,,
212,S2_po4_removal,26894649.122264154,151500000,5.633090779927075,54.59793260021021,11.344506571056304,
212,S3_multi_treatment,56664411.02116714,808000000,14.259391131731158,95.18380414115903,70.00183079589571,69.53058616040988
212,S4_seasonal_switch,26011605.804593824,101000000,3.882882154940343,,,
212,S5_fertilizer_policy,6188847.032890499,50000000,8.079049253322314,13.42161370284246,,
213,S1_deepen_wells,34513052.90649356,2525000000,73.16072579383224,,,
213,S2_po4_removal,27329403.546606094,151500000,5.543479927823527,52.81911407516622,19.626913384063123,
213,S3_multi_treatment,68040209.94333407,808000000,11.875330788557628,90.85056962870306,92.04081318462659,97.88425970954343
213,S4_seasonal_switch,26011605.804593824,101000000,3.882882154940343,,,
213,S5_fertilizer_policy,16729916.197236024,50000000,2.988658126587662,36.28179389261074,,
214,S1_deepen_wells,34513052.90649356,2525000000,73.16072579383224,,,
214,S2_po4_removal,36355431.09886895,151500000,4.167190304744132,75.19144644346312,11.112837336460808,
214,S3_multi_treatment,52648979.52595666,808000000,15.346926137507472,84.14289783029926,71.96046689765461,94.51929461754692
214,S4_seasonal_switch,26011605.804593824,101000000,3.882882154940343,,,
214,S5_fertilizer_policy,10290293.517773762,50000000,4.858947892364607,22.316328671629467,,
215,S1_deepen_wells,34513052.90649356,2525000000,73.16072579383224,,,
215,S2_po4_removal,30728308.647360675,151500000,4.930307155483896,61.873145033396185,14.505600219307087,
215,S3_multi_treatment,49533060.62187796,808000000,16.312337454130976,86.0235704146538,45.2121810604709,96.76192667581695
215,S4_seasonal_switch,26011605.804593824,101000000,3.882882154940343,,,
215,S5_fertilizer_policy,9182134.2297877,50000000,5.445357119458714,19.913088487226428,,
216,S1_deepen_wells,34513052.90649356,2525000000,73.16072579383224,,,
216,S2_po4_removal,12254487.270225063,151500000,12.362818342314666,21.86464728148155,14.337423342455324,
216,S3_multi_treatment,56461590.142487116,808000000,14.310613604061132,98.2506045962194,56.386163754168905,83.84464179329018
216,S4_seasonal_switch,26011605.804593824,101000000,3.882882154940343,,,
216,S5_fertilizer_policy,13651151.616664492,50000000,3.662694650535055,29.604946224083832,,
217,S1_deepen_wells,34513052.90649356,2525000000,73.16072579383224,,,
217,S2_po4_removal,22188732.93848636,151500000,6.827789600244511,44.63787061958023,10.597253725464839,
217,S3_multi_treatment,56856272.870410785,808000000,14.211272726962383,90.51406029401193,79.25614679195682,99.781314146567
217,S4_seasonal_switch,26011605.804593824,101000000,3.882882154940343,,,
217,S5_fertilizer_policy,2649471.767675489,50000000,18.871686277248934,5.745849977119107,,
218,S1_deepen_wells,34513052.90649356,2525000000,73.16072579383224,,,
218,S2_po4_removal,37712867.43372314,151500000,4.017196524932696,80.9303606791034,2.6070277397196735,
218,S3_multi_treatment,52987024.591853894,808000000,15.249016268111422,85.85629723376663,71.06542624425309,84.3680516569527
218,S4_seasonal_switch,26011605.804593824,101000000,3.882882154940343,,,
218,S5_fertilizer_policy,15826677.183275916,50000000,3.1592228375539944,34.322959708750375,,
219,S1_deepen_wells,34513052.90649356,2525000000,73.16072579383224,,,
219,S2_po4_removal,32012647.546870455,151500000,4.732504544592426,67.24865462731371,6.623269687419475,
219,S3_multi_treatment,51879856.42569621,808000000,15.574445568430598,89.54333369862746,50.175390143083455,95.85553461519987
219,S4_seasonal_switch,26011605.804593824,101000000,3.882882154940343,,,
219,S5_fertilizer_policy,13041302.497638345,50000000,3.8339728726524456,28.282380122661717,,
220,S1_deepen_wells,34513052.90649356,2525000000,73.16072579383224,,,
220,S2_po4_removal,23583615.382042833,151500000,6.4239514402594935,47.98474542932552,9.61789510710394,
220,S3_multi_treatment,52483469.31325102,808000000,15.395323719501071,81.50275882892925,78.13581739969429,98.24642031533803
220,S4_seasonal_switch,26011605.804593824,101000000,3.882882154940343,,,
220,S5_fertilizer_policy,15050197.202530637,50000000,3.322215604696042,32.639024996166846,,
221,S1_deepen_wells,34513052.90649356,2525000000,73.16072579383224,,,
221,S2_po4_removal,22611668.45342037,151500000,6.700080549654585,41.131774034949515,24.05801723253448,
221,S3_multi_treatment,49489855.39450134,808000000,16.32657831709434,76.26239943910386,79.24256000267931,74.34655022244422
221,S4_seasonal_switch,26011605.804593824,101000000,3.882882154940343,,,
221,S5_fertilizer_policy,11819584.590990856,50000000,4.230267114303754,25.63286790984987,,
222,S1_deepen_wells,34513052.90649356,2525000000,73.16072579383224,,,
222,S2_po4_removal,29279956.35101212,151500000,5.174188041259259,56.74100215487062,20.56490797605746,
222,S3_multi_treatment,50779152.33381069,808000000,15.91204190823018,80.29093874213922,70.95163886261926,96.4190732972706
222,S4_seasonal_switch,26011605.804593824,101000000,3.882882154940343,,,
222,S5_fertilizer_policy,18579730.089982748,50000000,2.6911047554430017,40.293443778066404,,
223,S1_deepen_wells,34513052.90649356,2525000000,73.16072579383224,,,
223,S2_po4_removal,38196259.06250831,151500000,3.966357012922908,80.682847680198,6.55043659160733,
223,S3_multi_treatment,55104716.35344195,808000000,14.662991726833027,93.08635696171145,60.68458059406452,95.81499445248795
223,S4_seasonal_switch,26011605.804593824,101000000,3.882882154940343,,,
223,S5_fertilizer_policy,6904512.131514072,50000000,7.241641269885876,14.973660545054718,,
224,S1_deepen_wells,34513052.90649356,2525000000,73.16072579383224,,,
224,S2_po4_removal,34667748.529291496,151500000,4.370055928841024,73.66399866295559,4.623053074161154,
224,S3_multi_treatment,55507192.08444713,808000000,14.556672201518152,95.70914915151359,54.70064411874193,99.01663071497367
224,S4_seasonal_switch,26011605.804593824,101000000,3.882882154940343,,,
224,S5_fertilizer_policy,4973464.922639795,50000000,10.053353301517046,10.785841789521834,,
225,S1_deepen_wells,34513052.90649356,2525000000,73.16072579383224,,,
225,S2_po4_removal,21427980.781768754,151500000,7.070194879439992,44.91357861555558,4.7375750934552645,
225,S3_multi_treatment,56289478.68886976,808000000,14.354369925258654,89.55132250939488,82.22332214009091,81.4146451087452
225,S4_seasonal_switch,26011605.804593824,101000000,3.882882154940343,,,
225,S5_fertilizer_policy,15835640.28096249,50000000,3.157434692432973,34.342397777600745,,
226,S1_deepen_wells,34513052.90649356,2525000000,73.16072579383224,,,
226,S2_po4_removal,31354980.44549112,151500000,4.831768282023785,65.13378662935615,8.71877934116434,
226,S3_multi_treatment,47500939.19796932,808000000,17.010189980297113,72.65537214927942,75.62597324671405,81.47944347114861
226,S4_seasonal_switch,26011605.804593824,101000000,3.882882154940343,,,
226,S5_fertilizer_policy,9431381.754534297,50000000,5.301450126961688,20.453626001849106,,
227,S1_deepen_wells,34513052.90649356,2525000000,73.16072579383224,,,
227,S2_po4_removal,28794352.788636863,151500000,5.261448351073429,60.20630368862901,6.814705706186272,
227,S3_multi_treatment,51266056.402940944,808000000,15.760915831896288,87.64186444920742,52.835658070655754,91.36038386761925
227,S4_seasonal_switch,26011605.804593824,101000000,3.882882154940343,,,
227,S5_fertilizer_policy,9313941.994718201,50000000,5.36829626256576,20.198937029698186,,
228,S1_deepen_wells,34513052.90649356,2525000000,73.16072579383224,,,
228,S2_po4_removal,37170731.12292726,151500000,4.075787465653409,76.00019950585038,14.032338306619977,
228,S3_multi_treatment,54982666.463341035,808000000,14.695540467080171,83.16725937607625,91.48016185256161,88.93211519709908
228,S4_seasonal_switch,26011605.804593824,101000000,3.882882154940343,,,
228,S5_fertilizer_policy,4159158.9335105345,50000000,12.021661302035781,9.019874661247346,,
229,S1_deepen_wells,34513052.90649356,2525000000,73.16072579383224,,,
229,S2_po4_removal,39645540.99862766,151500000,3.821362912042093,84.75207281307672,3.731876396464208,
229,S3_multi_treatment,57699332.15774928,808000000,14.003628287948597,95.21953118951319,75.41866084265513,75.87237850356682
229,S4_seasonal_switch,26011605.804593824,101000000,3.882882154940343,,,
229,S5_fertilizer_policy,8390328.846231095,50000000,5.959241993531614,18.195917917417688,,
230,S1_deepen_wells,34513052.90649356,2525000000,73.16072579383224,,,
230,S2_po4_removal,33028283.504567795,151500000,4.586977702884488,67.77599887576841,11.721275222635525,
230,S3_multi_treatment,55547067.955533236,808000000,14.546222325304793,94.72112349329181,58.13654964932374,98.2094590915608
230,S4_seasonal_switch,26011605.804593824,101000000,3.882882154940343,,,
230,S5_fertilizer_policy,5939539.958620079,50000000,8.418160387562473,12.88094704450358,,
231,S1_deepen_wells,34513052.90649356,2525000000,73.16072579383224,,,
231,S2_po4_removal,33546748.154896736,151500000,4.516086009304777,69.01455453804478,11.373830259895035,
231,S3_multi_treatment,57615803.41465299,808000000,14.023930104470391,92.92059190252824,79.65867507073565,86.59053520430437
231,S4_seasonal_switch,26011605.804593824,101000000,3.882882154940343,,,
231,S5_fertilizer_policy,5972349.025073469,50000000,8.371915269869032,12.952099330793398,,
232,S1_deepen_wells,34513052.90649356,2525000000,73.16072579383224,,,
232,S2_po4_removal,30945015.83750935,151500000,4.895780334885544,59.8057280977194,22.227229342737637,
232,S3_multi_treatment,52204909.320005305,808000000,15.477471573547366,82.29341615832662,74.71791827556778,94.22811081186026
232,S4_seasonal_switch,26011605.804593824,101000000,3.882882154940343,,,
232,S5_fertilizer_policy,8658215.091600083,50000000,5.774862309497065,18.776876807262465,,
233,S1_deepen_wells,34513052.90649356,2525000000,73.16072579383224,,,
233,S2_po4_removal,22015332.86379897,151500000,6.881567539190827,42.97577742476426,14.510872520021856,
233,S3_multi_treatment,43296970.58041231,808000000,18.661813728961945,64.20761457242983,71.0099709471462,94.0182408023285
233,S4_seasonal_switch,26011605.804593824,101000000,3.882882154940343,,,
233,S5_fertilizer_policy,11064936.606449164,50000000,4.518778713188257,23.996279757594856,,
234,S1_deepen_wells,34513052.90649356,2525000000,73.16072579383224,,,
234,S2_po4_removal,27556447.460459426,151500000,5.497805920642942,54.61290741723753,15.666539848437175,
234,S3_multi_treatment,57603020.94912884,808000000,14.027042101030984,90.43593366489607,85.23125840937152,95.84782087800066
234,S4_seasonal_switch,26011605.804593824,101000000,3.882882154940343,,,
234,S5_fertilizer_policy,2984681.045599647,50000000,16.752208774105238,6.472810817158747,,
235,S1_deepen_wells,34513052.90649356,2525000000,73.16072579383224,,,
235,S2_po4_removal,22531851.606607035,151500000,6.723814919656914,46.49252698244006,7.217712081761469,
235,S3_multi_treatment,68089730.86187042,808000000,11.866693990010644,97.08277374011575,77.83470170136465,88.57755060556602
235,S4_seasonal_switch,26011605.804593824,101000000,3.882882154940343,,,
235,S5_fertilizer_policy,11779243.789105512,50000000,4.244754662964394,25.545381717916115,,
236,S1_deepen_wells,34513052.90649356,2525000000,73.16072579383224,,,
236,S2_po4_removal,24985100.932900667,151500000,6.063613687487773,51.61390320466599,7.823086491146858,
236,S3_multi_treatment,48911956.580510095,808000000,16.51947819077765,82.34998800075654,51.939086683376864,98.47946353082598
236,S4_seasonal_switch,26011605.804593824,101000000,3.882882154940343,,,
236,S5_fertilizer_policy,8188442.247713536,50000000,6.106167508717734,17.758090980884425,,
237,S1_deepen_wells,34513052.90649356,2525000000,73.16072579383224,,,
237,S2_po4_removal,33178921.186464556,151500000,4.566152080369777,70.0726140909509,5.726491549533336,
237,S3_multi_treatment,55144621.03491403,808000000,14.652381045259633,84.61016607512076,86.47967065660649,97.09130745675598
237,S4_seasonal_switch,26011605.804593824,101000000,3.882882154940343,,,
237,S5_fertilizer_policy,7523060.939964399,50000000,6.646230889130165,16.31509346773855,,
238,S1_deepen_wells,34513052.90649356,2525000000,73.16072579383224,,,
238,S2_po4_removal,35001776.72918114,151500000,4.32835170546339,74.4392901951898,4.468181151416782,
238,S3_multi_treatment,42986782.13561543,808000000,18.79647556430039,76.06999543648523,31.96809848885423,98.37317511730419
238,S4_seasonal_switch,26011605.804593824,101000000,3.882882154940343,,,
238,S5_fertilizer_policy,16644526.63546864,50000000,3.003990506612098,36.09661146586692,,
239,S1_deepen_wells,34513052.90649356,2525000000,73.16072579383224,,,
239,S2_po4_removal,29314917.475543298,151500000,5.168017277428554,59.063713179155975,13.727292064450955,
239,S3_multi_treatment,51129786.296421155,808000000,15.802921516543796,84.07227131584774,61.19661183319165,99.15085172268249
239,S4_seasonal_switch,26011605.804593824,101000000,3.882882154940343,,,
239,S5_fertilizer_policy,9650178.699233443,50000000,5.181251203562866,20.928126026733818,,
240,S1_deepen_wells,34513052.90649356,2525000000,73.16072579383224,,,
240,S2_po4_removal,29699726.52963446,151500000,5.101057070301065,61.971120471732135,7.419217038801622,
240,S3_multi_treatment,68084486.26337688,808000000,11.86760809025343,96.42274138893629,74.8141345657224,97.77845117121268
240,S4_seasonal_switch,26011605.804593824,101000000,3.882882154940343,,,
240,S5_fertilizer_policy,19451537.218754604,50000000,2.570490930238226,42.18411233774721,,
241,S1_deepen_wells,34513052.90649356,2525000000,73.16072579383224,,,
241,S2_po4_removal,34985190.22205526,151500000,4.330403780525733,71.31249436119107,13.874008455476844,
241,S3_multi_treatment,55222530.220501706,808000000,14.63170913708016,95.04921416621875,55.58388031638327,95.3529956118803
241,S4_seasonal_switch,26011605.804593824,101000000,3.882882154940343,,,
241,S5_fertilizer_policy,4590234.926798858,50000000,10.89268867440496,9.954739495963187,,
242,S1_deepen_wells,34513052.90649356,2525000000,73.16072579383224,,,
242,S2_po4_removal,20209424.762198664,151500000,7.496502339016487,39.79788504955907,12.263388548508736,
242,S3_multi_treatment,49631136.57018934,808000000,16.280102690320426,82.54183133307119,56.65769071878242,95.77596821281318
242,S4_seasonal_switch,26011605.804593824,101000000,3.882882154940343,,,
242,S5_fertilizer_policy,13743908.47626827,50000000,3.637975331859598,29.80610594434744,,
243,S1_deepen_wells,34513052.90649356,2525000000,73.16072579383224,,,
243,S2_po4_removal,34507443.37680637,151500000,4.390357128045838,69.68459569357738,15.67500164633065,
243,S3_multi_treatment,53748569.374410704,808000000,15.032958261112022,84.07793358592738,81.17987993480206,85.93952913023654
243,S4_seasonal_switch,26011605.804593824,101000000,3.882882154940343,,,
243,S5_fertilizer_policy,5312061.679910794,50000000,9.41254130935461,11.520148980017066,,
244,S1_deepen_wells,34513052.90649356,2525000000,73.16072579383224,,,
244,S2_po4_removal,36494425.16307652,151500000,4.151318984283691,78.40156905045707,2.261275440562253,
244,S3_multi_treatment,45670406.07195158,808000000,17.69198195275588,68.83169946350588,73.05153483120849,91.83254545390832
244,S4_seasonal_switch,26011605.804593824,101000000,3.882882154940343,,,
244,S5_fertilizer_policy,6732577.968190141,50000000,7.426575709369922,14.600790782691636,,
245,S1_deepen_wells,34513052.90649356,2525000000,73.16072579383224,,,
245,S2_po4_removal,39922505.42945166,151500000,3.7948520106715375,84.14239082231366,7.41508105206584,
245,S3_multi_treatment,50030587.332557455,808000000,16.150120218040957,77.5574649652381,74.40498923829335,96.05337891987887
245,S4_seasonal_switch,26011605.804593824,101000000,3.882882154940343,,,
245,S5_fertilizer_policy,10268952.106116205,50000000,4.869045982814538,22.270046030998863,,
246,S1_deepen_wells,34513052.90649356,2525000000,73.16072579383224,,,
246,S2_po4_removal,32157557.955108732,151500000,4.711178635252428,66.57236872011046,9.637656059185801,
246,S3_multi_treatment,51429392.36900588,808000000,15.710860322879185,93.34537424109423,37.097822079134936,88.73124241940818
246,S4_seasonal_switch,26011605.804593824,101000000,3.882882154940343,,,
246,S5_fertilizer_policy,8788883.591027044,50000000,5.689004693502505,19.0602546501981,,
247,S1_deepen_wells,34513052.90649356,2525000000,73.16072579383224,,,
247,S2_po4_removal,25711684.702074885,151500000,5.892262671833955,52.351141750814236,10.374724741116669,
247,S3_multi_treatment,48135420.37163717,808000000,16.785975769229964,69.910676150696,85.65429945233039,93.68892995810452
247,S4_seasonal_switch,26011605.804593824,101000000,3.882882154940343,,,
247,S5_fertilizer_policy,2744978.569933735,50000000,18.215078451853643,5.9529734363178495,,
248,S1_deepen_wells,34513052.90649356,2525000000,73.16072579383224,,,
248,S2_po4_removal,36695155.4064523,151500000,4.128610393440682,78.46979816967746,3.3783835319920685,
248,S3_multi_treatment,53082804.51151292,808000000,15.221501716714235,89.29676586260972,58.098060449563384,99.58253182532191
248,S4_seasonal_switch,26011605.804593824,101000000,3.882882154940343,,,
248,S5_fertilizer_policy,10284872.614029258,50000000,4.861508924456355,22.304572479306035,,
249,S1_deepen_wells,34513052.90649356,2525000000,73.16072579383224,,,
249,S2_po4_removal,22232085.519158304,151500000,6.814475406252203,41.58104272589049,20.185732433749077,
249,S3_multi_treatment,48478605.76121862,808000000,16.667145997964628,74.45731211739106,77.22789958469052,78.40078559510371
249,S4_seasonal_switch,26011605.804593824,101000000,3.882882154940343,,,
249,S5_fertilizer_policy,12704223.815367691,50000000,3.9356989239686877,27.551365147359093,,
250,S1_deepen_wells,34513052.90649356,2525000000,73.16072579383224,,,
250,S2_po4_removal,36132579.46691264,151500000,4.192891906284513,72.22357275165807,18.673774433521615,
250,S3_multi_treatment,53784024.92028116,808000000,15.023048222917865,91.17639871111834,59.16250221594489,89.09807148924274
250,S4_seasonal_switch,26011605.804593824,101000000,3.882882154940343,,,
250,S5_fertilizer_policy,7540184.8473670855,50000000,6.631137168667585,16.352229701518596,,
251,S1_deepen_wells,34513052.90649356,2525000000,73.16072579383224,,,
251,S2_po4_removal,36643041.83633272,151500000,4.134482084666426,75.17565797963985,13.058999517966976,
251,S3_multi_treatment,48998155.203653,808000000,16.490416764502196,73.59142050146397,80.60544982995962,91.46004653883519
251,S4_seasonal_switch,26011605.804593824,101000000,3.882882154940343,,,
251,S5_fertilizer_policy,10781589.698713228,50000000,4.637535038637897,23.38179167616128,,
252,S1_deepen_wells,34513052.90649356,2525000000,73.16072579383224,,,
252,S2_po4_removal,27831680.512053005,151500000,5.443437018989573,56.90047866760942,10.521557774426913,
252,S3_multi_treatment,53908343.17146368,808000000,14.988403509824687,94.8428345002971,51.87638901088305,74.26619300520694
252,S4_seasonal_switch,26011605.804593824,101000000,3.882882154940343,,,
252,S5_fertilizer_policy,14804084.025421202,50000000,3.3774463799409173,32.10528487094046,,
253,S1_deepen_wells,34513052.90649356,2525000000,73.16072579383224,,,
253,S2_po4_removal,21081607.40624427,151500000,7.186359041821755,41.596994689356364,12.544493824021865,
253,S3_multi_treatment,52383339.09387194,808000000,15.424751724055783,81.73096635345237,80.16264941031515,81.80448693954008
253,S4_seasonal_switch,26011605.804593824,101000000,3.882882154940343,,,
253,S5_fertilizer_policy,16380043.78746923,50000000,3.052494892489244,35.52303344753647,,
254,S1_deepen_wells,34513052.90649356,2525000000,73.16072579383224,,,
254,S2_po4_removal,25487577.89934393,151500000,5.944072073003835,53.60068937419468,5.093155654984733,
254,S3_multi_treatment,44413716.491192214,808000000,18.192577965418327,73.48620243510197,54.00397491426957,75.2530672780571
254,S4_seasonal_switch,26011605.804593824,101000000,3.882882154940343,,,
254,S5_fertilizer_policy,10997733.142313711,50000000,4.546391456583476,23.850537112749144,,
255,S1_deepen_wells,34513052.90649356,2525000000,73.16072579383224,,,
255,S2_po4_removal,20788382.585483417,151500000,7.287724255459531,41.76110483327872,10.109916634831267,
255,S3_multi_treatment,49784027.461578436,808000000,16.230105140119207,89.88440617777506,37.67216770262639,84.35173408173297
255,S4_seasonal_switch,26011605.804593824,101000000,3.882882154940343,,,
255,S5_fertilizer_policy,8459334.799262077,50000000,5.910630231157371,18.345569579489172,,
256,S1_deepen_wells,34513052.90649356,2525000000,73.16072579383224,,,
256,S2_po4_removal,17101591.56919577,151500000,8.858824594600264,35.496929275581046,4.8413649596598605,
256,S3_multi_treatment,50122270.994047925,808000000,16.120578417046403,73.78523096858326,88.02129126128389,88.60677222112736
256,S4_seasonal_switch,26011605.804593824,101000000,3.882882154940343,,,
256,S5_fertilizer_policy,11958114.55560495,50000000,4.181261165169574,25.933294735951318,,
257,S1_deepen_wells,34513052.90649356,2525000000,73.16072579383224,,,
257,S2_po4_removal,36385873.3023034,151500000,4.163703829266324,76.88214836689473,6.168693387762631,
257,S3_multi_treatment,49379892.13278629,808000000,16.362935703205395,81.68900590881596,57.31674803238101,97.127936823643
257,S4_seasonal_switch,26011605.804593824,101000000,3.882882154940343,,,
257,S5_fertilizer_policy,9989672.101020224,50000000,5.005169288278601,21.66437775007263,,
258,S1_deepen_wells,34513052.90649356,2525000000,73.16072579383224,,,
258,S2_po4_removal,35485629.977942996,151500000,4.269333814678469,73.97052077204998,9.087951784827096,
258,S3_multi_treatment,68085773.68847455,808000000,11.867383687185402,96.58476374684034,88.36120415204488,90.19042034306568
258,S4_seasonal_switch,26011605.804593824,101000000,3.882882154940343,,,
258,S5_fertilizer_policy,16636136.947988875,50000000,3.0055054341233016,36.07841693886662,,
259,S1_deepen_wells,34513052.90649356,2525000000,73.16072579383224,,,
259,S2_po4_removal,38190097.00460908,151500000,3.9669969935325327,79.11052203358369,11.294583652363466,
259,S3_multi_treatment,68103538.81727405,808000000,11.864288024267188,98.8205039555509,90.05864569375129,99.35772067134263
259,S4_seasonal_switch,26011605.804593824,101000000,3.882882154940343,,,
259,S5_fertilizer_policy,9258411.528909668,50000000,5.400494441608423,20.078509354420333,,
260,S1_deepen_wells,34513052.90649356,2525000000,73.16072579383224,,,
260,S2_po4_removal,31781629.600784816,151500000,4.766904715177313,67.42444185695781,4.563697881643005,
260,S3_multi_treatment,68076242.514779,808000000,11.869045208019337,95.3852662082711,87.20571440543094,97.86179166631658
260,S4_seasonal_switch,26011605.804593824,101000000,3.882882154940343,,,
260,S5_fertilizer_policy,11072362.055685252,50000000,4.515748288264005,24.012383162750485,,
261,S1_deepen_wells,34513052.90649356,2525000000,73.16072579383224,,,
261,S2_po4_removal,34576454.83789113,151500000,4.381594374272762,74.26725594715717,2.1847521998944246,
261,S3_multi_treatment,56600422.83945218,808000000,14.275511727039607,92.56371736997299,76.23972130728862,75.91420478346788
261,S4_seasonal_switch,26011605.804593824,101000000,3.882882154940343,,,
261,S5_fertilizer_policy,6916632.9767507985,50000000,7.228950873650132,14.99994675016763,,
262,S1_deepen_wells,34513052.90649356,2525000000,73.16072579383224,,,
262,S2_po4_removal,38483459.31926675,151500000,3.9367562760697945,79.42615905404021,12.270128292444637,
262,S3_multi_treatment,51877143.93806009,808000000,15.5752599056866,93.9749836546453,39.155126400457796,83.7807728358446
262,S4_seasonal_switch,26011605.804593824,101000000,3.882882154940343,,,
262,S5_fertilizer_policy,13323972.672244988,50000000,3.7526345355056465,28.895400588141435,,
263,S1_deepen_wells,34513052.90649356,2525000000,73.16072579383224,,,
263,S2_po4_removal,31222910.28500939,151500000,4.852206236288534,65.30990956791427,7.3112016553103825,
263,S3_multi_treatment,48498535.03415861,808000000,16.66029704672332,78.35054541288741,64.99936212627728,80.89173829826457
263,S4_seasonal_switch,26011605.804593824,101000000,3.882882154940343,,,
263,S5_fertilizer_policy,5165298.923396483,50000000,9.679981883240574,11.20186788283839,,
264,S1_deepen_wells,34513052.90649356,2525000000,73.16072579383224,,,
264,S2_po4_removal,28072799.524482496,151500000,5.3966830015608425,56.168654658445924,14.339892847857271,
264,S3_multi_treatment,41245317.94618605,808000000,19.59010234941626,58.756591445475834,77.06159930034099,79.4171234701969
264,S4_seasonal_switch,26011605.804593824,101000000,3.882882154940343,,,
264,S5_fertilizer_policy,4287024.117778026,50000000,11.663102102144252,9.29717301749373,,
265,S1_deepen_wells,34513052.90649356,2525000000,73.16072579383224,,,
265,S2_po4_removal,15793130.145634957,151500000,9.592778543769102,33.41560439934637,2.539816332369697,
265,S3_multi_treatment,52550781.796036616,808000000,15.375603794745818,87.61952134211711,59.92529341839457,98.44363425299849
265,S4_seasonal_switch,26011605.804593824,101000000,3.882882154940343,,,
265,S5_fertilizer_policy,3014944.4334710613,50000000,16.584053571573037,6.538442347424514,,
266,S1_deepen_wells,34513052.90649356,2525000000,73.16072579383224,,,
266,S2_po4_removal,29260623.91885709,151500000,5.177606616322539,62.063735100590634,4.239476082286525,
266,S3_multi_treatment,68078543.30196612,808000000,11.868644080941504,95.67482011378998,78.77388675183961,99.96903354441548
266,S4_seasonal_switch,26011605.804593824,101000000,3.882882154940343,,,
266,S5_fertilizer_policy,11775723.7785756,50000000,4.24602350905755,25.537747950057337,,
267,S1_deepen_wells,34513052.90649356,2525000000,73.16072579383224,,,
267,S2_po4_removal,35970281.34863095,151500000,4.211810258908808,73.73164996294105,13.013374995908764,
267,S3_multi_treatment,55608021.97135467,808000000,14.530277671380302,94.24850269231668,59.70020652100414,99.55543599738891
267,S4_seasonal_switch,26011605.804593824,101000000,3.882882154940343,,,
267,S5_fertilizer_policy,13221597.166815646,50000000,3.781691377309013,28.673381126486714,,
268,S1_deepen_wells,34513052.90649356,2525000000,73.16072579383224,,,
268,S2_po4_removal,39958471.11542022,151500000,3.7914363530674526,84.81799626742556,5.596475158631672,
268,S3_multi_treatment,47216006.306516744,808000000,17.112840818315462,79.85403682486543,51.257680260456816,84.30526124563875
268,S4_seasonal_switch,26011605.804593824,101000000,3.882882154940343,,,
268,S5_fertilizer_policy,8478302.791200586,50000000,5.897406737099992,18.386705038026825,,
269,S1_deepen_wells,34513052.90649356,2525000000,73.16072579383224,,,
269,S2_po4_removal,41596651.29746782,151500000,3.642120105211991,89.4326956173385,2.364610809983724,
269,S3_multi_treatment,50706673.10794426,808000000,15.934786300807614,74.09411088238994,89.34739667399714,96.34008033813332
269,S4_seasonal_switch,26011605.804593824,101000000,3.882882154940343,,,
269,S5_fertilizer_policy,4846791.117691293,50000000,10.316103744907592,10.511127150873877,,
270,S1_deepen_wells,34513052.90649356,2525000000,73.16072579383224,,,
270,S2_po4_removal,33068502.54784085,151500000,4.581398863792577,67.74444883671296,12.082716118472945,
270,S3_multi_treatment,56287387.44167361,808000000,14.35490323364661,97.51862253198547,56.14847190402452,90.24009903995903
270,S4_seasonal_switch,26011605.804593824,101000000,3.882882154940343,,,
270,S5_fertilizer_policy,8670415.118409015,50000000,5.76673657687278,18.803334731674557,,
271,S1_deepen_wells,34513052.90649356,2525000000,73.16072579383224,,,
271,S2_po4_removal,29348719.162385985,151500000,5.162065136872004,61.843883514074115,5.489909534995217,
271,S3_multi_treatment,51928884.013411805,808000000,15.55974127599807,84.85424356982453,64.23542054083799,98.44721537543208
271,S4_seasonal_switch,26011605.804593824,101000000,3.882882154940343,,,
271,S5_fertilizer_policy,15835157.340339959,50000000,3.15753098787502,34.34135043510829,,
272,S1_deepen_wells,34513052.90649356,2525000000,73.16072579383224,,,
272,S2_po4_removal,34195454.78735912,151500000,4.430413367568497,72.6375926287448,4.629605551032786,
272,S3_multi_treatment,55598512.64620781,808000000,14.532762866186332,94.4725129626311,62.35637710094838,83.02354610104453
272,S4_seasonal_switch,26011605.804593824,101000000,3.882882154940343,,,
272,S5_fertilizer_policy,16512216.42342779,50000000,3.0280610862790787,35.80967327762029,,
273,S1_deepen_wells,34513052.90649356,2525000000,73.16072579383224,,,
273,S2_po4_removal,32942726.832756653,151500000,4.598890698063153,70.4217819017548,3.105135362711316,
273,S3_multi_treatment,57379081.718284145,808000000,14.081786877786971,91.09387492955284,81.3503893680286,97.79603593977146
273,S4_seasonal_switch,26011605.804593824,101000000,3.882882154940343,,,
273,S5_fertilizer_policy,11125284.70528087,50000000,4.494267007501063,24.127155325518153,,
274,S1_deepen_wells,34513052.90649356,2525000000,73.16072579383224,,,
274,S2_po4_removal,27165653.08425743,151500000,5.5768951893078045,56.87555388521838,6.201893383093869,
274,S3_multi_treatment,50370291.90330459,808000000,16.04120145960461,93.96223412202843,26.051755079898264,99.32543547755253
274,S4_seasonal_switch,26011605.804593824,101000000,3.882882154940343,,,
274,S5_fertilizer_policy,8680166.82673379,50000000,5.760257953338693,18.824483042722147,,
275,S1_deepen_wells,34513052.90649356,2525000000,73.16072579383224,,,
275,S2_po4_removal,31354986.534622565,151500000,4.8317673436954545,67.35897430089555,1.9472518608734626,
275,S3_multi_treatment,53971530.896719486,808000000,14.9708556821595,91.89946357752322,60.177992069088184,79.48014157507097
275,S4_seasonal_switch,26011605.804593824,101000000,3.882882154940343,,,
275,S5_fertilizer_policy,5852699.455971606,50000000,8.543066387764739,12.692617994825317,,
276,S1_deepen_wells,34513052.90649356,2525000000,73.16072579383224,,,
276,S2_po4_removal,30484335.73166258,151500000,4.96976549968397,63.72504397810251,7.25988062720553,
276,S3_multi_treatment,37656352.72464417,808000000,21.457202876453966,49.32798454481362,80.55154918741587,86.79157677846275
276,S4_seasonal_switch,26011605.804593824,101000000,3.882882154940343,,,
276,S5_fertilizer_policy,9728352.707081698,50000000,5.139616285047189,21.09766024358647,,
277,S1_deepen_wells,34513052.90649356,2525000000,73.16072579383224,,,
277,S2_po4_removal,36263230.52433574,151500000,4.177785536738942,76.66056364873977,6.033614524024841,
277,S3_multi_treatment,54803118.48218671,808000000,14.743686534236797,82.82340629792844,91.64572787510656,87.45367638586002
277,S4_seasonal_switch,26011605.804593824,101000000,3.882882154940343,,,
277,S5_fertilizer_policy,5792878.403642938,50000000,8.631287680500382,12.562885420827913,,
278,S1_deepen_wells,34513052.90649356,2525000000,73.16072579383224,,,
278,S2_po4_removal,24894297.132678397,151500000,6.085731169374052,53.375520979704035,1.8629603237538581,
278,S3_multi_treatment,68103982.27339183,808000000,11.86421077047186,98.87631287675397,85.98114375982493,92.2439508715307
278,S4_seasonal_switch,26011605.804593824,101000000,3.882882154940343,,,
278,S5_fertilizer_policy,4983211.702823818,50000000,10.033689712934871,10.80697941302122,,
279,S1_deepen_wells,34513052.90649356,2525000000,73.16072579383224,,,
279,S2_po4_removal,25396469.973965853,151500000,5.965395984375151,52.93555752383078,6.515972204673709,
279,S3_multi_treatment,43064581.86688119,808000000,18.762518175554195,68.53545012319205,59.898637732129856,76.55322764430775
279,S4_seasonal_switch,26011605.804593824,101000000,3.882882154940343,,,
279,S5_fertilizer_policy,10053101.246302962,50000000,4.973589619261772,21.801935114305767,,
280,S1_deepen_wells,34513052.90649356,2525000000,73.16072579383224,,,
280,S2_po4_removal,26810352.094124727,151500000,5.650802326956385,53.992603202695236,12.630284806382111,
280,S3_multi_treatment,46783086.16214263,808000000,17.271199193648798,71.88066651042824,72.6516443161011,84.36872553090878
280,S4_seasonal_switch,26011605.804593824,101000000,3.882882154940343,,,
280,S5_fertilizer_policy,8014428.3334873095,50000000,6.238748157629797,17.38071090940231,,
281,S1_deepen_wells,34513052.90649356,2525000000,73.16072579383224,,,
281,S2_po4_removal,25544715.501971163,151500000,5.930776562702743,53.698064662040004,5.173913860374145,
281,S3_multi_treatment,56094099.40029116,808000000,14.404367101681395,84.28550988857675,94.34920952603967,94.09965014718051
281,S4_seasonal_switch,26011605.804593824,101000000,3.882882154940343,,,
281,S5_fertilizer_policy,11221652.567100652,50000000,4.455671720454855,24.33614614526862,,
282,S1_deepen_wells,34513052.90649356,2525000000,73.16072579383224,,,
282,S2_po4_removal,31815584.26578103,151500000,4.761817313628418,65.97614818114073,9.195152024231271,
282,S3_multi_treatment,53534082.00040777,808000000,15.093188671729637,85.34258128514146,73.52587234474733,97.55820289281971
282,S4_seasonal_switch,26011605.804593824,101000000,3.882882154940343,,,
282,S5_fertilizer_policy,4050010.060114585,50000000,12.34564834601556,8.78316594845549,,
283,S1_deepen_wells,34513052.90649356,2525000000,73.16072579383224,,,
283,S2_po4_removal,35545470.17147349,151500000,4.262146463927889,76.70824756187338,1.1515748059337862,
283,S3_multi_treatment,32676494.65318232,808000000,24.727254516613517,56.25598578994351,24.478023205444966,97.12478316434023
283,S4_seasonal_switch,26011605.804593824,101000000,3.882882154940343,,,
283,S5_fertilizer_policy,5973389.769199662,50000000,8.37045663047352,12.954356369229018,,
284,S1_deepen_wells,34513052.90649356,2525000000,73.16072579383224,,,
284,S2_po4_removal,34452646.34731698,151500000,4.397340003224401,73.23245073848025,4.51672757849532,
284,S3_multi_treatment,68063031.87098612,808000000,11.871348921563893,93.72270761699781,94.25169779916044,88.85158315225979
284,S4_seasonal_switch,26011605.804593824,101000000,3.882882154940343,,,
284,S5_fertilizer_policy,9868615.428803757,50000000,5.066566871586042,21.40184486115063,,
285,S1_deepen_wells,34513052.90649356,2525000000,73.16072579383224,,,
285,S2_po4_removal,26863126.984298684,151500000,5.639700846761091,56.15823198315919,6.388256578269809,
285,S3_multi_treatment,47217334.55487233,808000000,17.11235942513877,76.2516754880722,60.8826181399815,90.85036852143614
285,S4_seasonal_switch,26011605.804593824,101000000,3.882882154940343,,,
285,S5_fertilizer_policy,7867820.223290503,50000000,6.355000315333699,17.062765190222706,,
286,S1_deepen_wells,34513052.90649356,2525000000,73.16072579383224,,,
286,S2_po4_removal,36406565.30431059,151500000,4.161337350383398,72.49267281162794,19.663060785237143,
286,S3_multi_treatment,51508058.9078691,808000000,15.68686565038774,75.93081599360112,89.7308005378546,93.01516548184323
286,S4_seasonal_switch,26011605.804593824,101000000,3.882882154940343,,,
286,S5_fertilizer_policy,4607979.653613947,50000000,10.850742355337005,9.993222086873727,,
287,S1_deepen_wells,34513052.90649356,2525000000,73.16072579383224,,,
287,S2_po4_removal,12529136.8163208,151500000,12.091814641424612,25.10914087013238,6.276537397280283,
287,S3_multi_treatment,51648972.37326236,808000000,15.644067304198398,74.75924907550436,93.33985231999539,97.32320809056284
287,S4_seasonal_switch,26011605.804593824,101000000,3.882882154940343,,,
287,S5_fertilizer_policy,5271548.282625243,50000000,9.484879454637165,11.432288484311375,,
288,S1_deepen_wells,34513052.90649356,2525000000,73.16072579383224,,,
288,S2_po4_removal,29964037.676766805,151500000,5.056060923240277,63.101474202173044,5.723734925336957,
288,S3_multi_treatment,48203925.58513114,808000000,16.76212030850105,73.59750935054056,74.23265785114623,96.86919044573592
288,S4_seasonal_switch,26011605.804593824,101000000,3.882882154940343,,,
288,S5_fertilizer_policy,12968763.026371464,50000000,3.8554178141991637,28.125065398872568,,
289,S1_deepen_wells,34513052.90649356,2525000000,73.16072579383224,,,
289,S2_po4_removal,22483220.163948677,151500000,6.738358602337878,46.8654199003158,5.76199701059512,
289,S3_multi_treatment,51020426.01033385,808000000,15.836794460249017,72.8470082831,94.48773656804785,99.86664297640384
289,S4_seasonal_switch,26011605.804593824,101000000,3.882882154940343,,,
289,S5_fertilizer_policy,6601561.21870026,50000000,7.573965967075313,14.316657697658192,,
290,S1_deepen_wells,34513052.90649356,2525000000,73.16072579383224,,,
290,S2_po4_removal,44360987.977012224,151500000,3.4151628921904758,92.18980911153804,12.217830241412988,
290,S3_multi_treatment,68068648.93889631,808000000,11.870369290351617,94.42961521804119,87.19921122378611,96.4332785749078
290,S4_seasonal_switch,26011605.804593824,101000000,3.882882154940343,,,
290,S5_fertilizer_policy,8597991.551054597,50000000,5.815311599587138,18.646271366099832,,
291,S1_deepen_wells,34513052.90649356,2525000000,73.16072579383224,,,
291,S2_po4_removal,19661978.643159196,151500000,7.705226556774333,41.72980253256189,2.7713594580717875,
291,S3_multi_treatment,49441979.27199349,808000000,16.342387823007183,72.94977265564027,85.3558183139629,92.09844749749917
291,S4_seasonal_switch,26011605.804593824,101000000,3.882882154940343,,,
291,S5_fertilizer_policy,9056973.526598975,50000000,5.52060794405079,19.641655278415882,,
292,S1_deepen_wells,34513052.90649356,2525000000,73.16072579383224,,,
292,S2_po4_removal,30584202.841456853,151500000,4.953537641159047,63.23040226152731,9.424229757701474,
292,S3_multi_treatment,46158696.55228983,808000000,17.5048270499726,73.3997068062608,62.71952052062855,90.1477167339343
292,S4_seasonal_switch,26011605.804593824,101000000,3.882882154940343,,,
292,S5_fertilizer_policy,15669201.321534187,50000000,3.190973105392742,33.98144534063186,,
293,S1_deepen_wells,34513052.90649356,2525000000,73.16072579383224,,,
293,S2_po4_removal,34872963.123178005,151500000,4.344339752973468,67.9338573522236,23.41503527414214,
293,S3_multi_treatment,48125275.30949162,808000000,16.78951434155516,82.50406551828937,46.17015687161521,99.00580329142782
293,S4_seasonal_switch,26011605.804593824,101000000,3.882882154940343,,,
293,S5_fertilizer_policy,15742471.615687825,50000000,3.176121337272958,34.140344983618256,,
294,S1_deepen_wells,34513052.90649356,2525000000,73.16072579383224,,,
294,S2_po4_removal,25474209.750425465,151500000,5.947191354874891,51.47358519082197,11.47801666625454,
294,S3_multi_treatment,51484659.82295361,808000000,15.693995119683516,75.56504288557268,89.93043566202228,96.70518762311588
294,S4_seasonal_switch,26011605.804593824,101000000,3.882882154940343,,,
294,S5_fertilizer_policy,9013796.435969323,50000000,5.547052272056676,19.548018090719378,,
295,S1_deepen_wells,34513052.90649356,2525000000,73.16072579383224,,,
295,S2_po4_removal,20234231.073705316,151500000,7.487311944207087,41.48679018207616,7.287517866150636,
295,S3_multi_treatment,51585961.977171466,808000000,15.663175969415233,86.10041465696574,58.00252940699933,99.30994590631016
295,S4_seasonal_switch,26011605.804593824,101000000,3.882882154940343,,,
295,S5_fertilizer_policy,11815517.65040104,50000000,4.231723186355945,25.624048027041507,,
296,S1_deepen_wells,34513052.90649356,2525000000,73.16072579383224,,,
296,S2_po4_removal,22724074.155369967,151500000,6.666938285985076,48.16025520785794,3.4111658603171295,
296,S3_multi_treatment,40431141.94472123,808000000,19.9845950704218,64.75162486456543,52.587634959049424,83.58325062247168
296,S4_seasonal_switch,26011605.804593824,101000000,3.882882154940343,,,
296,S5_fertilizer_policy,2321977.909345567,50000000,21.533365928572568,5.035621394444877,,
297,S1_deepen_wells,34513052.90649356,2525000000,73.16072579383224,,,
297,S2_po4_removal,31429278.458779544,151500000,4.820346104944689,63.135732387526566,15.289484267633666,
297,S3_multi_treatment,55800577.80748104,808000000,14.480136796928893,88.35195974759921,79.47909152874449,96.81329228404265
297,S4_seasonal_switch,26011605.804593824,101000000,3.882882154940343,,,
297,S5_fertilizer_policy,10743865.897558548,50000000,4.653818325428101,23.299980914995228,,
298,S1_deepen_wells,34513052.90649356,2525000000,73.16072579383224,,,
298,S2_po4_removal,12852196.068602733,151500000,11.787868718413568,25.7844032206169,6.3536780724106166,
298,S3_multi_treatment,49953959.1188491,808000000,16.17489412756311,77.00632090072249,74.96284572249472,99.03654126019771
298,S4_seasonal_switch,26011605.804593824,101000000,3.882882154940343,,,
298,S5_fertilizer_policy,7045119.251080692,50000000,7.097111946306687,15.278592050497162,,
299,S1_deepen_wells,34513052.90649356,2525000000,73.16072579383224,,,
299,S2_po4_removal,30498274.111123115,151500000,4.9674942079671975,61.60227998452174,13.811745957634214,
299,S3_multi_treatment,55876939.143091284,808000000,14.46034826515551,87.8617536886726,81.30979555491092,97.6155158089321
299,S4_seasonal_switch,26011605.804593824,101000000,3.882882154940343,,,
299,S5_fertilizer_policy,2433879.702294819,50000000,20.543332504419496,5.278300302105421,,
300,S1_deepen_wells,34513052.90649356,2525000000,73.16072579383224,,,
300,S2_po4_removal,23079823.705517545,151500000,6.564174923215807,49.00975068771688,3.173832807731981,
300,S3_multi_treatment,54995816.67781354,808000000,14.692026572376806,93.25832448946268,58.741602351967494,99.22267097768439
300,S4_seasonal_switch,26011605.804593824,101000000,3.882882154940343,,,
300,S5_fertilizer_policy,6197767.124702834,50000000,8.067421539720625,13.44095850581833,,
301,S1_deepen_wells,34513052.90649356,2525000000,73.16072579383224,,,
301,S2_po4_removal,31389007.200228736,151500000,4.826530480355428,65.19601601398003,8.753969275136685,
301,S3_multi_treatment,46806385.040835254,808000000,17.262602085059065,77.26028058757203,56.81296711580111,82.528662085256
301,S4_seasonal_switch,26011605.804593824,101000000,3.882882154940343,,,
301,S5_fertilizer_policy,14006850.501163132,50000000,3.569681849309949,30.37634241418209,,
302,S1_deepen_wells,34513052.90649356,2525000000,73.16072579383224,,,
302,S2_po4_removal,21313022.03542965,151500000,7.10833028503205,42.28387052283888,11.981475207090355,
302,S3_multi_treatment,48804161.79603672,808000000,16.555965111680617,81.39984063516361,59.81608564948142,70.78407303639513
302,S4_seasonal_switch,26011605.804593824,101000000,3.882882154940343,,,
302,S5_fertilizer_policy,16632684.86359357,50000000,3.0061292214729822,36.070930480891924,,
303,S1_deepen_wells,34513052.90649356,2525000000,73.16072579383224,,,
303,S2_po4_removal,28163099.860468626,151500000,5.379379427356797,50.60819974450038,31.857106770433298,
303,S3_multi_treatment,50456986.943609044,808000000,16.013639516426625,76.29997378751446,81.41106514752028,94.27758674189323
303,S4_seasonal_switch,26011605.804593824,101000000,3.882882154940343,,,
303,S5_fertilizer_policy,9988090.848590575,50000000,5.005961675554396,21.66094852340659,,
304,S1_deepen_wells,34513052.90649356,2525000000,73.16072579383224,,,
304,S2_po4_removal,39846988.65063894,151500000,3.802043896674002,84.18609473224268,6.783703262057605,
304,S3_multi_treatment,38156224.80695863,808000000,21.176099157814043,48.25985076807098,86.04976329063004,91.90204042954299
304,S4_seasonal_switch,26011605.804593824,101000000,3.882882154940343,,,
304,S5_fertilizer_policy,6178912.645726174,50000000,8.09203865903234,13.400069220294203,,
305,S1_deepen_wells,34513052.90649356,2525000000,73.16072579383224,,,
305,S2_po4_removal,26152981.67964948,151500000,5.79283853197845,52.67318857543759,12.307072909725916,
305,S3_multi_treatment,50682589.764090806,808000000,15.942358189685034,79.33967329735552,77.0672249198069,77.66357501572595
305,S4_seasonal_switch,26011605.804593824,101000000,3.882882154940343,,,
305,S5_fertilizer_policy,15474897.037389375,50000000,3.231039268254481,33.560061999156545,,
306,S1_deepen_wells,34513052.90649356,2525000000,73.16072579383224,,,
306,S2_po4_removal,33863704.55009977,151500000,4.473816495057793,70.69446844689669,8.353394640858944,
306,S3_multi_treatment,68070453.64725004,808000000,11.870054578850924,94.65673763730129,91.50056096265568,94.38408897547727
306,S4_seasonal_switch,26011605.804593824,101000000,3.882882154940343,,,
306,S5_fertilizer_policy,2529099.0351501256,50000000,19.769886155143006,5.484800332859885,,
307,S1_deepen_wells,34513052.90649356,2525000000,73.16072579383224,,,
307,S2_po4_removal,31834438.546798356,151500000,4.758997077246604,64.61517975174762,13.461206339175066,
307,S3_multi_treatment,57996094.187755756,808000000,13.931972683956818,93.45494440766103,80.28787399249867,87.82755424398931
307,S4_seasonal_switch,26011605.804593824,101000000,3.882882154940343,,,
307,S5_fertilizer_policy,6090456.826278821,50000000,8.209564803786527,13.208237069316557,,
308,S1_deepen_wells,34513052.90649356,2525000000,73.16072579383224,,,
308,S2_po4_removal,35420873.00713452,151500000,4.277139074733835,74.38846773080836,7.388708732772526,
308,S3_multi_treatment,68088326.06366299,808000000,11.866938823617359,96.90597998461315,79.03494328828754,92.81628623179567
308,S4_seasonal_switch,26011605.804593824,101000000,3.882882154940343,,,
308,S5_fertilizer_policy,7515234.866364598,50000000,6.653152015751556,16.29812123751406,,
309,S1_deepen_wells,34513052.90649356,2525000000,73.16072579383224,,,
309,S2_po4_removal,29671350.154912047,151500000,5.105935497003982,60.42446154845782,11.938650962686397,
309,S3_multi_treatment,52802288.79563616,808000000,15.30236696987228,79.31707794671,87.86313550107235,93.5216248089914
309,S4_seasonal_switch,26011605.804593824,101000000,3.882882154940343,,,
309,S5_fertilizer_policy,3730204.8429044336,50000000,13.404089615912008,8.089611549269872,,
310,S1_deepen_wells,34513052.90649356,2525000000,73.16072579383224,,,
310,S2_po4_removal,20185457.060407594,151500000,7.505403496518143,40.6354708651027,9.556316638324832,
310,S3_multi_treatment,41622305.5990203,808000000,19.412668000280565,58.262248225724576,77.61800468967351,96.12060213120982
310,S4_seasonal_switch,26011605.804593824,101000000,3.882882154940343,,,
310,S5_fertilizer_policy,6020169.994839177,50000000,8.305413309402022,13.055807594978925,,
311,S1_deepen_wells,34513052.90649356,2525000000,73.16072579383224,,,
311,S2_po4_removal,18717979.94920571,151500000,8.093822111740687,36.06289467242809,13.786565988511784,
311,S3_multi_treatment,68097417.41395819,808000000,11.865354527150997,98.05012577921077,75.55967647519348,77.32937807830622
311,S4_seasonal_switch,26011605.804593824,101000000,3.882882154940343,,,
311,S5_fertilizer_policy,17820171.67211528,50000000,2.8058091089121886,38.64620647923175,,
312,S1_deepen_wells,34513052.90649356,2525000000,73.16072579383224,,,
312,S2_po4_removal,32316630.488789037,151500000,4.6879887447596635,69.8654151725668,0.6662547693552962,
312,S3_multi_treatment,54213840.722528026,808000000,14.903943148677227,88.52126067324873,69.09994876735479,93.85806260078414
312,S4_seasonal_switch,26011605.804593824,101000000,3.882882154940343,,,
312,S5_fertilizer_policy,12929251.579951055,50000000,3.8671998677427917,28.039377811527643,,
313,S1_deepen_wells,34513052.90649356,2525000000,73.16072579383224,,,
313,S2_po4_removal,19765337.239568584,151500000,7.664933725325437,40.82262928223807,6.214144076769954,
313,S3_multi_treatment,40523876.01999967,808000000,19.938862699146284,57.53226824521971,72.82085788090919,94.99949047722586
313,S4_seasonal_switch,26011605.804593824,101000000,3.882882154940343,,,
313,S5_fertilizer_policy,10612908.984280385,50000000,4.71124364432588,23.01597759541161,,
314,S1_deepen_wells,34513052.90649356,2525000000,73.16072579383224,,,
314,S2_po4_removal,32103642.39025896,151500000,4.719090692524311,66.44693816390912,9.663538247986816,
314,S3_multi_treatment,50058078.439593405,808000000,16.1412508267779,83.08220359461858,58.75333831273175,91.29162502349621
314,S4_seasonal_switch,26011605.804593824,101000000,3.882882154940343,,,
314,S5_fertilizer_policy,12937666.643311314,50000000,3.8646845198975397,28.057627370630637,,
315,S1_deepen_wells,34513052.90649356,2525000000,73.16072579383224,,,
315,S2_po4_removal,33967031.928935766,151500000,4.460207189046167,71.6540267687683,6.115239283942107,
315,S3_multi_treatment,68059191.04043244,808000000,11.872018865460586,93.23933936222018,90.6536156396897,91.01209715490177
315,S4_seasonal_switch,26011605.804593824,101000000,3.882882154940343,,,
315,S5_fertilizer_policy,7057830.6276779175,50000000,7.08432982280993,15.306158927722091,,
316,S1_deepen_wells,34513052.90649356,2525000000,73.16072579383224,,,
316,S2_po4_removal,39826038.494033806,151500000,3.804043930271791,84.94030601041028,4.350266707219038,
316,S3_multi_treatment,57240378.1023406,808000000,14.115909551739321,89.55808169359132,84.70004307918218,99.7824096573321
316,S4_seasonal_switch,26011605.804593824,101000000,3.882882154940343,,,
316,S5_fertilizer_policy,2115715.8970699236,50000000,23.63266262225732,4.588305596264329,,
317,S1_deepen_wells,34513052.90649356,2525000000,73.16072579383224,,,
317,S2_po4_removal,29724212.35142354,151500000,5.0968549884129875,62.51294072427721,5.93197631792057,
317,S3_multi_treatment,68079618.34460117,808000000,11.86845666363927,95.81011415372544,82.63706235829257,93.8774137792841
317,S4_seasonal_switch,26011605.804593824,101000000,3.882882154940343,,,
317,S5_fertilizer_policy,8571167.204190701,50000000,5.833511213683184,18.588098006906257,,
318,S1_deepen_wells,34513052.90649356,2525000000,73.16072579383224,,,
318,S2_po4_removal,27000224.418621786,151500000,5.611064473060896,57.783400244573336,2.3474228146490903,
318,S3_multi_treatment,48739588.74426854,808000000,16.577899420520154,70.33066261163144,87.68164648557504,97.00365897066676
318,S4_seasonal_switch,26011605.804593824,101000000,3.882882154940343,,,
318,S5_fertilizer_policy,6881686.875963286,50000000,7.2656604261729205,14.92415992546541,,
319,S1_deepen_wells,34513052.90649356,2525000000,73.16072579383224,,,
319,S2_po4_removal,30639727.216264196,151500000,4.944560992030657,59.36160015445113,21.563992306246664,
319,S3_multi_treatment,56255256.215489976,808000000,14.363102301141344,89.14941083508427,82.73077719253862,83.79560574746756
319,S4_seasonal_switch,26011605.804593824,101000000,3.882882154940343,,,
319,S5_fertilizer_policy,10951127.017227106,50000000,4.565740121664693,23.74946345496208,,
320,S1_deepen_wells,34513052.90649356,2525000000,73.16072579383224,,,
320,S2_po4_removal,34524740.546654165,151500000,4.388157524175284,73.04664619852036,5.557950469005634,
320,S3_multi_treatment,57999634.82959346,808000000,13.931122193681984,97.99263911591856,64.37025649487094,98.19272020639559
320,S4_seasonal_switch,26011605.804593824,101000000,3.882882154940343,,,
320,S5_fertilizer_policy,6392827.288760245,50000000,7.821265574921617,13.863981107100612,,
321,S1_deepen_wells,34513052.90649356,2525000000,73.16072579383224,,,
321,S2_po4_removal,38506264.93824527,151500000,3.934424703174129,76.70530895362137,20.700576307897332,
321,S3_multi_treatment,51468589.01589386,808000000,15.69889549042201,86.87015259788522,55.85980957891019,94.57336638101327
321,S4_seasonal_switch,26011605.804593824,101000000,3.882882154940343,,,
321,S5_fertilizer_policy,10693390.824272543,50000000,4.675785335228448,23.190516756054635,,
322,S1_deepen_wells,34513052.90649356,2525000000,73.16072579383224,,,
322,S2_po4_removal,31608999.48590801,151500000,4.7929387979376585,68.04307446377038,1.541819880093102,
322,S3_multi_treatment,47569979.94356706,808000000,16.98550222132828,69.63872948264678,82.49326375435831,94.9379694276662
322,S4_seasonal_switch,26011605.804593824,101000000,3.882882154940343,,,
322,S5_fertilizer_policy,7984894.840120025,50000000,6.261823230128905,17.31666228497121,,
323,S1_deepen_wells,34513052.90649356,2525000000,73.16072579383224,,,
323,S2_po4_removal,39751057.62169467,151500000,3.811219350232253,81.36425892659625,14.737851081475792,
323,S3_multi_treatment,56440206.868000075,808000000,14.316035408759497,89.14722477954501,82.08496167544219,92.9013926708098
323,S4_seasonal_switch,26011605.804593824,101000000,3.882882154940343,,,
323,S5_fertilizer_policy,9865898.67595055,50000000,5.067962042006544,21.395953100192898,,
324,S1_deepen_wells,34513052.90649356,2525000000,73.16072579383224,,,
324,S2_po4_removal,38179660.10072114,151500000,3.968081423468158,78.57408458836764,12.858160940527123,
324,S3_multi_treatment,52836877.943773955,808000000,15.29234942420005,93.64038113200557,44.37056689909327,94.16800780554664
324,S4_seasonal_switch,26011605.804593824,101000000,3.882882154940343,,,
324,S5_fertilizer_policy,6990258.349199362,50000000,7.152811455920912,15.159616443485463,,
325,S1_deepen_wells,34513052.90649356,2525000000,73.16072579383224,,,
325,S2_po4_removal,27776484.6293369,151500000,5.45425391375801,57.747498525567295,7.579683230681954,
325,S3_multi_treatment,57719560.39741709,808000000,13.998720614583153,97.95281564149798,64.9757537352039,86.85252609511205
325,S4_seasonal_switch,26011605.804593824,101000000,3.882882154940343,,,
325,S5_fertilizer_policy,7175690.696377046,50000000,6.967970348170753,15.561759414317258,,
326,S1_deepen_wells,34513052.90649356,2525000000,73.16072579383224,,,
326,S2_po4_removal,34040101.25152504,151500000,4.450633060123833,64.24675613939903,29.138862545369093,
326,S3_multi_treatment,50411806.45696156,808000000,16.027991393044402,85.24446455605171,54.34599694830589,92.07787320519064
326,S4_seasonal_switch,26011605.804593824,101000000,3.882882154940343,,,
326,S5_fertilizer_policy,10483866.142464027,50000000,4.7692329643049485,22.736125279661714,,
327,S1_deepen_wells,34513052.90649356,2525000000,73.16072579383224,,,
327,S2_po4_removal,25579404.816129953,151500000,5.922733585437711,52.28678885479062,9.697565669184922,
327,S3_multi_treatment,53961239.95705739,808000000,14.973710771713368,84.46355221990028,80.40091203699153,90.84478470047497
327,S4_seasonal_switch,26011605.804593824,101000000,3.882882154940343,,,
327,S5_fertilizer_policy,8680925.143577725,50000000,5.759754769569777,18.8261275874475,,
328,S1_deepen_wells,34513052.90649356,2525000000,73.16072579383224,,,
328,S2_po4_removal,27384774.60581539,151500000,5.53227120473826,56.2498607290804,9.552082308819699,
328,S3_multi_treatment,50771288.95245537,808000000,15.914506341500395,79.85745626772793,73.41145195611601,90.62153578162034
328,S4_seasonal_switch,26011605.804593824,101000000,3.882882154940343,,,
328,S5_fertilizer_policy,9318686.316176482,50000000,5.365563160249752,20.209225933197768,,
329,S1_deepen_wells,34513052.90649356,2525000000,73.16072579383224,,,
329,S2_po4_removal,30885564.12795625,151500000,4.905204236268713,65.4040176649652,4.798467673907509,
329,S3_multi_treatment,43850748.670334324,808000000,18.426139222261988,77.34454833932654,40.061319100474094,67.8918418965788
329,S4_seasonal_switch,26011605.804593824,101000000,3.882882154940343,,,
329,S5_fertilizer_policy,4911501.113417804,50000000,10.180187043713426,10.65146226672635,,
330,S1_deepen_wells,34513052.90649356,2525000000,73.16072579383224,,,
330,S2_po4_removal,34600968.19244731,151500000,4.3784901959208575,73.65885876097008,4.197971078436941,
330,S3_multi_treatment,68102394.72104052,808000000,11.864487340125281,98.67651952510899,80.9381539669773,84.61422117055902
330,S4_seasonal_switch,26011605.804593824,101000000,3.882882154940343,,,
330,S5_fertilizer_policy,8780631.118829891,50000000,5.694351501998072,19.04235769890249,,
331,S1_deepen_wells,34513052.90649356,2525000000,73.16072579383224,,,
331,S2_po4_removal,30764232.52006668,151500000,4.924549959150798,61.236027386350365,16.68152445780025,
331,S3_multi_treatment,53205431.22579115,808000000,15.186419532454138,86.5385486207473,68.31973478331155,94.63003191693426
331,S4_seasonal_switch,26011605.804593824,101000000,3.882882154940343,,,
331,S5_fertilizer_policy,2513381.738168098,50000000,19.893516070679727,5.450714583539408,,
332,S1_deepen_wells,34513052.90649356,2525000000,73.16072579383224,,,
332,S2_po4_removal,36314452.439658575,151500000,4.171892726504357,74.74428441685052,12.203173278618904,
332,S3_multi_treatment,45411592.24649158,808000000,17.792813685418057,71.9393979943307,62.88679731504715,86.96865831105197
332,S4_seasonal_switch,26011605.804593824,101000000,3.882882154940343,,,
332,S5_fertilizer_policy,4336692.069418572,50000000,11.529525084934976,9.404886789830993,,
333,S1_deepen_wells,34513052.90649356,2525000000,73.16072579383224,,,
333,S2_po4_removal,39721999.082079306,151500000,3.814007439226533,85.47932443263348,2.0233373259992566,
333,S3_multi_treatment,68088879.90818998,808000000,11.866842296267688,96.97568127934308,74.03828843882422,84.91398308697168
333,S4_seasonal_switch,26011605.804593824,101000000,3.882882154940343,,,
333,S5_fertilizer_policy,19107192.95306085,50000000,2.616815569028433,41.4373406546908,,
334,S1_deepen_wells,34513052.90649356,2525000000,73.16072579383224,,,
334,S2_po4_removal,14113639.128426448,151500000,10.734297414113561,23.9554374691323,20.244503833079303,
334,S3_multi_treatment,57943489.725918956,808000000,13.944620937088123,97.30456706538901,65.75059130375224,99.86034910962692
334,S4_seasonal_switch,26011605.804593824,101000000,3.882882154940343,,,
334,S5_fertilizer_policy,6367527.400597103,50000000,7.852341553380884,13.809113807287588,,
335,S1_deepen_wells,34513052.90649356,2525000000,73.16072579383224,,,
335,S2_po4_removal,15877937.108073436,151500000,9.541541761301408,31.374337711118343,9.311377831066903,
335,S3_multi_treatment,55501800.79975777,808000000,14.558086194628956,90.45867206917173,71.59720946248781,94.377928109234
335,S4_seasonal_switch,26011605.804593824,101000000,3.882882154940343,,,
335,S5_fertilizer_policy,6316380.848867647,50000000,7.915925463703415,13.69819342811242,,
336,S1_deepen_wells,34513052.90649356,2525000000,73.16072579383224,,,
336,S2_po4_removal,23426047.116091736,151500000,6.4671602191021025,43.235304088343185,23.03124408343537,
336,S3_multi_treatment,56804404.41211325,808000000,14.22424912931044,95.94738888382828,66.5508873411832,79.5020808039052
336,S4_seasonal_switch,26011605.804593824,101000000,3.882882154940343,,,
336,S5_fertilizer_policy,9503167.211095609,50000000,5.2614037919507,20.609305510863894,,
337,S1_deepen_wells,34513052.90649356,2525000000,73.16072579383224,,,
337,S2_po4_removal,18042150.421398647,151500000,8.397003486918914,32.41377769070744,20.431152292140517,
337,S3_multi_treatment,51154666.889976636,808000000,15.79523529569345,81.67164356646022,69.75336327720755,93.86603021443058
337,S4_seasonal_switch,26011605.804593824,101000000,3.882882154940343,,,
337,S5_fertilizer_policy,12324967.95953469,50000000,4.056805678048,26.728881482069067,,
338,S1_deepen_wells,34513052.90649356,2525000000,73.16072579383224,,,
338,S2_po4_removal,25351558.21216602,151500000,5.975964030774894,53.255806996747154,5.245007147456953,
338,S3_multi_treatment,48136529.34330947,808000000,16.785589053114908,68.4645122409242,90.18134552887472,93.11119035364894
338,S4_seasonal_switch,26011605.804593824,101000000,3.882882154940343,,,
338,S5_fertilizer_policy,9563352.556902424,50000000,5.228292034879767,20.73982811995378,,
339,S1_deepen_wells,34513052.90649356,2525000000,73.16072579383224,,,
339,S2_po4_removal,40385150.94031302,151500000,3.751378822971554,84.62449862701986,9.001232290502777,
339,S3_multi_treatment,53441326.61923741,808000000,15.119385148443195,82.67624246958411,81.59314453395294,94.80971567270228
339,S4_seasonal_switch,26011605.804593824,101000000,3.882882154940343,,,
339,S5_fertilizer_policy,11745748.701957062,50000000,4.2568593342771806,25.472741673936934,,
340,S1_deepen_wells,34513052.90649356,2525000000,73.16072579383224,,,
340,S2_po4_removal,14240770.653348252,151500000,10.63846920141079,29.040076356677286,5.610229987221796,
340,S3_multi_treatment,51703015.782064825,808000000,15.627715091240109,88.86332591794947,50.27922250264678,99.73715290423402
340,S4_seasonal_switch,26011605.804593824,101000000,3.882882154940343,,,
340,S5_fertilizer_policy,9942714.525172062,50000000,5.02880776405825,21.56254190890435,,
341,S1_deepen_wells,34513052.90649356,2525000000,73.16072579383224,,,
341,S2_po4_removal,30877041.782561466,151500000,4.906558117415353,63.53501552453028,10.429867229151862,
341,S3_multi_treatment,54654177.49746895,808000000,14.783865332845211,90.18015809108016,66.7490559674981,94.87251855554231
341,S4_seasonal_switch,26011605.804593824,101000000,3.882882154940343,,,
341,S5_fertilizer_policy,20840306.80330465,50000000,2.399196925069812,45.195905776335785,,
342,S1_deepen_wells,34513052.90649356,2525000000,73.16072579383224,,,
342,S2_po4_removal,30936421.935784392,151500000,4.8971403452691735,66.59099972924746,1.521950860868424,
342,S3_multi_treatment,50406896.28610392,808000000,16.029552690843772,79.65409151810269,70.04888751909515,98.28600159478046
342,S4_seasonal_switch,26011605.804593824,101000000,3.882882154940343,,,
342,S5_fertilizer_policy,11910307.091648713,50000000,4.19804456889773,25.829615761511786,,
343,S1_deepen_wells,34513052.90649356,2525000000,73.16072579383224,,,
343,S2_po4_removal,29349756.637716234,151500000,5.1618826646526,61.441369719283365,6.721664104786076,
343,S3_multi_treatment,50257803.8658193,808000000,16.07710520255197,88.0955326191895,47.714603810002274,77.1961929851102
343,S4_seasonal_switch,26011605.804593824,101000000,3.882882154940343,,,
343,S5_fertilizer_policy,6732190.192197084,50000000,7.427003482158344,14.599949821595903,,
344,S1_deepen_wells,34513052.90649356,2525000000,73.16072579383224,,,
344,S2_po4_removal,36016682.596742146,151500000,4.206384071966244,77.17675769310769,2.8356439316771334,
344,S3_multi_treatment,50886391.044987455,808000000,15.878508642628367,81.75083582691607,70.46264330544716,80.63912097077616
344,S4_seasonal_switch,26011605.804593824,101000000,3.882882154940343,,,
344,S5_fertilizer_policy,10399639.27535569,50000000,4.807859068581963,22.553464362737937,,
345,S1_deepen_wells,34513052.90649356,2525000000,73.16072579383224,,,
345,S2_po4_removal,41946408.80512264,151500000,3.6117513826713643,86.67144751386235,13.075747223014714,
345,S3_multi_treatment,68112689.45682597,808000000,11.862694109475155,99.97211129893519,68.24201985158058,99.53600182530211
345,S4_seasonal_switch,26011605.804593824,101000000,3.882882154940343,,,
345,S5_fertilizer_policy,11653036.239119567,50000000,4.290727238292507,25.2716782359442,,
346,S1_deepen_wells,34513052.90649356,2525000000,73.16072579383224,,,
346,S2_po4_removal,42539764.573056996,151500000,3.5613737292743295,91.62895944309513,1.9052322433680369,
346,S3_multi_treatment,45735620.49837065,808000000,17.666754953697094,67.64698128273601,77.25245501882341,91.02913378262095
346,S4_seasonal_switch,26011605.804593824,101000000,3.882882154940343,,,
346,S5_fertilizer_policy,8579635.839335673,50000000,5.827753174646575,18.606463745936825,,
347,S1_deepen_wells,34513052.90649356,2525000000,73.16072579383224,,,
347,S2_po4_removal,21090543.99365384,151500000,7.183314002976236,41.421280510364156,13.138195360186822,
347,S3_multi_treatment,68094132.74005593,808000000,11.865926879258119,97.63674979986122,88.46792428746998,96.93181402434067
347,S4_seasonal_switch,26011605.804593824,101000000,3.882882154940343,,,
347,S5_fertilizer_policy,1923958.4034658074,50000000,25.988087845314272,4.172445422293021,,
348,S1_deepen_wells,34513052.90649356,2525000000,73.16072579383224,,,
348,S2_po4_removal,41222722.16670179,151500000,3.6751575839010493,81.51101769681578,24.00363914694231,
348,S3_multi_treatment,47398244.43200768,808000000,17.047044878615033,74.25634441522706,67.9769043856679,91.68520830301334
348,S4_seasonal_switch,26011605.804593824,101000000,3.882882154940343,,,
348,S5_fertilizer_policy,9720574.87011148,50000000,5.143728706183668,21.080792623058294,,
349,S1_deepen_wells,34513052.90649356,2525000000,73.16072579383224,,,
349,S2_po4_removal,23487087.005661607,151500000,6.450352909387215,49.449517909165245,4.523332164280598,
349,S3_multi_treatment,68101886.66035473,808000000,11.86457585279167,98.61258012357185,75.48152695144873,91.20640070424287
349,S4_seasonal_switch,26011605.804593824,101000000,3.882882154940343,,,
349,S5_fertilizer_policy,9912818.823822826,50000000,5.04397395822854,21.49770777214959,,
350,S1_deepen_wells,34513052.90649356,2525000000,73.16072579383224,,,
350,S2_po4_removal,39143201.1284658,151500000,3.8704039432744772,83.34707168695445,4.692256047133883,
350,S3_multi_treatment,68094328.05455765,808000000,11.865892844300111,97.66133011615142,83.81129967387167,93.904277402433
350,S4_seasonal_switch,26011605.804593824,101000000,3.882882154940343,,,
350,S5_fertilizer_policy,8989366.465931252,50000000,5.562127229932689,19.49503736282603,,
351,S1_deepen_wells,34513052.90649356,2525000000,73.16072579383224,,,
351,S2_po4_removal,36935124.473628685,151500000,4.101786636949592,78.17191009382285,5.868599670611253,
351,S3_multi_treatment,54263774.718822494,808000000,14.890228410883639,99.1966854125104,41.93340838023031,69.59576456394984
351,S4_seasonal_switch,26011605.804593824,101000000,3.882882154940343,,,
351,S5_fertilizer_policy,20243324.44988285,50000000,2.469950038284811,43.90124354079188,,
352,S1_deepen_wells,34513052.90649356,2525000000,73.16072579383224,,,
352,S2_po4_removal,36890746.93447305,151500000,4.106720860629385,77.47786394517053,7.687808430049109,
352,S3_multi_treatment,56534308.41489799,808000000,14.292206319571335,95.47522102999567,64.44941792761938,88.0378696499229
352,S4_seasonal_switch,26011605.804593824,101000000,3.882882154940343,,,
352,S5_fertilizer_policy,4449979.064751238,50000000,11.236007916544006,9.650569754821113,,
353,S1_deepen_wells,34513052.90649356,2525000000,73.16072579383224,,,
353,S2_po4_removal,21335689.670765527,151500000,7.100778195494074,42.03140014486962,12.899376362919943,
353,S3_multi_treatment,55928038.8930384,808000000,14.447136284275743,86.79449600135507,84.66364661630317,98.73950815784005
353,S4_seasonal_switch,26011605.804593824,101000000,3.882882154940343,,,
353,S5_fertilizer_policy,6723051.174591146,50000000,7.437099421311587,14.580130239163422,,
354,S1_deepen_wells,34513052.90649356,2525000000,73.16072579383224,,,
354,S2_po4_removal,29277838.01163265,151500000,5.174562409280567,59.33046687747881,12.670812407667997,
354,S3_multi_treatment,40853588.17256558,808000000,19.777944512168858,70.06607405001446,36.89762707516475,94.79052898493688
354,S4_seasonal_switch,26011605.804593824,101000000,3.882882154940343,,,
354,S5_fertilizer_policy,9396564.139705196,50000000,5.321093886724502,20.37811782176207,,
355,S1_deepen_wells,34513052.90649356,2525000000,73.16072579383224,,,
355,S2_po4_removal,23855505.702085875,151500000,6.3507352093882945,49.57090843621664,6.58533899613722,
355,S3_multi_treatment,45703400.609724276,808000000,17.679209625991867,64.80520542711105,84.76903664433777,95.49539925334366
355,S4_seasonal_switch,26011605.804593824,101000000,3.882882154940343,,,
355,S5_fertilizer_policy,4384728.692805782,50000000,11.403214087575638,9.509062737186854,,
356,S1_deepen_wells,34513052.90649356,2525000000,73.16072579383224,,,
356,S2_po4_removal,44715065.321025714,151500000,3.3881198408707762,95.31198412496623,5.053369032750743,
356,S3_multi_treatment,68055045.92612426,808000000,11.872741969450841,92.71767701836217,83.41759803500308,89.29897020949149
356,S4_seasonal_switch,26011605.804593824,101000000,3.882882154940343,,,
356,S5_fertilizer_policy,12157765.012621649,50000000,4.112597993800031,26.366272202583335,,
357,S1_deepen_wells,34513052.90649356,2525000000,73.16072579383224,,,
357,S2_po4_removal,30839849.762494124,151500000,4.912475293062117,58.88063954476173,24.348353553410234,
357,S3_multi_treatment,57835503.5271266,808000000,13.970657307773305,92.75736840155524,79.77943244740968,95.46695913330461
357,S4_seasonal_switch,26011605.804593824,101000000,3.882882154940343,,,
357,S5_fertilizer_policy,8883927.05525963,50000000,5.628141664040123,19.266373278616324,,
358,S1_deepen_wells,34513052.90649356,2525000000,73.16072579383224,,,
358,S2_po4_removal,31401068.527820997,151500000,4.824676582765733,64.60008418644118,10.647075878146397,
358,S3_multi_treatment,54655503.36222831,808000000,14.783506697303569,86.76372525593463,79.60320649784983,82.96833148517374
358,S4_seasonal_switch,26011605.804593824,101000000,3.882882154940343,,,
358,S5_fertilizer_policy,17844575.75858129,50000000,2.8019719088000996,38.699131074003084,,
359,S1_deepen_wells,34513052.90649356,2525000000,73.16072579383224,,,
359,S2_po4_removal,40526082.89965422,151500000,3.7383331711363756,85.06357417653518,8.595156390371892,
359,S3_multi_treatment,54358365.15052499,808000000,14.864317529832782,95.16740365046282,49.27348661725485,96.55660205767205
359,S4_seasonal_switch,26011605.804593824,101000000,3.882882154940343,,,
359,S5_fertilizer_policy,4250188.051851407,50000000,11.764185346627123,9.217287467798924,,
360,S1_deepen_wells,34513052.90649356,2525000000,73.16072579383224,,,
360,S2_po4_removal,34428876.165126294,151500000,4.400375988846752,70.72291024909529,11.996748287348879,
360,S3_multi_treatment,52273142.225715525,808000000,15.457268600977812,87.66942549048294,58.36785897129244,96.3690634941374
360,S4_seasonal_switch,26011605.804593824,101000000,3.882882154940343,,,
360,S5_fertilizer_policy,20395472.35656999,50000000,2.4515244916057806,44.23120329232532,,
361,S1_deepen_wells,34513052.90649356,2525000000,73.16072579383224,,,
361,S2_po4_removal,34219808.01473032,151500000,4.427260373137834,68.33424229278519,17.88604407956517,
361,S3_multi_treatment,68103581.19475259,808000000,11.864280641709584,98.82583715824227,89.00523030028987,99.85913851999918
361,S4_seasonal_switch,26011605.804593824,101000000,3.882882154940343,,,
361,S5_fertilizer_policy,15574049.940978236,50000000,3.210468708491852,33.77509267650443,,
362,S1_deepen_wells,34513052.90649356,2525000000,73.16072579383224,,,
362,S2_po4_removal,39844693.62254542,151500000,3.8022628918967616,82.5521661633551,11.740837765043114,
362,S3_multi_treatment,47297068.82902191,808000000,17.083511092852415,72.01906086570524,74.07552456907324,91.88957572897569
362,S4_seasonal_switch,26011605.804593824,101000000,3.882882154940343,,,
362,S5_fertilizer_policy,11810577.067415401,50000000,4.233493394488461,25.613333495570973,,
363,S1_deepen_wells,34513052.90649356,2525000000,73.16072579383224,,,
363,S2_po4_removal,31973136.974169105,151500000,4.738352702845388,67.47325093447424,5.679036720754929,
363,S3_multi_treatment,68080211.62863302,808000000,11.868353236143191,95.88477890736607,87.438076868337,95.97558144613319
363,S4_seasonal_switch,26011605.804593824,101000000,3.882882154940343,,,
363,S5_fertilizer_policy,12159288.72320623,50000000,4.112082633959836,26.36957663954108,,
364,S1_deepen_wells,34513052.90649356,2525000000,73.16072579383224,,,
364,S2_po4_removal,35218587.06190849,151500000,4.301705793412094,75.25501580232716,3.4166715482247922,
364,S3_multi_treatment,47390749.22804558,808000000,17.04974099716976,73.97357921149684,70.14791161278906,85.07377653371154
364,S4_seasonal_switch,26011605.804593824,101000000,3.882882154940343,,,
364,S5_fertilizer_policy,7391100.153207116,50000000,6.764892771518487,16.028913070264412,,
365,S1_deepen_wells,34513052.90649356,2525000000,73.16072579383224,,,
365,S2_po4_removal,30013964.039313458,151500000,5.047650480341731,63.20394288530816,5.741401898213022,
365,S3_multi_treatment,68100054.87285481,808000000,11.864894991767104,98.38204979566807,94.27262302135364,93.71529002053242
365,S4_seasonal_switch,26011605.804593824,101000000,3.882882154940343,,,
365,S5_fertilizer_policy,3564267.39987801,50000000,14.028128193106749,7.729746739669305,,
366,S1_deepen_wells,34513052.90649356,2525000000,73.16072579383224,,,
366,S2_po4_removal,32495899.461303428,151500000,4.662126684026959,70.19363138614413,0.8505487727494441,
366,S3_multi_treatment,47969955.59655619,808000000,16.843876337838577,82.79789670027611,45.00524020833851,95.33881836352136
366,S4_seasonal_switch,26011605.804593824,101000000,3.882882154940343,,,
366,S5_fertilizer_policy,10775648.762990877,50000000,4.640091849664378,23.368907702155262,,
367,S1_deepen_wells,34513052.90649356,2525000000,73.16072579383224,,,
367,S2_po4_removal,33519779.96414823,151500000,4.51971940633381,70.51596002778044,6.626857122027856,
367,S3_multi_treatment,56034274.645457305,808000000,14.419745862910077,97.20674515871328,54.2124521075709,96.14510453151553
367,S4_seasonal_switch,26011605.804593824,101000000,3.882882154940343,,,
367,S5_fertilizer_policy,6490067.525051333,50000000,7.704080089614249,14.074863825793818,,
368,S1_deepen_wells,34513052.90649356,2525000000,73.16072579383224,,,
368,S2_po4_removal,26237150.779619798,151500000,5.7742550352563615,50.74205264086632,18.739280972412622,
368,S3_multi_treatment,50398371.58638947,808000000,16.032264030891977,78.25068985436519,74.97082823635117,94.84680234192439
368,S4_seasonal_switch,26011605.804593824,101000000,3.882882154940343,,,
368,S5_fertilizer_policy,9189604.317429371,50000000,5.440930672626242,19.92928869869069,,
369,S1_deepen_wells,34513052.90649356,2525000000,73.16072579383224,,,
369,S2_po4_removal,30799384.016972072,151500000,4.9189295447115295,65.0819395883281,5.209843612528191,
369,S3_multi_treatment,45459660.39223647,808000000,17.773999916153993,69.885927228666,66.84381455941345,99.65320216928353
369,S4_seasonal_switch,26011605.804593824,101000000,3.882882154940343,,,
369,S5_fertilizer_policy,4807199.601966344,50000000,10.401065930265913,10.425265919024689,,
370,S1_deepen_wells,34513052.90649356,2525000000,73.16072579383224,,,
370,S2_po4_removal,27948347.571921617,151500000,5.420714037212163,59.286615333515094,4.030154897917833,
370,S3_multi_treatment,68067409.89181465,808000000,11.870585369477455,94.27368123004447,88.47608196120983,99.18356900532184
370,S4_seasonal_switch,26011605.804593824,101000000,3.882882154940343,,,
370,S5_fertilizer_policy,5560394.024919473,50000000,8.992168500275323,12.058701764875702,,
371,S1_deepen_wells,34513052.90649356,2525000000,73.16072579383224,,,
371,S2_po4_removal,17686710.669969015,151500000,8.565753283748686,35.39761946720255,9.005130631427946,
371,S3_multi_treatment,48657617.6473126,808000000,16.60582739287949,75.4721010064853,71.69809381332377,96.014048188157
371,S4_seasonal_switch,26011605.804593824,101000000,3.882882154940343,,,
371,S5_fertilizer_policy,3229287.94635354,50000000,15.483289452852663,7.003284314648768,,
372,S1_deepen_wells,34513052.90649356,2525000000,73.16072579383224,,,
372,S2_po4_removal,27305780.198347136,151500000,5.548275819241032,56.07588120703761,9.56019570623517,
372,S3_multi_treatment,47788437.39247917,808000000,16.90785562549407,70.0377444963631,87.41738517439346,72.105540838559
372,S4_seasonal_switch,26011605.804593824,101000000,3.882882154940343,,,
372,S5_fertilizer_policy,10312168.067168042,50000000,4.848640913756087,22.363767516107842,,
373,S1_deepen_wells,34513052.90649356,2525000000,73.16072579383224,,,
373,S2_po4_removal,22990337.274299875,151500000,6.589724987173492,47.87635318043317,6.03235063628345,
373,S3_multi_treatment,53241109.570946634,808000000,15.17624269124776,92.30398379520187,52.11330992887178,89.26707512077081
373,S4_seasonal_switch,26011605.804593824,101000000,3.882882154940343,,,
373,S5_fertilizer_policy,13627912.589952327,50000000,3.6689404683197275,29.55454826826052,,
374,S1_deepen_wells,34513052.90649356,2525000000,73.16072579383224,,,
374,S2_po4_removal,22189291.022467762,151500000,6.827617874162753,46.42497978890355,5.162505382822989,
374,S3_multi_treatment,53703019.35192825,808000000,15.04570897038377,93.30918242777757,50.26771816051345,98.18802233398296
374,S4_seasonal_switch,26011605.804593824,101000000,3.882882154940343,,,
374,S5_fertilizer_policy,11260412.471515514,50000000,4.4403346792562575,24.420203880328256,,
375,S1_deepen_wells,34513052.90649356,2525000000,73.16072579383224,,,
375,S2_po4_removal,29585960.96738532,151500000,5.120671935145492,57.92080449971616,18.994106770613257,
375,S3_multi_treatment,57156025.85359106,808000000,14.136742153307605,91.89390894683633,83.26545655033135,69.49393900292088
375,S4_seasonal_switch,26011605.804593824,101000000,3.882882154940343,,,
375,S5_fertilizer_policy,13082717.661453627,50000000,3.8218358978515536,28.372196259207776,,
376,S1_deepen_wells,34513052.90649356,2525000000,73.16072579383224,,,
376,S2_po4_removal,25471662.149126127,151500000,5.947786175595047,54.00168801598757,3.7678212630952315,
376,S3_multi_treatment,41358158.010982856,808000000,19.536653440548097,65.88581836831631,52.08469040247744,98.99088851256232
376,S4_seasonal_switch,26011605.804593824,101000000,3.882882154940343,,,
376,S5_fertilizer_policy,11981714.797765628,50000000,4.173025384423613,25.984476051613285,,
377,S1_deepen_wells,34513052.90649356,2525000000,73.16072579383224,,,
377,S2_po4_removal,28312192.573018923,151500000,5.3510514810632195,56.96615299046937,13.492888351111304,
377,S3_multi_treatment,54161639.63700058,808000000,14.918307595843423,89.04065820045305,66.85435094291257,95.4161010293459
377,S4_seasonal_switch,26011605.804593824,101000000,3.882882154940343,,,
377,S5_fertilizer_policy,8970237.179670967,50000000,5.573988624661319,19.453552108911676,,
378,S1_deepen_wells,34513052.90649356,2525000000,73.16072579383224,,,
378,S2_po4_removal,36994420.2004562,151500000,4.095212174676325,79.09443832611362,3.4525409707081236,
378,S3_multi_treatment,36801777.939951226,808000000,21.955460992085722,59.49611248083794,41.56882958578893,98.45796322924598
378,S4_seasonal_switch,26011605.804593824,101000000,3.882882154940343,,,
378,S5_fertilizer_policy,14178232.239806175,50000000,3.5265327266697057,30.7480141455343,,
379,S1_deepen_wells,34513052.90649356,2525000000,73.16072579383224,,,
379,S2_po4_removal,26603123.677097417,151500000,5.694819970724945,49.46567607388035,25.038753782286534,
379,S3_multi_treatment,50261611.53902607,808000000,16.075887247917258,89.12744095596813,41.89031138759417,90.36665499853873
379,S4_seasonal_switch,26011605.804593824,101000000,3.882882154940343,,,
379,S5_fertilizer_policy,11747438.776026882,50000000,4.256246910776459,25.4764068996525,,
380,S1_deepen_wells,34513052.90649356,2525000000,73.16072579383224,,,
380,S2_po4_removal,25870095.187049054,151500000,5.856182549952236,55.5626359383976,1.64712952299856,
380,S3_multi_treatment,52674555.85982096,808000000,15.339474378298942,83.75577916136291,76.5807003891735,78.60598288280414
380,S4_seasonal_switch,26011605.804593824,101000000,3.882882154940343,,,
380,S5_fertilizer_policy,6195686.872871593,50000000,8.070130241560427,13.436447110345926,,
381,S1_deepen_wells,34513052.90649356,2525000000,73.16072579383224,,,
381,S2_po4_removal,29358024.348135725,151500000,5.160428992205685,59.12693302963926,13.819393006565125,
381,S3_multi_treatment,55757821.34589656,808000000,14.491240520097257,87.30814452776417,82.15331419191737,97.8832070730099
381,S4_seasonal_switch,26011605.804593824,101000000,3.882882154940343,,,
381,S5_fertilizer_policy,17778351.456879348,50000000,2.812409245101995,38.55551191675782,,
382,S1_deepen_wells,34513052.90649356,2525000000,73.16072579383224,,,
382,S2_po4_removal,20884729.118653685,151500000,7.2541041418001555,37.91327118705542,22.455279011966915,
382,S3_multi_treatment,53602758.77261433,808000000,15.073851020011446,81.95256819211643,85.8679175025102,89.91357644821692
382,S4_seasonal_switch,26011605.804593824,101000000,3.882882154940343,,,
382,S5_fertilizer_policy,19178662.34771084,50000000,2.6070639908819286,41.59233472732991,,
383,S1_deepen_wells,34513052.90649356,2525000000,73.16072579383224,,,
383,S2_po4_removal,29407858.879441835,151500000,5.15168413385951,60.153319572623296,11.02483835896395,
383,S3_multi_treatment,36488968.30137564,808000000,22.143678969666517,47.54255855164539,77.06979476687003,92.677767059499
383,S4_seasonal_switch,26011605.804593824,101000000,3.882882154940343,,,
383,S5_fertilizer_policy,6152711.642127499,50000000,8.12649818620638,13.343247691654136,,
384,S1_deepen_wells,34513052.90649356,2525000000,73.16072579383224,,,
384,S2_po4_removal,28323176.98121851,151500000,5.3489762147961635,58.36797441818089,9.299435848931504,
384,S3_multi_treatment,68102246.66244863,808000000,11.864513134271219,98.65788636174359,83.9491717816334,97.41907217381419
384,S4_seasonal_switch,26011605.804593824,101000000,3.882882154940343,,,
384,S5_fertilizer_policy,4228829.888378836,50000000,11.823601639168322,9.170968497882939,,
385,S1_deepen_wells,34513052.90649356,2525000000,73.16072579383224,,,
385,S2_po4_removal,31134418.279500425,151500000,4.865997451436273,64.15920860032843,10.228939225389189,
385,S3_multi_treatment,53116750.790355936,808000000,15.211773837391863,88.5445050773172,64.42583263260474,81.03860307013167
385,S4_seasonal_switch,26011605.804593824,101000000,3.882882154940343,,,
385,S5_fertilizer_policy,13812478.12459743,50000000,3.6199152352653785,29.954811402201347,,
386,S1_deepen_wells,34513052.90649356,2525000000,73.16072579383224,,,
386,S2_po4_removal,27221685.20919124,151500000,5.565415911460431,58.2940707323621,2.2549311838983,
386,S3_multi_treatment,68110629.3839438,808000000,11.86305290830972,99.71285127174629,96.36245906953621,91.59950870750045
386,S4_seasonal_switch,26011605.804593824,101000000,3.882882154940343,,,
386,S5_fertilizer_policy,7458305.4019877985,50000000,6.703935720663025,16.174659585430152,,
387,S1_deepen_wells,34513052.90649356,2525000000,73.16072579383224,,,
387,S2_po4_removal,20904541.53661447,151500000,7.247229016462597,42.21070633459271,9.50831681602401,
387,S3_multi_treatment,54863219.583982125,808000000,14.72753524359157,90.92487314115938,67.85640532467414,85.17868012907269
387,S4_seasonal_switch,26011605.804593824,101000000,3.882882154940343,,,
387,S5_fertilizer_policy,10268220.25662975,50000000,4.869393015573185,22.268458885437855,,
388,S1_deepen_wells,34513052.90649356,2525000000,73.16072579383224,,,
388,S2_po4_removal,26445037.059568867,151500000,5.728863213870266,55.8341100589005,4.615380486057449,
388,S3_multi_treatment,56887089.55290102,808000000,14.203574244180947,88.99602869296974,84.73149067625603,96.60983207735279
388,S4_seasonal_switch,26011605.804593824,101000000,3.882882154940343,,,
388,S5_fertilizer_policy,8090649.845249496,50000000,6.179973297121243,17.54601079180076,,
389,S1_deepen_wells,34513052.90649356,2525000000,73.16072579383224,,,
389,S2_po4_removal,24097323.866562888,151500000,6.287005181111389,50.850648610899654,4.286807672446872,
389,S3_multi_treatment,53612831.1983953,808000000,15.07101904411615,91.59356476903542,54.59854008994574,99.62138959441856
389,S4_seasonal_switch,26011605.804593824,101000000,3.882882154940343,,,
389,S5_fertilizer_policy,4141359.194518931,50000000,12.07333091661664,8.981272766663908,,
390,S1_deepen_wells,34513052.90649356,2525000000,73.16072579383224,,,
390,S2_po4_removal,24645031.737959296,151500000,6.147283623362247,51.98709132357333,4.443100712126048,
390,S3_multi_treatment,57512665.832604565,808000000,14.049079247200117,92.01039018570307,79.60034136183495,97.03065871197566
390,S4_seasonal_switch,26011605.804593824,101000000,3.882882154940343,,,
390,S5_fertilizer_policy,10342640.442083664,50000000,4.83435543176698,22.429852271887395,,
391,S1_deepen_wells,34513052.90649356,2525000000,73.16072579383224,,,
391,S2_po4_removal,15540937.17328623,151500000,9.748446847878503,30.67056167417525,9.229005506930191,
391,S3_multi_treatment,53325748.88504154,808000000,15.152154763768406,95.63747240441592,42.34964528895017,90.13222757798292
391,S4_seasonal_switch,26011605.804593824,101000000,3.882882154940343,,,
391,S5_fertilizer_policy,5398359.211313158,50000000,9.26207353805147,11.70730050013641,,
392,S1_deepen_wells,34513052.90649356,2525000000,73.16072579383224,,,
392,S2_po4_removal,30118182.820097186,151500000,5.030183955816466,60.97704963302066,13.205962079482624,
392,S3_multi_treatment,51077728.79253572,808000000,15.819027570350341,79.87900989115626,74.32852575558647,95.67603848875457
392,S4_seasonal_switch,26011605.804593824,101000000,3.882882154940343,,,
392,S5_fertilizer_policy,6442998.8617293015,50000000,7.7603614517138055,13.972787071713455,,
393,S1_deepen_wells,34513052.90649356,2525000000,73.16072579383224,,,
393,S2_po4_removal,26368535.8885443,151500000,5.745483960139727,56.92146682924207,0.8015196201812362,
393,S3_multi_treatment,48954170.91790012,808000000,16.505233054709016,88.0751875078011,35.437537039640254,95.35617978803612
393,S4_seasonal_switch,26011605.804593824,101000000,3.882882154940343,,,
393,S5_fertilizer_policy,5832791.83384873,50000000,8.57222431800859,12.649444781389032,,
394,S1_deepen_wells,34513052.90649356,2525000000,73.16072579383224,,,
394,S2_po4_removal,20472196.479434796,151500000,7.400280675900521,40.16366510475714,12.884455003764177,
394,S3_multi_treatment,41147061.75974569,808000000,19.636882086936016,70.21992180869081,41.11094754205945,81.44739862538292
394,S4_seasonal_switch,26011605.804593824,101000000,3.882882154940343,,,
394,S5_fertilizer_policy,13423247.060032137,50000000,3.7248811540447275,29.110694725544445,,
395,S1_deepen_wells,34513052.90649356,2525000000,73.16072579383224,,,
395,S2_po4_removal,38741039.278848775,151500000,3.9105817195439463,83.20228342343496,2.4787606206006227,
395,S3_multi_treatment,57679841.50581715,808000000,14.008360267746422,98.92527631387956,59.55272140762933,97.5552777210465
395,S4_seasonal_switch,26011605.804593824,101000000,3.882882154940343,,,
395,S5_fertilizer_policy,7883811.42872563,50000000,6.34211008875972,17.09744495865971,,
396,S1_deepen_wells,34513052.90649356,2525000000,73.16072579383224,,,
396,S2_po4_removal,32649172.087176517,151500000,4.640240175018222,64.87506674378275,18.047247517658967,
396,S3_multi_treatment,47443897.36382682,808000000,17.030641344740207,79.42773537455385,51.74764709028674,95.54157673613457
396,S4_seasonal_switch,26011605.804593824,101000000,3.882882154940343,,,
396,S5_fertilizer_policy,12178101.547431864,50000000,4.105730257319465,26.41037558934125,,
397,S1_deepen_wells,34513052.90649356,2525000000,73.16072579383224,,,
397,S2_po4_removal,20284918.750251293,151500000,7.468602751890401,38.72873219055534,16.01520527739895,
397,S3_multi_treatment,56010329.56955327,808000000,14.425910474185494,96.20810536303713,58.19561970879974,90.78688534636899
397,S4_seasonal_switch,26011605.804593824,101000000,3.882882154940343,,,
397,S5_fertilizer_policy,948024.3166501671,50000000,52.74126319530961,2.055959064969349,,
398,S1_deepen_wells,34513052.90649356,2525000000,73.16072579383224,,,
398,S2_po4_removal,36126104.34468262,151500000,4.193643426219555,75.88055195789299,7.502324994672392,
398,S3_multi_treatment,53729199.79513383,808000000,15.038377699293026,89.36973042497627,70.90469165473246,56.98318069698678
398,S4_seasonal_switch,26011605.804593824,101000000,3.882882154940343,,,
398,S5_fertilizer_policy,4460095.421967708,50000000,11.21052248203716,9.672508871738646,,
399,S1_deepen_wells,34513052.90649356,2525000000,73.16072579383224,,,
399,S2_po4_removal,28539066.871502295,151500000,5.3085127373691545,59.5161389152638,7.230192108689177,
399,S3_multi_treatment,51817360.69587888,808000000,15.593229549884457,89.04171940782737,51.07745305116245,96.88603639480205
399,S4_seasonal_switch,26011605.804593824,101000000,3.882882154940343,,,
399,S5_fertilizer_policy,7617598.422464095,50000000,6.563748471244077,16.520114784925287,,
400,S1_deepen_wells,34513052.90649356,2525000000,73.16072579383224,,,
400,S2_po4_removal,18396283.038256794,151500000,8.235359267137907,35.14559577233113,14.454968419528496,
400,S3_multi_treatment,52462842.70866324,808000000,15.401376636927342,90.38143471918792,50.84109459579831,98.92459740585682
400,S4_seasonal_switch,26011605.804593824,101000000,3.882882154940343,,,
400,S5_fertilizer_policy,7424640.782401636,50000000,6.734332537476188,16.10165188025706,,
401,S1_deepen_wells,34513052.90649356,2525000000,73.16072579383224,,,
401,S2_po4_removal,33226530.00476359,151500000,4.5596094439678145,69.46403967514887,7.892670568370271,
401,S3_multi_treatment,68070874.7121131,808000000,11.869981154454267,94.70972862067416,93.57177473679911,91.40887005348401
401,S4_seasonal_switch,26011605.804593824,101000000,3.882882154940343,,,
401,S5_fertilizer_policy,12283518.52501826,50000000,4.070494939879262,26.638991023422324,,
402,S1_deepen_wells,34513052.90649356,2525000000,73.16072579383224,,,
402,S2_po4_removal,24995155.168459266,151500000,6.061174614797907,47.39691233180742,20.722353077391883,
402,S3_multi_treatment,53786813.3164878,808000000,15.022269403573606,90.19434808400987,60.102540254650805,99.14609102043545
402,S4_seasonal_switch,26011605.804593824,101000000,3.882882154940343,,,
402,S5_fertilizer_policy,8351321.21653562,50000000,5.987076619804777,18.111322946100103,,
403,S1_deepen_wells,34513052.90649356,2525000000,73.16072579383224,,,
403,S2_po4_removal,35160624.87023394,151500000,4.308797143370906,75.76468451606807,1.4831487594411477,
403,S3_multi_treatment,68072818.96367165,808000000,11.869642131776626,94.95441254243741,81.59058582619048,80.00607873404118
403,S4_seasonal_switch,26011605.804593824,101000000,3.882882154940343,,,
403,S5_fertilizer_policy,9556443.60121528,50000000,5.232071896876111,20.724844822769313,,
404,S1_deepen_wells,34513052.90649356,2525000000,73.16072579383224,,,
404,S2_po4_removal,28318325.540320672,151500000,5.349892591081656,58.70356471877398,8.246168499431368,
404,S3_multi_treatment,51145535.5492021,808000000,15.798055320443414,74.79727601959804,90.38663176406489,94.96550177882507
404,S4_seasonal_switch,26011605.804593824,101000000,3.882882154940343,,,
404,S5_fertilizer_policy,5541870.566686504,50000000,9.02222442735524,12.018530356611425,,
405,S1_deepen_wells,34513052.90649356,2525000000,73.16072579383224,,,
405,S2_po4_removal,29039740.19452352,151500000,5.216988822392107,61.2115530002639,5.375045310756864,
405,S3_multi_treatment,57756774.049574904,808000000,13.989701005573163,99.32694699499545,62.25720846759355,80.93354331358724
405,S4_seasonal_switch,26011605.804593824,101000000,3.882882154940343,,,
405,S5_fertilizer_policy,8617511.188051663,50000000,5.802139261429207,18.688603164898897,,
406,S1_deepen_wells,34513052.90649356,2525000000,73.16072579383224,,,
406,S2_po4_removal,29571858.02504185,151500000,5.123114004933601,62.65400714604061,4.497213313145433,
406,S3_multi_treatment,55990156.03160734,808000000,14.431108203089684,85.9427522211732,89.46657172832289,89.98408783463537
406,S4_seasonal_switch,26011605.804593824,101000000,3.882882154940343,,,
406,S5_fertilizer_policy,5754536.908086158,50000000,8.688796474611365,12.479735079671045,,
407,S1_deepen_wells,34513052.90649356,2525000000,73.16072579383224,,,
407,S2_po4_removal,38920884.01348604,151500000,3.8925117925765873,79.0998946711983,16.14982564028995,
407,S3_multi_treatment,50112498.61066608,808000000,16.12372207335962,75.28782946373613,83.39712456035586,88.54380949109914
407,S4_seasonal_switch,26011605.804593824,101000000,3.882882154940343,,,
407,S5_fertilizer_policy,5061547.272398837,50000000,9.878402257083598,10.976864005165856,,
408,S1_deepen_wells,34513052.90649356,2525000000,73.16072579383224,,,
408,S2_po4_removal,29065373.718542606,151500000,5.21238782157302,62.188338530667465,2.5717167634237494,
408,S3_multi_treatment,37899750.95524667,808000000,21.31940130567386,57.05000777564463,56.46909009598022,97.43595239029833
408,S4_seasonal_switch,26011605.804593824,101000000,3.882882154940343,,,
408,S5_fertilizer_policy,10071495.124645121,50000000,4.964506201035548,21.84182550556819,,
409,S1_deepen_wells,34513052.90649356,2525000000,73.16072579383224,,,
409,S2_po4_removal,11758169.792978607,151500000,12.884658298646805,25.358545464271664,0.42948979238423607,
409,S3_multi_treatment,68101006.22727524,808000000,11.864729242082575,98.50177768250092,87.16174039938687,99.79686033310625
409,S4_seasonal_switch,26011605.804593824,101000000,3.882882154940343,,,
409,S5_fertilizer_policy,6185875.335045293,50000000,8.0829304329383,13.415169048400688,,
410,S1_deepen_wells,34513052.90649356,2525000000,73.16072579383224,,,
410,S2_po4_removal,30658687.45622675,151500000,4.941503129131201,62.32283068082675,12.677669846020729,
410,S3_multi_treatment,56398308.80034062,808000000,14.326670731572008,91.75724257701697,74.93905079875965,87.68381146020523
410,S4_seasonal_switch,26011605.804593824,101000000,3.882882154940343,,,
410,S5_fertilizer_policy,5506223.595875509,50000000,9.080633782735047,11.941223570814477,,
411,S1_deepen_wells,34513052.90649356,2525000000,73.16072579383224,,,
411,S2_po4_removal,30604382.513198815,151500000,4.950271417326008,62.46967678679296,11.872405062799777,
411,S3_multi_treatment,57588841.80719052,808000000,14.030495746124094,97.01765940283845,65.85021734279314,92.2422054321995
411,S4_seasonal_switch,26011605.804593824,101000000,3.882882154940343,,,
411,S5_fertilizer_policy,7151190.263604537,50000000,6.991843057857286,15.508625875472712,,
412,S1_deepen_wells,34513052.90649356,2525000000,73.16072579383224,,,
412,S2_po4_removal,36658122.59424769,151500000,4.1327812031424935,73.35427046438419,18.70127191024161,
412,S3_multi_treatment,37504121.10309102,808000000,21.544299032604346,54.349743303698006,63.33584239686091,91.30833700032804
412,S4_seasonal_switch,26011605.804593824,101000000,3.882882154940343,,,
412,S5_fertilizer_policy,4971768.765832499,50000000,10.056783079618494,10.78216337231004,,
413,S1_deepen_wells,34513052.90649356,2525000000,73.16072579383224,,,
413,S2_po4_removal,21281314.640671283,151500000,7.118921107931197,38.109470889048985,24.475520473913402,
413,S3_multi_treatment,42323785.351934284,808000000,19.090919994070727,73.50308637025256,36.070157838100606,95.13499143154094
413,S4_seasonal_switch,26011605.804593824,101000000,3.882882154940343,,,
413,S5_fertilizer_policy,7455846.69508256,50000000,6.706146470658667,16.16932744293007,,
414,S1_deepen_wells,34513052.90649356,2525000000,73.16072579383224,,,
414,S2_po4_removal,31458030.74187915,151500000,4.815940363308009,63.486225622930256,14.412636245101721,
414,S3_multi_treatment,68057481.51947203,808000000,11.872317076100176,93.02419626970814,91.00609866338608,93.18541265698963
414,S4_seasonal_switch,26011605.804593824,101000000,3.882882154940343,,,
414,S5_fertilizer_policy,8699206.921667166,50000000,5.747650383561369,18.865774869407044,,
415,S1_deepen_wells,34513052.90649356,2525000000,73.16072579383224,,,
415,S2_po4_removal,30655872.21144458,151500000,4.941956926067867,63.136876768496094,10.18183046889178,
415,S3_multi_treatment,49514176.11103067,808000000,16.318558915090083,74.08554481295234,82.50272588929649,91.48223136911275
415,S4_seasonal_switch,26011605.804593824,101000000,3.882882154940343,,,
415,S5_fertilizer_policy,8337983.878411397,50000000,5.996653475123569,18.082398560156143,,
416,S1_deepen_wells,34513052.90649356,2525000000,73.16072579383224,,,
416,S2_po4_removal,34326951.19787197,151500000,4.413441762616889,65.21365435380065,28.08954623178519,
416,S3_multi_treatment,54609807.593539946,808000000,14.795877070542584,80.67380120951162,95.07926973245323,96.36099309057283
416,S4_seasonal_switch,26011605.804593824,101000000,3.882882154940343,,,
416,S5_fertilizer_policy,14623641.52107104,50000000,3.4191210122291062,31.713963260293003,,
417,S1_deepen_wells,34513052.90649356,2525000000,73.16072579383224,,,
417,S2_po4_removal,30307654.24296739,151500000,4.998737242594556,64.3442277105355,4.209588027172302,
417,S3_multi_treatment,43828955.76720014,808000000,18.435301180610725,68.50048137985763,60.518095991230815,98.58287851310014
417,S4_seasonal_switch,26011605.804593824,101000000,3.882882154940343,,,
417,S5_fertilizer_policy,3728393.748649083,50000000,13.410600749482699,8.085683869793279,,
418,S1_deepen_wells,34513052.90649356,2525000000,73.16072579383224,,,
418,S2_po4_removal,18714749.683229268,151500000,8.095219148763862,37.16335570961816,10.416385554066146,
418,S3_multi_treatment,54615050.64507657,808000000,14.794456664535556,93.5265030131707,56.26028816903694,95.10166220426491
418,S4_seasonal_switch,26011605.804593824,101000000,3.882882154940343,,,
418,S5_fertilizer_policy,13970641.712653786,50000000,3.578933668788667,30.29781722694806,,
419,S1_deepen_wells,34513052.90649356,2525000000,73.16072579383224,,,
419,S2_po4_removal,23352299.021506496,151500000,6.487583935974561,40.85844156829683,29.77767236446811,
419,S3_multi_treatment,44198855.981873155,808000000,18.281016149634667,63.25739794442256,80.53894798278459,90.68695522576303
419,S4_seasonal_switch,26011605.804593824,101000000,3.882882154940343,,,
419,S5_fertilizer_policy,4984192.425218321,50000000,10.031715418332762,10.80910628367401,,
420,S1_deepen_wells,34513052.90649356,2525000000,73.16072579383224,,,
420,S2_po4_removal,26706359.20422951,151500000,5.67280619725982,56.973470504965604,2.8727634168675964,
420,S3_multi_treatment,40059315.70077496,808000000,20.170089924535805,62.42754847147927,61.09745484299099,64.66634489980677
420,S4_seasonal_switch,26011605.804593824,101000000,3.882882154940343,,,
420,S5_fertilizer_policy,8223304.716977283,50000000,6.080280583154526,17.833696435777497,,
421,S1_deepen_wells,34513052.90649356,2525000000,73.16072579383224,,,
421,S2_po4_removal,35701939.12946666,151500000,4.243466985101636,72.54693105583029,14.84769473885593,
421,S3_multi_treatment,43748272.81861801,808000000,18.469300567590373,64.17386382391162,75.56514900189056,86.8522243198346
421,S4_seasonal_switch,26011605.804593824,101000000,3.882882154940343,,,
421,S5_fertilizer_policy,14655982.674049862,50000000,3.4115760854801547,31.784100793129,,
422,S1_deepen_wells,34513052.90649356,2525000000,73.16072579383224,,,
422,S2_po4_removal,29976721.44057379,151500000,5.053921600477071,64.07873390201384,2.8335001842269154,
422,S3_multi_treatment,51093140.67796597,808000000,15.814255872284864,81.8899780893362,72.14489121874357,77.03576602156316
422,S4_seasonal_switch,26011605.804593824,101000000,3.882882154940343,,,
422,S5_fertilizer_policy,17397163.74710183,50000000,2.8740316942943895,37.72883868316269,,
423,S1_deepen_wells,34513052.90649356,2525000000,73.16072579383224,,,
423,S2_po4_removal,16420703.418785349,151500000,9.22615774344255,33.44141329934799,6.603008216273574,
423,S3_multi_treatment,52820720.19164156,808000000,15.297027323149965,87.49126917808057,64.20573635015401,88.19249651562384
423,S4_seasonal_switch,26011605.804593824,101000000,3.882882154940343,,,
423,S5_fertilizer_policy,9160855.146097489,50000000,5.458005743197449,19.86694101586015,,
424,S1_deepen_wells,34513052.90649356,2525000000,73.16072579383224,,,
424,S2_po4_removal,31534984.31568548,151500000,4.804188214694751,64.23803361213832,12.632638630697098,
424,S3_multi_treatment,53240597.31861645,808000000,15.176388708874788,84.0627817901469,75.0773457584104,99.53320739810158
424,S4_seasonal_switch,26011605.804593824,101000000,3.882882154940343,,,
424,S5_fertilizer_policy,13415199.820825674,50000000,3.727115560543519,29.093242858430994,,
425,S1_deepen_wells,34513052.90649356,2525000000,73.16072579383224,,,
425,S2_po4_removal,37100878.990951374,151500000,4.083461204165802,79.90767562284478,1.6803277014497269,
425,S3_multi_treatment,51505231.0579882,808000000,15.68772692409237,81.78228841126321,76.80276909531361,69.20628355160756
425,S4_seasonal_switch,26011605.804593824,101000000,3.882882154940343,,,
425,S5_fertilizer_policy,11963715.678192347,50000000,4.179303599728703,25.945441764835824,,
426,S1_deepen_wells,34513052.90649356,2525000000,73.16072579383224,,,
426,S2_po4_removal,26934735.719350174,151500000,5.624707128318358,51.72419098730043,20.35427308471202,
426,S3_multi_treatment,54305799.825644776,808000000,14.878705453085674,91.50889581024487,62.090600538822386,86.68471365085416
426,S4_seasonal_switch,26011605.804593824,101000000,3.882882154940343,,,
426,S5_fertilizer_policy,9741566.267346956,50000000,5.132644856874451,21.12631619526491,,
427,S1_deepen_wells,34513052.90649356,2525000000,73.16072579383224,,,
427,S2_po4_removal,29599681.207651496,151500000,5.118298367376922,60.69800948274783,10.633218735934388,
427,S3_multi_treatment,56692012.88440398,808000000,14.252448605900206,90.62993351497272,79.97231978693384,89.3154266987848
427,S4_seasonal_switch,26011605.804593824,101000000,3.882882154940343,,,
427,S5_fertilizer_policy,9501202.568457812,50000000,5.26249173615038,20.60504483445544,,
428,S1_deepen_wells,34513052.90649356,2525000000,73.16072579383224,,,
428,S2_po4_removal,22651006.416919313,151500000,6.688444531402195,44.41375215540299,14.330098298209768,
428,S3_multi_treatment,50792692.527414985,808000000,15.907800114433545,82.89083989684435,64.07142376780244,91.83814927950371
428,S4_seasonal_switch,26011605.804593824,101000000,3.882882154940343,,,
428,S5_fertilizer_policy,9921349.985619895,50000000,5.039636750288066,21.516209111327665,,
429,S1_deepen_wells,34513052.90649356,2525000000,73.16072579383224,,,
429,S2_po4_removal,24214893.646132678,151500000,6.256480090888023,51.73963414150211,2.3574096555200996,
429,S3_multi_treatment,56924180.31090507,808000000,14.194319454174204,90.69511765535134,82.04736505781614,85.71214538535298
429,S4_seasonal_switch,26011605.804593824,101000000,3.882882154940343,,,
429,S5_fertilizer_policy,4508053.10384839,50000000,11.091262424862851,9.776513620420523,,
430,S1_deepen_wells,34513052.90649356,2525000000,73.16072579383224,,,
430,S2_po4_removal,29555796.468404427,151500000,5.125898067472338,62.34570847616683,5.329410883572559,
430,S3_multi_treatment,55441527.1941805,808000000,14.573913109753097,98.70699196541847,47.369879702465234,88.19768474924231
430,S4_seasonal_switch,26011605.804593824,101000000,3.882882154940343,,,
430,S5_fertilizer_policy,15002192.938738123,50000000,3.332846084847489,32.53491922633792,,
431,S1_deepen_wells,34513052.90649356,2525000000,73.16072579383224,,,
431,S2_po4_removal,20230661.049843244,151500000,7.488633200207459,41.772532025190806,6.3944034156958445,
431,S3_multi_treatment,50006019.95246607,808000000,16.15805458558901,86.27827585549282,50.97023509585613,80.1756202748779
431,S4_seasonal_switch,26011605.804593824,101000000,3.882882154940343,,,
431,S5_fertilizer_policy,12502784.219231293,50000000,3.9991092482498387,27.114507614860617,,
432,S1_deepen_wells,34513052.90649356,2525000000,73.16072579383224,,,
432,S2_po4_removal,31515458.566460192,151500000,4.807164702379783,63.252140674717495,15.503991199662842,
432,S3_multi_treatment,68095059.82169046,808000000,11.865765330345244,97.7534229582958,86.00239256970433,96.50974909155505
432,S4_seasonal_switch,26011605.804593824,101000000,3.882882154940343,,,
432,S5_fertilizer_policy,12600953.5794079,50000000,3.9679536699276867,27.327405303677825,,
433,S1_deepen_wells,34513052.90649356,2525000000,73.16072579383224,,,
433,S2_po4_removal,39468740.422336295,151500000,3.8384807414391813,79.45502370030871,18.684749421295987,
433,S3_multi_treatment,57630338.49941953,808000000,14.020393095697996,90.05442359679772,85.95078345249864,98.87041455472763
433,S4_seasonal_switch,26011605.804593824,101000000,3.882882154940343,,,
433,S5_fertilizer_policy,5368941.048959248,50000000,9.31282343092449,11.64350199148634,,
434,S1_deepen_wells,34513052.90649356,2525000000,73.16072579383224,,,
434,S2_po4_removal,35624169.69374651,151500000,4.252730696670649,72.73623848769121,13.758357756337306,
434,S3_multi_treatment,51562902.288745746,808000000,15.670180772123764,83.04872645742779,67.41654988177996,97.95128867205132
434,S4_seasonal_switch,26011605.804593824,101000000,3.882882154940343,,,
434,S5_fertilizer_policy,7015816.228953883,50000000,7.1267545169801885,15.215043243874259,,
435,S1_deepen_wells,34513052.90649356,2525000000,73.16072579383224,,,
435,S2_po4_removal,24064850.21985831,151500000,6.295489006409116,46.958654799493985,15.916394253020663,
435,S3_multi_treatment,46119483.267452955,808000000,17.519710602876916,69.6632071543663,72.96622232117937,94.3538959263025
435,S4_seasonal_switch,26011605.804593824,101000000,3.882882154940343,,,
435,S5_fertilizer_policy,4871479.794210717,50000000,10.263821695292705,10.564668929708787,,
436,S1_deepen_wells,34513052.90649356,2525000000,73.16072579383224,,,
436,S2_po4_removal,30427019.93490304,151500000,4.979127115442986,64.30166987521739,5.126863400227824,
436,S3_multi_treatment,45467454.28118725,808000000,17.77095315262285,65.04579314238673,85.0805327455883,82.85184239076648
436,S4_seasonal_switch,26011605.804593824,101000000,3.882882154940343,,,
436,S5_fertilizer_policy,8312221.003299698,50000000,6.0152394865525745,18.02652719093568,,
437,S1_deepen_wells,34513052.90649356,2525000000,73.16072579383224,,,
437,S2_po4_removal,31016762.90588463,151500000,4.88445555906986,66.43139967138396,2.5378551073767284,
437,S3_multi_treatment,53525688.11708309,808000000,15.095555581323229,91.70246261299651,53.86291341998446,98.79069485838421
437,S4_seasonal_switch,26011605.804593824,101000000,3.882882154940343,,,
437,S5_fertilizer_policy,11317961.531594545,50000000,4.417756665846848,24.545009235709845,,
438,S1_deepen_wells,34513052.90649356,2525000000,73.16072579383224,,,
438,S2_po4_removal,26370279.17425973,151500000,5.745104137838652,50.316972662427894,20.911454830960388,
438,S3_multi_treatment,51507931.32550391,808000000,15.686904505907085,87.19225059730348,58.791412198179515,76.81870101855282
438,S4_seasonal_switch,26011605.804593824,101000000,3.882882154940343,,,
438,S5_fertilizer_policy,1438306.4791824892,50000000,34.763105585409875,3.1192229905328808,,
439,S1_deepen_wells,34513052.90649356,2525000000,73.16072579383224,,,
439,S2_po4_removal,20597567.643370725,151500000,7.355237405847767,41.64624040303993,9.200163549192618,
439,S3_multi_treatment,52839889.568015665,808000000,15.291477832479949,86.89824340257083,68.30885743100242,77.63372802722866
439,S4_seasonal_switch,26011605.804593824,101000000,3.882882154940343,,,
439,S5_fertilizer_policy,5933043.152584799,50000000,8.427378448817944,12.86685756702186,,
440,S1_deepen_wells,34513052.90649356,2525000000,73.16072579383224,,,
440,S2_po4_removal,29268690.81127978,151500000,5.176179589884964,60.836322580075084,8.027908023595938,
440,S3_multi_treatment,56061539.16239469,808000000,14.41273307997215,94.19360011689234,64.8561193061382,89.85297475958416
440,S4_seasonal_switch,26011605.804593824,101000000,3.882882154940343,,,
440,S5_fertilizer_policy,4512941.7087316215,50000000,11.079247911237188,9.787115428146542,,
441,S1_deepen_wells,34513052.90649356,2525000000,73.16072579383224,,,
441,S2_po4_removal,37203979.23575124,151500000,4.072145053086573,78.22587731892644,7.478703289093248,
441,S3_multi_treatment,51613230.26690514,808000000,15.6549008039533,83.83426090870132,65.05565206437207,99.4221014168927
441,S4_seasonal_switch,26011605.804593824,101000000,3.882882154940343,,,
441,S5_fertilizer_policy,5906322.972990751,50000000,8.465503872484945,12.808910113049246,,
442,S1_deepen_wells,34513052.90649356,2525000000,73.16072579383224,,,
442,S2_po4_removal,37751836.70831941,151500000,4.013049780081661,80.28810533125073,4.818685176263072,
442,S3_multi_treatment,54031105.03813107,808000000,14.954348970463858,83.57795019840557,81.85800708465068,99.10435852935302
442,S4_seasonal_switch,26011605.804593824,101000000,3.882882154940343,,,
442,S5_fertilizer_policy,19784545.296846226,50000000,2.527225126976777,42.90629948509774,,
443,S1_deepen_wells,34513052.90649356,2525000000,73.16072579383224,,,
443,S2_po4_removal,23753792.144051746,151500000,6.3779290094502885,47.86476711964468,11.10610487180068,
443,S3_multi_treatment,50564421.99655267,808000000,15.979615075103341,78.14455223461935,76.22776777554083,95.63395869419334
443,S4_seasonal_switch,26011605.804593824,101000000,3.882882154940343,,,
443,S5_fertilizer_policy,5572805.146961249,50000000,8.972142158471861,12.085617486782919,,
444,S1_deepen_wells,34513052.90649356,2525000000,73.16072579383224,,,
444,S2_po4_removal,32525741.222961724,151500000,4.657849269643938,67.91037190097468,7.995781027775209,
444,S3_multi_treatment,54887139.83251042,808000000,14.72111686755101,87.65699179805986,74.9795295413634,99.66269861750855
444,S4_seasonal_switch,26011605.804593824,101000000,3.882882154940343,,,
444,S5_fertilizer_policy,14204224.144205078,50000000,3.5200796250739668,30.804382205431285,,
445,S1_deepen_wells,34513052.90649356,2525000000,73.16072579383224,,,
445,S2_po4_removal,33141263.021056354,151500000,4.571340564291235,69.59928932189209,6.9183584263384255,
445,S3_multi_treatment,54738178.92596147,808000000,14.761177953926744,90.70329714571933,70.91171249515588,69.59178539099577
445,S4_seasonal_switch,26011605.804593824,101000000,3.882882154940343,,,
445,S5_fertilizer_policy,8232757.686940372,50000000,6.073299118145433,17.85419687964286,,
446,S1_deepen_wells,34513052.90649356,2525000000,73.16072579383224,,,
446,S2_po4_removal,17391801.985556535,151500000,8.711000741948249,35.81800725368362,5.77955071369837,
446,S3_multi_treatment,53060084.948048495,808000000,15.228019344317268,86.41210726425146,66.78885433727243,99.2796604636506
446,S4_seasonal_switch,26011605.804593824,101000000,3.882882154940343,,,
446,S5_fertilizer_policy,7411383.704257794,50000000,6.7463785434932095,16.072901552331768,,
447,S1_deepen_wells,34513052.90649356,2525000000,73.16072579383224,,,
447,S2_po4_removal,33400969.600594953,151500000,4.535796469731867,69.65096149594079,8.475071878030713,
447,S3_multi_treatment,55716701.79837617,808000000,14.501935217269962,91.8480974565516,68.42269045802666,96.15019693979
447,S4_seasonal_switch,26011605.804593824,101000000,3.882882154940343,,,
447,S5_fertilizer_policy,11632457.24353607,50000000,4.298317969557466,25.227049029947334,,
448,S1_deepen_wells,34513052.90649356,2525000000,73.16072579383224,,,
448,S2_po4_removal,22262011.636861548,151500000,6.80531492262566,47.52339149433121,2.2998067334605867,
448,S3_multi_treatment,51305207.37725378,808000000,15.748888686067913,85.41208535784871,62.558486599783805,78.33706548874048
448,S4_seasonal_switch,26011605.804593824,101000000,3.882882154940343,,,
448,S5_fertilizer_policy,7833255.361796297,50000000,6.383042259014796,16.98780515062206,,
449,S1_deepen_wells,34513052.90649356,2525000000,73.16072579383224,,,
449,S2_po4_removal,24776200.278336406,151500000,6.114739076131348,49.967833630862785,11.45365349127386,
449,S3_multi_treatment,53663657.38790093,808000000,15.05674490576508,88.43692738145725,64.90312729773721,97.85644332707828
449,S4_seasonal_switch,26011605.804593824,101000000,3.882882154940343,,,
449,S5_fertilizer_policy,7302736.382090732,50000000,6.846748586272435,15.837280542436915,,
450,S1_deepen_wells,34513052.90649356,2525000000,73.16072579383224,,,
450,S2_po4_removal,24213020.13078679,151500000,6.256964194539621,50.611861416937785,5.777020590364504,
450,S3_multi_treatment,47601346.81032651,808000000,16.974309639170013,70.16163172879908,80.67497773057127,97.04796387825616
450,S4_seasonal_switch,26011605.804593824,101000000,3.882882154940343,,,
450,S5_fertilizer_policy,11164893.58401256,50000000,4.4783230241976435,24.213054212130498,,
451,S1_deepen_wells,34513052.90649356,2525000000,73.16072579383224,,,
451,S2_po4_removal,37548986.211778104,151500000,4.034729437048783,73.61226190489676,23.795509525261327,
451,S3_multi_treatment,68094862.584845,808000000,11.865799699547761,97.72860071518268,74.56369668320777,77.34925045039117
451,S4_seasonal_switch,26011605.804593824,101000000,3.882882154940343,,,
451,S5_fertilizer_policy,6581923.282669477,50000000,7.596563778197236,14.274069346398937,,
452,S1_deepen_wells,34513052.90649356,2525000000,73.16072579383224,,,
452,S2_po4_removal,15205642.470925651,151500000,9.9634066952238,30.508685735442253,7.5088067197729575,
452,S3_multi_treatment,45277010.82972544,808000000,17.84570105651782,67.49634692027894,74.31457622437047,92.82611660191351
452,S4_seasonal_switch,26011605.804593824,101000000,3.882882154940343,,,
452,S5_fertilizer_policy,11262479.688416421,50000000,4.439519660259679,24.424687007239697,,
453,S1_deepen_wells,34513052.90649356,2525000000,73.16072579383224,,,
453,S2_po4_removal,31917619.26438582,151500000,4.746594623648703,63.97959771966049,15.944333716984612,
453,S3_multi_treatment,40849155.86598532,808000000,19.780090502991605,56.39407434147002,80.44828693076043,85.19387322100758
453,S4_seasonal_switch,26011605.804593824,101000000,3.882882154940343,,,
453,S5_fertilizer_policy,8262566.37518172,50000000,6.051388603689171,17.918842313022886,,
454,S1_deepen_wells,34513052.90649356,2525000000,73.16072579383224,,,
454,S2_po4_removal,29192623.29445815,151500000,5.189667213934842,61.1009132622667,6.720705213139341,
454,S3_multi_treatment,56304154.35641019,808000000,14.350628461361657,94.99916707073523,64.59766901434364,86.97577082756578
454,S4_seasonal_switch,26011605.804593824,101000000,3.882882154940343,,,
454,S5_fertilizer_policy,9229523.954709694,50000000,5.417397500169629,20.015861520395063,,
455,S1_deepen_wells,34513052.90649356,2525000000,73.16072579383224,,,
455,S2_po4_removal,29970639.922677785,151500000,5.054947121278015,55.50428799756067,28.88664265988813,
455,S3_multi_treatment,56043741.04051237,808000000,14.417310211606335,90.27256908699347,74.77022136808012,99.09309932188131
455,S4_seasonal_switch,26011605.804593824,101000000,3.882882154940343,,,
455,S5_fertilizer_policy,7339836.413698301,50000000,6.812140922743898,15.917738548581465,,
456,S1_deepen_wells,34513052.90649356,2525000000,73.16072579383224,,,
456,S2_po4_removal,29408085.90705821,151500000,5.1516443633496944,59.47875232263097,13.079142279676525,
456,S3_multi_treatment,57541619.444659576,808000000,14.042010075456615,93.18224753572147,79.40713338347489,81.56236614762705
456,S4_seasonal_switch,26011605.804593824,101000000,3.882882154940343,,,
456,S5_fertilizer_policy,9343654.735991158,50000000,5.351225126866387,20.263374385040578,,
457,S1_deepen_wells,34513052.90649356,2525000000,73.16072579383224,,,
457,S2_po4_removal,30870661.38872861,151500000,4.9075722120846805,65.48517461259166,4.45314324708958,
457,S3_multi_treatment,55719464.96536964,808000000,14.501216056223482,93.7583802002995,63.86973386369213,90.11194273805044
457,S4_seasonal_switch,26011605.804593824,101000000,3.882882154940343,,,
457,S5_fertilizer_policy,12402467.294733882,50000000,4.031455904038555,26.896952551485175,,
458,S1_deepen_wells,34513052.90649356,2525000000,73.16072579383224,,,
458,S2_po4_removal,26878224.139303453,151500000,5.636533098868864,54.478818123568196,11.598590832705142,
458,S3_multi_treatment,43294998.90365644,808000000,18.662663597660032,73.40723886652125,43.906084959686844,89.61907327979496
458,S4_seasonal_switch,26011605.804593824,101000000,3.882882154940343,,,
458,S5_fertilizer_policy,7170928.807184413,50000000,6.972597461838692,15.551432412066365,,
459,S1_deepen_wells,34513052.90649356,2525000000,73.16072579383224,,,
459,S2_po4_removal,29137020.514824077,151500000,5.19957076334971,62.64627478441006,1.650990705134284,
459,S3_multi_treatment,55623432.87888457,808000000,14.526251944200446,90.32477723160434,73.02775458708783,93.30665981992907
459,S4_seasonal_switch,26011605.804593824,101000000,3.882882154940343,,,
459,S5_fertilizer_policy,11839402.777217343,50000000,4.2231859951766655,25.675847165664262,,
460,S1_deepen_wells,34513052.90649356,2525000000,73.16072579383224,,,
460,S2_po4_removal,26511287.57658586,151500000,5.714547041985287,56.81143979054599,2.078451731814955,
460,S3_multi_treatment,56631928.23824115,808000000,14.267569993394499,87.2652399456761,90.97335435252228,83.68433518500974
460,S4_seasonal_switch,26011605.804593824,101000000,3.882882154940343,,,
460,S5_fertilizer_policy,12565219.133120991,50000000,3.97923820271496,27.249908811778944,,
461,S1_deepen_wells,34513052.90649356,2525000000,73.16072579383224,,,
461,S2_po4_removal,25260420.505362235,151500000,5.997524861782877,49.12370712335289,17.218111888078713,
461,S3_multi_treatment,57763121.068342805,808000000,13.9881638155253,93.98415605240729,77.28640556317346,87.11521735967924
461,S4_seasonal_switch,26011605.804593824,101000000,3.882882154940343,,,
461,S5_fertilizer_policy,11584728.795158595,50000000,4.316026804261109,25.12354141482063,,
462,S1_deepen_wells,34513052.90649356,2525000000,73.16072579383224,,,
462,S2_po4_removal,16239841.113874793,151500000,9.328909004569221,29.606121373226017,17.080737089526316,
462,S3_multi_treatment,47348657.12763548,808000000,17.064897908760404,80.7008130882191,46.45252478572107,99.39384771952045
462,S4_seasonal_switch,26011605.804593824,101000000,3.882882154940343,,,
462,S5_fertilizer_policy,15900164.76606901,50000000,3.1446215014513634,34.48233058073394,,
463,S1_deepen_wells,34513052.90649356,2525000000,73.16072579383224,,,
463,S2_po4_removal,17938541.480811372,151500000,8.445502671555412,36.018242691780166,8.778466895092093,
463,S3_multi_treatment,49356591.92428169,808000000,16.370660300848137,83.00155926357155,52.92019189565713,98.33597529837188
463,S4_seasonal_switch,26011605.804593824,101000000,3.882882154940343,,,
463,S5_fertilizer_policy,2865246.681995362,50000000,17.450504458897036,6.213796192524734,,
464,S1_deepen_wells,34513052.90649356,2525000000,73.16072579383224,,,
464,S2_po4_removal,19089645.52070003,151500000,7.936239561689064,38.42317819890283,9.056725935065268,
464,S3_multi_treatment,44723635.04463211,808000000,18.0665100051383,65.69076640445988,75.08472757382035,98.03967136657845
464,S4_seasonal_switch,26011605.804593824,101000000,3.882882154940343,,,
464,S5_fertilizer_policy,15407603.231986664,50000000,3.245151062573992,33.41412343323154,,
465,S1_deepen_wells,34513052.90649356,2525000000,73.16072579383224,,,
465,S2_po4_removal,25252381.90461704,151500000,5.999434056250368,51.22993027462126,10.755518906396137,
465,S3_multi_treatment,56980648.49246086,808000000,14.180252794190416,97.73441895406933,59.189298932636845,94.50706410451787
465,S4_seasonal_switch,26011605.804593824,101000000,3.882882154940343,,,
465,S5_fertilizer_policy,8849804.562314183,50000000,5.649842281593305,19.19237259376211,,
466,S1_deepen_wells,34513052.90649356,2525000000,73.16072579383224,,,
466,S2_po4_removal,28535779.435399912,151500000,5.30912429930186,58.43544587522682,10.497201449263803,
466,S3_multi_treatment,48529880.00033711,808000000,16.649536326782332,70.15028856443492,87.98592948621221,91.46468172012644
466,S4_seasonal_switch,26011605.804593824,101000000,3.882882154940343,,,
466,S5_fertilizer_policy,6430141.593352497,50000000,7.775878536125888,13.944903802259512,,
467,S1_deepen_wells,34513052.90649356,2525000000,73.16072579383224,,,
467,S2_po4_removal,17308627.995703436,151500000,8.75286013643642,37.0824315027874,1.3828099902866517,
467,S3_multi_treatment,55325117.146577686,808000000,14.604578203771258,93.34219504193743,64.23347480528855,81.84864749861941
467,S4_seasonal_switch,26011605.804593824,101000000,3.882882154940343,,,
467,S5_fertilizer_policy,14860002.065812476,50000000,3.364737082710912,32.226553070519984,,
468,S1_deepen_wells,34513052.90649356,2525000000,73.16072579383224,,,
468,S2_po4_removal,37375421.580133036,151500000,4.053465983659434,79.3976398071428,5.044311461325249,
468,S3_multi_treatment,53691453.83573407,808000000,15.048949921751602,88.44393763350817,66.01221367415395,93.25279617514286
468,S4_seasonal_switch,26011605.804593824,101000000,3.882882154940343,,,
468,S5_fertilizer_policy,6628044.281197123,50000000,7.543703372930583,14.374090921102258,,
469,S1_deepen_wells,34513052.90649356,2525000000,73.16072579383224,,,
469,S2_po4_removal,30287569.340468623,151500000,5.002052105831215,61.864394223380195,11.623527404071996,
469,S3_multi_treatment,45397262.940902084,808000000,17.798429853620252,64.45811752324776,85.16977564165497,88.86010233351314
469,S4_seasonal_switch,26011605.804593824,101000000,3.882882154940343,,,
469,S5_fertilizer_policy,8013551.491289191,50000000,6.239430800981374,17.378809321400748,,
470,S1_deepen_wells,34513052.90649356,2525000000,73.16072579383224,,,
470,S2_po4_removal,29177960.091998287,151500000,5.192275248931713,57.05502796443103,18.936147621444675,
470,S3_multi_treatment,50687602.4859453,808000000,15.940781579165101,75.86409886262379,84.77846264696247,91.75452020157545
470,S4_seasonal_switch,26011605.804593824,101000000,3.882882154940343,,,
470,S5_fertilizer_policy,6808693.0276829675,50000000,7.3435532776567625,14.765859804441941,,
471,S1_deepen_wells,34513052.90649356,2525000000,73.16072579383224,,,
471,S2_po4_removal,24417547.67478557,151500000,6.204554282756425,50.13824116072008,8.568115301021201,
471,S3_multi_treatment,50099640.3737306,808000000,16.127860279485542,82.15796157844652,61.713344381627536,91.90848227297877
471,S4_seasonal_switch,26011605.804593824,101000000,3.882882154940343,,,
471,S5_fertilizer_policy,12423083.648741193,50000000,4.024765622910895,26.941662775857576,,
472,S1_deepen_wells,34513052.90649356,2525000000,73.16072579383224,,,
472,S2_po4_removal,29094689.50065849,151500000,5.207135824445597,61.439226405801996,5.044845633602438,
472,S3_multi_treatment,54042543.27534287,808000000,14.95118384572129,80.85327407064878,90.47703914018537,97.87946791833676
472,S4_seasonal_switch,26011605.804593824,101000000,3.882882154940343,,,
472,S5_fertilizer_policy,7671782.034526095,50000000,6.51739058474028,16.637621568701938,,
473,S1_deepen_wells,34513052.90649356,2525000000,73.16072579383224,,,
473,S2_po4_removal,28125454.842846632,151500000,5.38657955387812,59.66186943320022,4.057039451857083,
473,S3_multi_treatment,54935433.133022286,808000000,14.708175651286572,85.27422840199284,84.0052224184294,92.58502723041364
473,S4_seasonal_switch,26011605.804593824,101000000,3.882882154940343,,,
473,S5_fertilizer_policy,5126195.190372519,50000000,9.753822892640676,11.117064494388558,,
474,S1_deepen_wells,34513052.90649356,2525000000,73.16072579383224,,,
474,S2_po4_removal,33372465.63269005,151500000,4.5396705675710685,65.90232785577457,19.694591028460962,
474,S3_multi_treatment,52418090.79667337,808000000,15.41452555252696,83.25912667409987,72.46120072819993,97.75183551478885
474,S4_seasonal_switch,26011605.804593824,101000000,3.882882154940343,,,
474,S5_fertilizer_policy,11303455.192881174,50000000,4.423426213206879,24.513549664416765,,
475,S1_deepen_wells,34513052.90649356,2525000000,73.16072579383224,,,
475,S2_po4_removal,26643268.14462033,151500000,5.686239359888366,55.09287832128278,8.179301503842149,
475,S3_multi_treatment,68086856.74951944,808000000,11.867194912117938,96.72106690308891,71.68395238015496,92.56148644099402
475,S4_seasonal_switch,26011605.804593824,101000000,3.882882154940343,,,
475,S5_fertilizer_policy,7692620.993930705,50000000,6.499735270910762,16.68281455240497,,
476,S1_deepen_wells,34513052.90649356,2525000000,73.16072579383224,,,
476,S2_po4_removal,18925582.12904416,151500000,8.005037782563127,38.13462483456359,8.852082889285706,
476,S3_multi_treatment,53818713.095193215,808000000,15.013365306056826,87.91044007801126,68.91036094335874,91.13915893063796
476,S4_seasonal_switch,26011605.804593824,101000000,3.882882154940343,,,
476,S5_fertilizer_policy,8533048.767593428,50000000,5.859570402303171,18.5054314087102,,
477,S1_deepen_wells,34513052.90649356,2525000000,73.16072579383224,,,
477,S2_po4_removal,32100257.04920449,151500000,4.719588374877343,64.6205667778259,15.199108426730017,
477,S3_multi_treatment,68070452.49284847,808000000,11.870054780154268,94.65659235594585,89.09058168279729,98.69472998061964
477,S4_seasonal_switch,26011605.804593824,101000000,3.882882154940343,,,
477,S5_fertilizer_policy,9283591.02581089,50000000,5.385846905684072,20.13311556440487,,
478,S1_deepen_wells,34513052.90649356,2525000000,73.16072579383224,,,
478,S2_po4_removal,22243028.31997697,151500000,6.811122919981826,43.223601067071336,15.259408120814175,
478,S3_multi_treatment,50752268.20882614,808000000,15.92047072015362,88.17292157509249,51.84136890355264,71.85346190826701
478,S4_seasonal_switch,26011605.804593824,101000000,3.882882154940343,,,
478,S5_fertilizer_policy,5648728.606896386,50000000,8.851549344919192,12.250270990871343,,
479,S1_deepen_wells,34513052.90649356,2525000000,73.16072579383224,,,
479,S2_po4_removal,25411094.78134408,151500000,5.961962729414787,52.08490911286915,9.201136121640605,
479,S3_multi_treatment,53907195.36626503,808000000,14.988722646580944,83.99818623571672,80.05733415650046,97.66576345435087
479,S4_seasonal_switch,26011605.804593824,101000000,3.882882154940343,,,
479,S5_fertilizer_policy,13418696.839275993,50000000,3.7261442447713686,29.100826763882598,,
480,S1_deepen_wells,34513052.90649356,2525000000,73.16072579383224,,,
480,S2_po4_removal,36407702.93770099,151500000,4.161207320858422,76.69372472839305,6.8861605956737,
480,S3_multi_treatment,54966067.426615074,808000000,14.699978328970992,88.57313460159067,73.87856022224949,93.9938105464845
480,S4_seasonal_switch,26011605.804593824,101000000,3.882882154940343,,,
480,S5_fertilizer_policy,3820456.7369605973,50000000,13.087440440374676,8.285338806953586,,
481,S1_deepen_wells,34513052.90649356,2525000000,73.16072579383224,,,
481,S2_po4_removal,25420925.253185146,151500000,5.959657191510668,54.22920796573918,2.7406019951850293,
481,S3_multi_treatment,56361085.96884627,808000000,14.336132565767523,90.88866292201949,75.06057933272513,98.74856408477993
481,S4_seasonal_switch,26011605.804593824,101000000,3.882882154940343,,,
481,S5_fertilizer_policy,10284426.281445883,50000000,4.861719908499409,22.303604527846694,,
482,S1_deepen_wells,34513052.90649356,2525000000,73.16072579383224,,,
482,S2_po4_removal,35965028.260472134,151500000,4.2124254401464825,75.07198773460821,8.899865175995549,
482,S3_multi_treatment,43837181.79944137,808000000,18.43184180262009,60.209047813036165,89.99978616615589,78.18738244821955
482,S4_seasonal_switch,26011605.804593824,101000000,3.882882154940343,,,
482,S5_fertilizer_policy,14708962.250575043,50000000,3.3992880767672964,31.898996412051606,,
483,S1_deepen_wells,34513052.90649356,2525000000,73.16072579383224,,,
483,S2_po4_removal,28608965.08382023,151500000,5.29554283267942,60.29040285991669,5.335295218240234,
483,S3_multi_treatment,55836614.9685201,808000000,14.4707912622486,94.54760143296535,60.26039510443144,99.74130247370634
483,S4_seasonal_switch,26011605.804593824,101000000,3.882882154940343,,,
483,S5_fertilizer_policy,10434128.874230199,50000000,4.791966881249477,22.628261181983863,,
484,S1_deepen_wells,34513052.90649356,2525000000,73.16072579383224,,,
484,S2_po4_removal,32284941.770952865,151500000,4.692590157814882,61.56423175456739,25.71882274988817,
484,S3_multi_treatment,68097435.54310308,808000000,11.86535136831352,98.05240733081918,72.46437904401134,96.62598461020954
484,S4_seasonal_switch,26011605.804593824,101000000,3.882882154940343,,,
484,S5_fertilizer_policy,3289517.31783738,50000000,15.199798380411442,7.133902401236655,,
485,S1_deepen_wells,34513052.90649356,2525000000,73.16072579383224,,,
485,S2_po4_removal,20316345.081397556,151500000,7.45704994638624,39.77819512838725,13.028939081517748,
485,S3_multi_treatment,52992768.68857929,808000000,15.24736336665753,83.54461257217915,75.39476048617804,97.70472426115215
485,S4_seasonal_switch,26011605.804593824,101000000,3.882882154940343,,,
485,S5_fertilizer_policy,10563453.440294787,50000000,4.733300552002498,22.908724466789888,,
486,S1_deepen_wells,34513052.90649356,2525000000,73.16072579383224,,,
486,S2_po4_removal,31728941.590807,151500000,4.774820476327989,67.7195780918205,3.3178359155957327,
486,S3_multi_treatment,56015168.546443835,808000000,14.42466426446728,91.12136979447449,76.32142453130825,78.07814863387266
486,S4_seasonal_switch,26011605.804593824,101000000,3.882882154940343,,,
486,S5_fertilizer_policy,8693429.563949786,50000000,5.751470076589994,18.853245643350284,,
487,S1_deepen_wells,34513052.90649356,2525000000,73.16072579383224,,,
487,S2_po4_removal,35162876.56076957,151500000,4.308521225166917,73.7368201638257,7.669093303141279,
487,S3_multi_treatment,50175643.14212765,808000000,16.10343085610796,78.28211643604222,75.31704726923427,85.55285408235919
487,S4_seasonal_switch,26011605.804593824,101000000,3.882882154940343,,,
487,S5_fertilizer_policy,2862046.388183862,50000000,17.47001732970791,6.2068557871398085,,
488,S1_deepen_wells,34513052.90649356,2525000000,73.16072579383224,,,
488,S2_po4_removal,22215033.78609074,151500000,6.819706035957374,42.874252248510224,16.137774358636854,
488,S3_multi_treatment,45705819.792823136,808000000,17.67827387546114,71.63364254819355,63.478546751186514,98.05510920733792
488,S4_seasonal_switch,26011605.804593824,101000000,3.882882154940343,,,
488,S5_fertilizer_policy,4852810.371842474,50000000,10.303308015107218,10.52418097229929,,
489,S1_deepen_wells,34513052.90649356,2525000000,73.16072579383224,,,
489,S2_po4_removal,29783484.555615872,151500000,5.086711721628746,59.803962304599764,14.566961941255038,
489,S3_multi_treatment,56450297.90873354,808000000,14.313476277952338,86.91611633578793,88.03822889277176,97.29084950859057
489,S4_seasonal_switch,26011605.804593824,101000000,3.882882154940343,,,
489,S5_fertilizer_policy,6045358.8715085685,50000000,8.270807583590637,13.110434146656194,,
490,S1_deepen_wells,34513052.90649356,2525000000,73.16072579383224,,,
490,S2_po4_removal,29756495.91950292,151500000,5.091325282715976,64.18680877293606,1.0512125516796489,
490,S3_multi_treatment,50540882.647522435,808000000,15.98705755962117,90.3597526313543,41.73279733305435,81.86153214717652
490,S4_seasonal_switch,26011605.804593824,101000000,3.882882154940343,,,
490,S5_fertilizer_policy,9615892.13156765,50000000,5.199725549734162,20.853769516714884,,
491,S1_deepen_wells,34513052.90649356,2525000000,73.16072579383224,,,
491,S2_po4_removal,30103888.6672597,151500000,5.032572425261721,60.85961896495201,13.468984893162187,
491,S3_multi_treatment,57129313.35540972,808000000,14.143352204730961,96.2329172454846,63.6630566327549,99.74115753412549
491,S4_seasonal_switch,26011605.804593824,101000000,3.882882154940343,,,
491,S5_fertilizer_policy,6178793.057948202,50000000,8.09219527682378,13.399809872963273,,
492,S1_deepen_wells,34513052.90649356,2525000000,73.16072579383224,,,
492,S2_po4_removal,35043234.055864386,151500000,4.323231119550363,73.88215445064603,6.437227480363861,
492,S3_multi_treatment,46933272.165290214,808000000,17.215931528370213,75.67354597123486,60.05553250604944,94.31034131761764
492,S4_seasonal_switch,26011605.804593824,101000000,3.882882154940343,,,
492,S5_fertilizer_policy,9389223.993411109,50000000,5.325253720125062,20.362199411182846,,
493,S1_deepen_wells,34513052.90649356,2525000000,73.16072579383224,,,
493,S2_po4_removal,36837536.995347045,151500000,4.1126528089849215,70.97924653404358,27.112876111187045,
493,S3_multi_treatment,56595621.98618939,808000000,14.276722680018787,94.39971751413216,65.80169873872077,99.3420364666259
493,S4_seasonal_switch,26011605.804593824,101000000,3.882882154940343,,,
493,S5_fertilizer_policy,7560993.931905277,50000000,6.612887201114393,16.39735789626908,,
494,S1_deepen_wells,34513052.90649356,2525000000,73.16072579383224,,,
494,S2_po4_removal,19563526.624554187,151500000,7.744002546547631,41.47904286776269,2.8847134904059266,
494,S3_multi_treatment,58138566.2022378,808000000,13.897831556239849,93.59961941088353,82.73411281303211,78.36601100556338
494,S4_seasonal_switch,26011605.804593824,101000000,3.882882154940343,,,
494,S5_fertilizer_policy,10541687.288510434,50000000,4.743073725445817,22.86152070177609,,
495,S1_deepen_wells,34513052.90649356,2525000000,73.16072579383224,,,
495,S2_po4_removal,23382531.453261197,151500000,6.479195817733844,50.55377679907419,0.47288803188093137,
495,S3_multi_treatment,54264313.06315709,808000000,14.890080688197155,90.78955391568782,61.96081345877854,96.62658960724212
495,S4_seasonal_switch,26011605.804593824,101000000,3.882882154940343,,,
495,S5_fertilizer_policy,15197193.878348075,50000000,3.2900810768254125,32.957813388889875,,
496,S1_deepen_wells,34513052.90649356,2525000000,73.16072579383224,,,
496,S2_po4_removal,34650015.28704047,151500000,4.3722924433070265,72.68286074994522,7.491765244319995,
496,S3_multi_treatment,52295453.41561709,808000000,15.45067395397523,92.14900386422397,45.430265594737314,93.70905472731337
496,S4_seasonal_switch,26011605.804593824,101000000,3.882882154940343,,,
496,S5_fertilizer_policy,6540271.711448811,50000000,7.644942321352567,14.183740518417062,,
497,S1_deepen_wells,34513052.90649356,2525000000,73.16072579383224,,,
497,S2_po4_removal,37007911.63389975,151500000,4.09371924302867,76.1175489240978,12.600683691655505,
497,S3_multi_treatment,49759170.90326086,808000000,16.23821268185659,84.49412043785628,56.15702990671525,73.4354596371095
497,S4_seasonal_switch,26011605.804593824,101000000,3.882882154940343,,,
497,S5_fertilizer_policy,12090178.316537984,50000000,4.135588300761926,26.21969845121006,,
498,S1_deepen_wells,34513052.90649356,2525000000,73.16072579383224,,,
498,S2_po4_removal,25807228.16322688,151500000,5.870448350430547,53.18714131902493,8.461205790931368,
498,S3_multi_treatment,55469914.93124771,808000000,14.566454644855272,88.51787219986929,79.24042962922493,84.91020079017841
498,S4_seasonal_switch,26011605.804593824,101000000,3.882882154940343,,,
498,S5_fertilizer_policy,11781240.126174562,50000000,4.2440353871503085,25.549711129326496,,
499,S1_deepen_wells,34513052.90649356,2525000000,73.16072579383224,,,
499,S2_po4_removal,27545037.577276543,151500000,5.500083257282644,56.9970812537827,8.335853649323044,
499,S3_multi_treatment,57825016.251975566,808000000,13.973191057640127,90.66680819679502,87.02307657902304,90.84384222449074
499,S4_seasonal_switch,26011605.804593824,101000000,3.882882154940343,,,
499,S5_fertilizer_policy,12331653.170328975,50000000,4.054606410785565,26.743379548724427,,
500,S1_deepen_wells,34513052.90649356,2525000000,73.16072579383224,,,
500,S2_po4_removal,14304149.125580005,151500000,10.591332533654425,29.76374491232506,3.8262745057870786,
500,S3_multi_treatment,54912202.00420493,808000000,14.714398084748577,87.95089661101987,74.5677860498844,98.12040539381613
500,S4_seasonal_switch,26011605.804593824,101000000,3.882882154940343,,,
500,S5_fertilizer_policy,8144252.146146461,50000000,6.139299115838159,17.66225689909654,,
501,S1_deepen_wells,34513052.90649356,2525000000,73.16072579383224,,,
501,S2_po4_removal,31865571.81013616,151500000,4.754347447542402,66.88711888825148,6.752834269761468,
501,S3_multi_treatment,53813419.52601534,808000000,15.014842154927244,87.3179856655983,70.19262788995839,93.50046174715128
501,S4_seasonal_switch,26011605.804593824,101000000,3.882882154940343,,,
501,S5_fertilizer_policy,13582259.016991451,50000000,3.6812727498017694,29.455540388896416,,
502,S1_deepen_wells,34513052.90649356,2525000000,73.16072579383224,,,
502,S2_po4_removal,36335268.55063638,151500000,4.169502690997631,78.49930262999038,0.913488175205781,
502,S3_multi_treatment,47106911.55118492,808000000,17.152472395097522,74.12658445189561,67.84147168392512,84.91630491909152
502,S4_seasonal_switch,26011605.804593824,101000000,3.882882154940343,,,
502,S5_fertilizer_policy,2523543.7916584313,50000000,19.813406910264405,5.4727528009408575,,
503,S1_deepen_wells,34513052.90649356,2525000000,73.16072579383224,,,
503,S2_po4_removal,37071253.3679329,151500000,4.08672451660481,79.14420953454415,3.8081481042553116,
503,S3_multi_treatment,56991559.51169468,808000000,14.177537988484037,88.35763137412698,87.03491931460337,98.20810700288784
503,S4_seasonal_switch,26011605.804593824,101000000,3.882882154940343,,,
503,S5_fertilizer_policy,3916325.064528972,50000000,12.767070959676236,8.493246297980885,,
504,S1_deepen_wells,34513052.90649356,2525000000,73.16072579383224,,,
504,S2_po4_removal,32132676.95779606,151500000,4.714826598449431,68.11077799031501,4.791849709819653,
504,S3_multi_treatment,53138238.622331984,808000000,15.205622560105489,93.01289868534455,47.98752060618284,95.53613902590435
504,S4_seasonal_switch,26011605.804593824,101000000,3.882882154940343,,,
504,S5_fertilizer_policy,6385041.84059979,50000000,7.8308022481655595,13.847096980354934,,
505,S1_deepen_wells,34513052.90649356,2525000000,73.16072579383224,,,
505,S2_po4_removal,24845905.63311083,151500000,6.097584134671426,49.97216371771108,11.90050381760342,
505,S3_multi_treatment,50240027.283966415,808000000,16.082793813646372,87.08979346390278,46.65166951390835,96.67217189288493
505,S4_seasonal_switch,26011605.804593824,101000000,3.882882154940343,,,
505,S5_fertilizer_policy,8636132.558084577,50000000,5.789628594016114,18.728986912286906,,
506,S1_deepen_wells,34513052.90649356,2525000000,73.16072579383224,,,
506,S2_po4_removal,36796743.38398946,151500000,4.117212178779897,75.82159492395328,12.107688663430375,
506,S3_multi_treatment,55872862.76128095,808000000,14.461403265700069,89.88044840407164,75.77063021905501,94.54835841316579
506,S4_seasonal_switch,26011605.804593824,101000000,3.882882154940343,,,
506,S5_fertilizer_policy,6220058.38077087,50000000,8.038509759743341,13.489301052710555,,
507,S1_deepen_wells,34513052.90649356,2525000000,73.16072579383224,,,
507,S2_po4_removal,36240476.088623844,151500000,4.180408657698539,74.14749899221577,13.531063302480453,
507,S3_multi_treatment,57277687.43038037,808000000,14.10671478282192,96.90802334397868,62.63732718623297,99.50048501202035
507,S4_seasonal_switch,26011605.804593824,101000000,3.882882154940343,,,
507,S5_fertilizer_policy,9303720.376909636,50000000,5.374194190540389,20.176769636496267,,
508,S1_deepen_wells,34513052.90649356,2525000000,73.16072579383224,,,
508,S2_po4_removal,31582563.503430493,151500000,4.796950696657163,65.1225584138565,10.25490539981601,
508,S3_multi_treatment,56158973.55439995,808000000,14.387727354334714,93.6513907920118,67.29670414335203,89.13574118113527
508,S4_seasonal_switch,26011605.804593824,101000000,3.882882154940343,,,
508,S5_fertilizer_policy,13618842.858666964,50000000,3.671383870045923,29.53487894551691,,
509,S1_deepen_wells,34513052.90649356,2525000000,73.16072579383224,,,
509,S2_po4_removal,25781764.580259375,151500000,5.876246349561378,52.05539252866209,11.737231476271697,
509,S3_multi_treatment,45882886.95632179,808000000,17.610051450537007,64.95732478906382,88.67284629612156,80.02539624109937
509,S4_seasonal_switch,26011605.804593824,101000000,3.882882154940343,,,
509,S5_fertilizer_policy,18561039.07083232,50000000,2.6938147055879176,40.252908984199905,,
510,S1_deepen_wells,34513052.90649356,2525000000,73.16072579383224,,,
510,S2_po4_removal,25091208.489417598,151500000,6.0379714298694,51.68111630910695,8.318814650110319,
510,S3_multi_treatment,68101587.36481592,808000000,11.864627995696999,98.57491380108317,95.71206661960044,97.67758655114987
510,S4_seasonal_switch,26011605.804593824,101000000,3.882882154940343,,,
510,S5_fertilizer_policy,13762457.651239358,50000000,3.6330720331406305,29.846333123924733,,
511,S1_deepen_wells,34513052.90649356,2525000000,73.16072579383224,,,
511,S2_po4_removal,31077938.018441446,151500000,4.874840792529443,61.584646772800575,17.69095585138522,
511,S3_multi_treatment,48062032.24075301,808000000,16.81160704883545,69.45293048390754,85.30465222495629,99.80607113977076
511,S4_seasonal_switch,26011605.804593824,101000000,3.882882154940343,,,
511,S5_fertilizer_policy,7967754.046622515,50000000,6.275294105143057,17.27948943069623,,
512,S1_deepen_wells,34513052.90649356,2525000000,73.16072579383224,,,
512,S2_po4_removal,37938472.154476956,151500000,3.9933078850177717,81.5899121503702,2.0888180386276876,
512,S3_multi_treatment,51999316.74760339,808000000,15.538665708280488,90.78369853186312,49.73880701052054,83.46066138841636
512,S4_seasonal_switch,26011605.804593824,101000000,3.882882154940343,,,
512,S5_fertilizer_policy,7798025.830474541,50000000,6.411879248283704,16.911403656479454,,
513,S1_deepen_wells,34513052.90649356,2525000000,73.16072579383224,,,
513,S2_po4_removal,35994915.29851203,151500000,4.20892780948599,73.12314335694101,15.027722735569867,
513,S3_multi_treatment,57938436.25193705,808000000,13.945837207040366,90.63844455634155,87.05900867774868,94.72768165200269
513,S4_seasonal_switch,26011605.804593824,101000000,3.882882154940343,,,
513,S5_fertilizer_policy,12511102.606634788,50000000,3.9964503187340497,27.132547514985326,,
514,S1_deepen_wells,34513052.90649356,2525000000,73.16072579383224,,,
514,S2_po4_removal,31990494.356469736,151500000,4.735781770417085,67.1954218778234,6.63906245872513,
514,S3_multi_treatment,53762139.038396694,808000000,15.029163914459017,87.31156722777524,69.2681051270941,96.44466107911883
514,S4_seasonal_switch,26011605.804593824,101000000,3.882882154940343,,,
514,S5_fertilizer_policy,5142226.251721397,50000000,9.723415025401136,11.151830697451532,,
515,S1_deepen_wells,34513052.90649356,2525000000,73.16072579383224,,,
515,S2_po4_removal,26429894.223490067,151500000,5.732145528806223,54.84473312814112,7.526260820525332,
515,S3_multi_treatment,53054887.61203186,808000000,15.229511103832037,91.17827242941279,54.31408287287445,89.24733349252045
515,S4_seasonal_switch,26011605.804593824,101000000,3.882882154940343,,,
515,S5_fertilizer_policy,7753979.722304247,50000000,6.448301619383332,16.81588184994044,,
516,S1_deepen_wells,34513052.90649356,2525000000,73.16072579383224,,,
516,S2_po4_removal,20200203.149063915,151500000,7.499924574125908,42.57898862002551,3.739229510579176,
516,S3_multi_treatment,52241310.690119326,808000000,15.466686982507529,84.65957599603446,67.83064517467378,93.87294075532411
516,S4_seasonal_switch,26011605.804593824,101000000,3.882882154940343,,,
516,S5_fertilizer_policy,8878882.109964848,50000000,5.631339551618166,19.255432418947535,,
517,S1_deepen_wells,34513052.90649356,2525000000,73.16072579383224,,,
517,S2_po4_removal,30031111.13973111,151500000,5.044768383530297,64.19749120572644,2.8310547635757684,
517,S3_multi_treatment,57609058.602520555,808000000,14.025572012465549,92.67021325075785,78.20422848006228,97.14893526752306
517,S4_seasonal_switch,26011605.804593824,101000000,3.882882154940343,,,
517,S5_fertilizer_policy,8946364.819587126,50000000,5.5888621812661,19.401780657215152,,
518,S1_deepen_wells,34513052.90649356,2525000000,73.16072579383224,,,
518,S2_po4_removal,26657984.35727404,151500000,5.683100341330229,55.03506630198724,8.452352939330634,
518,S3_multi_treatment,53295383.425883375,808000000,15.160787821775715,93.51957066007154,48.19767082227269,92.0605408265019
518,S4_seasonal_switch,26011605.804593824,101000000,3.882882154940343,,,
518,S5_fertilizer_policy,5153032.789884597,50000000,9.703023838340403,11.175266594302883,,
519,S1_deepen_wells,34513052.90649356,2525000000,73.16072579383224,,,
519,S2_po4_removal,34854546.46380621,151500000,4.346635241899395,72.04559553555069,10.780879187300435,
519,S3_multi_treatment,52663714.94711624,808000000,15.342632034435399,82.80638786316302,77.23592116718335,89.11818242271491
519,S4_seasonal_switch,26011605.804593824,101000000,3.882882154940343,,,
519,S5_fertilizer_policy,8332873.440412059,50000000,6.000331141178055,18.07131566792843,,
520,S1_deepen_wells,34513052.90649356,2525000000,73.16072579383224,,,
520,S2_po4_removal,26767476.73522257,151500000,5.659853616334535,55.47084109742261,7.848833073423702,
520,S3_multi_treatment,49884799.50035147,808000000,16.197318784338446,75.79274491144574,78.81568101965449,96.0410557387879
520,S4_seasonal_switch,26011605.804593824,101000000,3.882882154940343,,,
520,S5_fertilizer_policy,8281719.854842685,50000000,6.0373933043343415,17.960380034622457,,
521,S1_deepen_wells,34513052.90649356,2525000000,73.16072579383224,,,
521,S2_po4_removal,29891107.68633253,151500000,5.068396982466868,62.73418891898955,6.360128412283116,
521,S3_multi_treatment,68092072.36474101,808000000,11.866285926383307,97.37745171153259,81.45810036831313,97.26148441151913
521,S4_seasonal_switch,26011605.804593824,101000000,3.882882154940343,,,
521,S5_fertilizer_policy,1838306.159488991,50000000,27.198951459695326,3.9866933225353396,,
522,S1_deepen_wells,34513052.90649356,2525000000,73.16072579383224,,,
522,S2_po4_removal,40372281.48301259,151500000,3.752574648617432,83.2724878058969,13.030663349647522,
522,S3_multi_treatment,50469887.05378484,808000000,16.009546427930957,84.04042483615642,58.54557761520767,91.33793885882999
522,S4_seasonal_switch,26011605.804593824,101000000,3.882882154940343,,,
522,S5_fertilizer_policy,6298393.281932019,50000000,7.938532537088983,13.659184195281007,,
523,S1_deepen_wells,34513052.90649356,2525000000,73.16072579383224,,,
523,S2_po4_removal,32717712.976032592,151500000,4.630519257595466,68.71891678070183,6.8021987444214504,
523,S3_multi_treatment,50918591.5589855,808000000,15.868467199529478,82.32886364810103,66.0973901510876,94.34223076510771
523,S4_seasonal_switch,26011605.804593824,101000000,3.882882154940343,,,
523,S5_fertilizer_policy,6359089.885709569,50000000,7.862760379022514,13.790815558061102,,
524,S1_deepen_wells,34513052.90649356,2525000000,73.16072579383224,,,
524,S2_po4_removal,28079473.487583034,151500000,5.395400311440829,59.2906481204926,4.883261037665145,
524,S3_multi_treatment,54103244.901511736,808000000,14.93440922944389,85.89719475942496,76.55657336261137,92.88042502358736
524,S4_seasonal_switch,26011605.804593824,101000000,3.882882154940343,,,
524,S5_fertilizer_policy,12860435.996319883,50000000,3.8878930709898096,27.890138999302266,,
525,S1_deepen_wells,34513052.90649356,2525000000,73.16072579383224,,,
525,S2_po4_removal,29735175.137533873,151500000,5.094975876189336,60.11158981147947,13.311984180982916,
525,S3_multi_treatment,54595117.11549588,808000000,14.799858351630188,95.49550556680164,51.00181150669333,90.89635173472051
525,S4_seasonal_switch,26011605.804593824,101000000,3.882882154940343,,,
525,S5_fertilizer_policy,8914946.836901091,50000000,5.608558403628171,19.333645183080183,,
526,S1_deepen_wells,34513052.90649356,2525000000,73.16072579383224,,,
526,S2_po4_removal,31787769.750876285,151500000,4.765983936190542,67.07347008984888,5.672278220877871,
526,S3_multi_treatment,58159418.09110629,808000000,13.892848768436338,93.1959774755367,79.90104922090052,98.77923863917573
526,S4_seasonal_switch,26011605.804593824,101000000,3.882882154940343,,,
526,S5_fertilizer_policy,11352437.209144138,50000000,4.4043405903823105,24.619775864090816,,
527,S1_deepen_wells,34513052.90649356,2525000000,73.16072579383224,,,
527,S2_po4_removal,28698306.88048224,151500000,5.279057075769002,61.85520812219838,1.1629867145619932,
527,S3_multi_treatment,52256881.093848735,808000000,15.46207854519491,86.46744498969743,63.90206019097122,86.72536138865705
527,S4_seasonal_switch,26011605.804593824,101000000,3.882882154940343,,,
527,S5_fertilizer_policy,3266108.79824923,50000000,15.30873681452439,7.083136870016073,,
528,S1_deepen_wells,34513052.90649356,2525000000,73.16072579383224,,,
528,S2_po4_removal,26906778.386385404,151500000,5.630551447833595,56.827394971951705,4.639978656723792,
528,S3_multi_treatment,55819049.30092893,808000000,14.475345068024177,94.91698822142122,62.70466845140603,81.83035584817442
528,S4_seasonal_switch,26011605.804593824,101000000,3.882882154940343,,,
528,S5_fertilizer_policy,14747836.315309867,50000000,3.390327837317704,31.98330172403573,,
529,S1_deepen_wells,34513052.90649356,2525000000,73.16072579383224,,,
529,S2_po4_removal,31941711.693567216,151500000,4.743014446233036,64.66013960429784,14.032346788197666,
529,S3_multi_treatment,68066497.3303856,808000000,11.870744517351568,94.15883543844484,93.47970647792596,74.38650276146946
529,S4_seasonal_switch,26011605.804593824,101000000,3.882882154940343,,,
529,S5_fertilizer_policy,4407139.29490529,50000000,11.345227970851896,9.557664107139829,,
530,S1_deepen_wells,34513052.90649356,2525000000,73.16072579383224,,,
530,S2_po4_removal,13922822.435044318,151500000,10.88141436169352,27.40981708601295,8.473013731237849,
530,S3_multi_treatment,56503567.519487284,808000000,14.29998202717611,89.72683338574736,80.39215647693327,94.58892745161357
530,S4_seasonal_switch,26011605.804593824,101000000,3.882882154940343,,,
530,S5_fertilizer_policy,7282687.368531711,50000000,6.865597473818333,15.793800696565457,,
531,S1_deepen_wells,34513052.90649356,2525000000,73.16072579383224,,,
531,S2_po4_removal,31908865.41415759,151500000,4.747896800266086,64.4280685482847,14.521800269667883,
531,S3_multi_treatment,54643285.68195685,808000000,14.78681213832646,93.24842077346338,57.2770712240376,95.178479173458
531,S4_seasonal_switch,26011605.804593824,101000000,3.882882154940343,,,
531,S5_fertilizer_policy,5787728.58865495,50000000,8.638967642333734,12.55171713260842,,
532,S1_deepen_wells,34513052.90649356,2525000000,73.16072579383224,,,
532,S2_po4_removal,26319861.09268953,151500000,5.756109405990744,55.9898655535165,3.315282790457646,
532,S3_multi_treatment,56357951.440906234,808000000,14.33692991568764,95.01006090644249,64.15935386797933,90.67144246511955
532,S4_seasonal_switch,26011605.804593824,101000000,3.882882154940343,,,
532,S5_fertilizer_policy,11858967.839829646,50000000,4.216218533966296,25.718277477975814,,
533,S1_deepen_wells,34513052.90649356,2525000000,73.16072579383224,,,
533,S2_po4_removal,33781791.63899282,151500000,4.484664449387293,71.07914855999827,6.642165077271067,
533,S3_multi_treatment,56124712.83401121,808000000,14.396510185979201,86.99371184395399,85.42602336835628,98.39604746082206
533,S4_seasonal_switch,26011605.804593824,101000000,3.882882154940343,,,
533,S5_fertilizer_policy,16333313.304516263,50000000,3.0612282436396225,35.42169009763486,,
534,S1_deepen_wells,34513052.90649356,2525000000,73.16072579383224,,,
534,S2_po4_removal,25259784.542919874,151500000,5.997675860717676,52.32489720665381,7.472230734946378,
534,S3_multi_treatment,53952626.02106947,808000000,14.97610143544193,88.54029504028799,66.9976648365189,95.41589399989631
534,S4_seasonal_switch,26011605.804593824,101000000,3.882882154940343,,,
534,S5_fertilizer_policy,11190616.173277505,50000000,4.468029215352493,24.268838214339024,,
535,S1_deepen_wells,34513052.90649356,2525000000,73.16072579383224,,,
535,S2_po4_removal,21094120.39503172,151500000,7.182096108434209,42.72196130334525,9.203638550032737,
535,S3_multi_treatment,53806770.078653,808000000,15.016697690994864,88.44079997463471,70.8697463031653,73.38441388455877
535,S4_seasonal_switch,26011605.804593824,101000000,3.882882154940343,,,
535,S5_fertilizer_policy,10190591.888616093,50000000,4.906486350008285,22.100107985452105,,
536,S1_deepen_wells,34513052.90649356,2525000000,73.16072579383224,,,
536,S2_po4_removal,35664107.93215289,151500000,4.24796830158243,70.58415705372441,20.57102894412151,
536,S3_multi_treatment,43837652.478346586,808000000,18.43164390244455,64.87101804116405,72.81684324000655,92.7668066469099
536,S4_seasonal_switch,26011605.804593824,101000000,3.882882154940343,,,
536,S5_fertilizer_policy,17416241.19031571,50000000,2.870883530701359,37.77021150622547,,
537,S1_deepen_wells,34513052.90649356,2525000000,73.16072579383224,,,
537,S2_po4_removal,34838877.13149075,151500000,4.348590209385929,70.24967208755722,16.142722470745436,
537,S3_multi_treatment,68111825.87020957,808000000,11.862844516012295,99.86342898405996,85.43289590732789,74.39768191227576
537,S4_seasonal_switch,26011605.804593824,101000000,3.882882154940343,,,
537,S5_fertilizer_policy,10187589.116654448,50000000,4.907932527261145,22.09359594127118,,
538,S1_deepen_wells,34513052.90649356,2525000000,73.16072579383224,,,
538,S2_po4_removal,32308285.52960944,151500000,4.689199612933822,68.12123560342917,5.918971878855079,
538,S3_multi_treatment,43568609.71517266,808000000,18.545462094894802,67.34967124747193,68.86517043435582,66.67648513510932
538,S4_seasonal_switch,26011605.804593824,101000000,3.882882154940343,,,
538,S5_fertilizer_policy,7427687.220570803,50000000,6.731570476140432,16.10825862236251,,
539,S1_deepen_wells,34513052.90649356,2525000000,73.16072579383224,,,
539,S2_po4_removal,41724934.203333765,151500000,3.6309224422430693,86.62504348439846,11.755317777302514,
539,S3_multi_treatment,48493767.83224715,808000000,16.661934844804946,77.70024880871067,65.74891858691863,86.71538178574993
539,S4_seasonal_switch,26011605.804593824,101000000,3.882882154940343,,,
539,S5_fertilizer_policy,10980468.510496058,50000000,4.5535397649203935,23.81309569308777,,
540,S1_deepen_wells,34513052.90649356,2525000000,73.16072579383224,,,
540,S2_po4_removal,20421931.194697343,151500000,7.418495271364822,41.445767048587875,8.651102765806003,
540,S3_multi_treatment,53133055.873796225,808000000,15.20710575953309,95.03204158293603,41.08551749134705,99.05219343535252
540,S4_seasonal_switch,26011605.804593824,101000000,3.882882154940343,,,
540,S5_fertilizer_policy,16290607.426679276,50000000,3.0692532629639424,35.32907481854931,,
541,S1_deepen_wells,34513052.90649356,2525000000,73.16072579383224,,,
541,S2_po4_removal,25196477.585717127,151500000,6.012745213476953,52.95319834918727,5.142419010204076,
541,S3_multi_treatment,45996559.39537969,808000000,17.56653129323327,79.07177793831792,46.81991651831081,78.32779312585401
541,S4_seasonal_switch,26011605.804593824,101000000,3.882882154940343,,,
541,S5_fertilizer_policy,5200273.077023543,50000000,9.614879691783084,11.277715545104334,,
542,S1_deepen_wells,34513052.90649356,2525000000,73.16072579383224,,,
542,S2_po4_removal,25068902.346579716,151500000,6.043343976752534,52.29159609571876,6.313824830278686,
542,S3_multi_treatment,56888668.601460926,808000000,14.20317999812093,93.00271148411912,72.37916411766548,97.4354624266497
542,S4_seasonal_switch,26011605.804593824,101000000,3.882882154940343,,,
542,S5_fertilizer_policy,2876471.6382814273,50000000,17.382406742544116,6.2381395033712135,,
543,S1_deepen_wells,34513052.90649356,2525000000,73.16072579383224,,,
543,S2_po4_removal,34998128.035754785,151500000,4.328802953267231,75.63351925558015,0.8098896176428151,
543,S3_multi_treatment,54195004.02330439,808000000,14.909123351158938,86.81734581661073,74.83356580311953,90.5879131685212
543,S4_seasonal_switch,26011605.804593824,101000000,3.882882154940343,,,
543,S5_fertilizer_policy,13400660.873570368,50000000,3.7311592668249047,29.06171256972462,,
544,S1_deepen_wells,34513052.90649356,2525000000,73.16072579383224,,,
544,S2_po4_removal,34599635.21618919,151500000,4.378658880458747,71.10669912236716,11.955764584851043,
544,S3_multi_treatment,55088737.81093515,808000000,14.667244741984478,92.30646730694794,67.69780608164325,72.74576384631786
544,S4_seasonal_switch,26011605.804593824,101000000,3.882882154940343,,,
544,S5_fertilizer_policy,13055866.074419156,50000000,3.829696146927155,28.313963824867432,,
545,S1_deepen_wells,34513052.90649356,2525000000,73.16072579383224,,,
545,S2_po4_removal,36370256.676005855,151500000,4.165491636465338,77.42768616623808,4.405479548807087,
545,S3_multi_treatment,46158840.26615446,808000000,17.504772549332408,73.16389054459745,62.88936969927228,92.81529062695428
545,S4_seasonal_switch,26011605.804593824,101000000,3.882882154940343,,,
545,S5_fertilizer_policy,7249586.191826716,50000000,6.896945381016463,15.722014917326899,,
546,S1_deepen_wells,34513052.90649356,2525000000,73.16072579383224,,,
546,S2_po4_removal,34652870.75830105,151500000,4.371932156983224,70.50416994085882,14.14068120428019,
546,S3_multi_treatment,49487894.51525131,808000000,16.32722523183904,83.10980025947929,54.14937476473624,94.97171426124673
546,S4_seasonal_switch,26011605.804593824,101000000,3.882882154940343,,,
546,S5_fertilizer_policy,6828679.140245713,50000000,7.32206023641065,14.809203238334096,,
547,S1_deepen_wells,34513052.90649356,2525000000,73.16072579383224,,,
547,S2_po4_removal,37064003.37763653,151500000,4.087523909827054,76.42648209135142,12.030738446359798,
547,S3_multi_treatment,51783981.79480237,808000000,15.603280628395018,77.45554339268797,86.18246562398248,96.56084617282123
547,S4_seasonal_switch,26011605.804593824,101000000,3.882882154940343,,,
547,S5_fertilizer_policy,8048329.626819082,50000000,6.212469210180865,17.45423188361732,,
548,S1_deepen_wells,34513052.90649356,2525000000,73.16072579383224,,,
548,S2_po4_removal,34653945.98801872,151500000,4.3717965063020445,64.56516696631385,32.2210216390893,
548,S3_multi_treatment,52208916.88139052,808000000,15.476283521369233,85.48796063250282,64.71652762884037,95.71754766405155
548,S4_seasonal_switch,26011605.804593824,101000000,3.882882154940343,,,
548,S5_fertilizer_policy,8059979.169832364,50000000,6.20348997763476,17.479495986172783,,
549,S1_deepen_wells,34513052.90649356,2525000000,73.16072579383224,,,
549,S2_po4_removal,23413791.231218845,151500000,6.470545436400622,50.210306718713426,1.7244191311786776,
549,S3_multi_treatment,52885162.13410221,808000000,15.278387498390087,89.00318496980147,62.87207090182878,74.37621089065533
549,S4_seasonal_switch,26011605.804593824,101000000,3.882882154940343,,,
549,S5_fertilizer_policy,8021848.903120734,50000000,6.232977036073135,17.39680373227312,,
550,S1_deepen_wells,34513052.90649356,2525000000,73.16072579383224,,,
550,S2_po4_removal,30729631.253257312,151500000,4.930094954651991,61.80700970434446,14.715588252285169,
550,S3_multi_treatment,56469777.21011867,808000000,14.308538831196534,86.60316191875161,88.86570627415341,98.52294801402881
550,S4_seasonal_switch,26011605.804593824,101000000,3.882882154940343,,,
550,S5_fertilizer_policy,5747858.207754448,50000000,8.69889238613174,12.465251132109795,,
551,S1_deepen_wells,34513052.90649356,2525000000,73.16072579383224,,,
551,S2_po4_removal,27686620.327760242,151500000,5.471957147767045,54.70889944869521,16.23351098014851,
551,S3_multi_treatment,48813906.533940375,808000000,16.552660038347813,75.41956677650361,72.6688003272358,97.08651215022267
551,S4_seasonal_switch,26011605.804593824,101000000,3.882882154940343,,,
551,S5_fertilizer_policy,12376563.903327286,50000000,4.039893494716908,26.840776447728643,,
552,S1_deepen_wells,34513052.90649356,2525000000,73.16072579383224,,,
552,S2_po4_removal,32342276.79918603,151500000,4.6842713313186675,64.49155307223876,17.188949135773154,
552,S3_multi_treatment,54425971.75226994,808000000,14.8458534406655,89.4998406788614,69.44801290770314,84.49473396012849
552,S4_seasonal_switch,26011605.804593824,101000000,3.882882154940343,,,
552,S5_fertilizer_policy,10960381.919338174,50000000,4.561884829193906,23.769534353520733,,
553,S1_deepen_wells,34513052.90649356,2525000000,73.16072579383224,,,
553,S2_po4_removal,25549494.078186437,151500000,5.929667316948838,54.086426736698165,4.0236086294966,
553,S3_multi_treatment,57111824.8643589,808000000,14.147683109741411,93.6266567763771,76.36290441373346,75.99775854240947
553,S4_seasonal_switch,26011605.804593824,101000000,3.882882154940343,,,
553,S5_fertilizer_policy,14817540.281361721,50000000,3.374379218856764,32.13446715128449,,
554,S1_deepen_wells,34513052.90649356,2525000000,73.16072579383224,,,
554,S2_po4_removal,26073557.983302057,151500000,5.810484326574192,53.74237576331438,8.529217213238278,
554,S3_multi_treatment,68044143.15904534,808000000,11.874644348322429,91.34556454905884,86.70952891047757,98.72885387769082
554,S4_seasonal_switch,26011605.804593824,101000000,3.882882154940343,,,
554,S5_fertilizer_policy,6879142.514568172,50000000,7.268347747428325,14.918642025994922,,
555,S1_deepen_wells,34513052.90649356,2525000000,73.16072579383224,,,
555,S2_po4_removal,32475693.280056745,151500000,4.665027431239961,68.44912353302709,6.025985585703245,
555,S3_multi_treatment,68088721.19538675,808000000,11.866869957527486,96.95570728422935,83.64037594854875,94.4004610981379
555,S4_seasonal_switch,26011605.804593824,101000000,3.882882154940343,,,
555,S5_fertilizer_policy,4236108.032013431,50000000,11.803287267967738,9.186752444685679,,
556,S1_deepen_wells,34513052.90649356,2525000000,73.16072579383224,,,
556,S2_po4_removal,34173011.467264414,151500000,4.433323066804558,71.88579279635978,6.7693241720095765,
556,S3_multi_treatment,52030306.069933474,808000000,15.529410857471689,79.69495128963015,82.81373009421087,87.71078665763018
556,S4_seasonal_switch,26011605.804593824,101000000,3.882882154940343,,,
556,S5_fertilizer_policy,3546261.9850806966,50000000,14.099353124600643,7.690698800580666,,
557,S1_deepen_wells,34513052.90649356,2525000000,73.16072579383224,,,
557,S2_po4_removal,25646959.489343777,151500000,5.907132970789295,47.872942732418,23.575371073645847,
557,S3_multi_treatment,56563722.54178092,808000000,14.284774121844068,93.58135317514567,68.87868145764094,95.46696602747741
557,S4_seasonal_switch,26011605.804593824,101000000,3.882882154940343,,,
557,S5_fertilizer_policy,11406215.636380382,50000000,4.3835748502355045,24.736403932626857,,
558,S1_deepen_wells,34513052.90649356,2525000000,73.16072579383224,,,
558,S2_po4_removal,34260207.753728814,151500000,4.422039734522948,71.09741948521912,9.743918638511204,
558,S3_multi_treatment,57510493.81192383,808000000,14.049609844116393,96.11664718209458,70.05183554725225,82.63226413359416
558,S4_seasonal_switch,26011605.804593824,101000000,3.882882154940343,,,
558,S5_fertilizer_policy,7818737.055867024,50000000,6.394894679631284,16.95631962629633,,
559,S1_deepen_wells,34513052.90649356,2525000000,73.16072579383224,,,
559,S2_po4_removal,27478576.45572512,151500000,5.51338604618418,58.535357340457175,3.2160404403642864,
559,S3_multi_treatment,46425934.991977535,808000000,17.404065209233234,66.62770079552224,85.15624488671376,89.83238120353211
559,S4_seasonal_switch,26011605.804593824,101000000,3.882882154940343,,,
559,S5_fertilizer_policy,5496265.335679345,50000000,9.097086284285062,11.919627315357651,,
560,S1_deepen_wells,34513052.90649356,2525000000,73.16072579383224,,,
560,S2_po4_removal,23840912.45662421,151500000,6.354622553798508,46.9018742066672,14.611286310829168,
560,S3_multi_treatment,50115876.09216988,808000000,16.122635440194212,78.49815709736292,74.12325797267172,86.24272852381173
560,S4_seasonal_switch,26011605.804593824,101000000,3.882882154940343,,,
560,S5_fertilizer_policy,12372459.680372462,50000000,4.041233618188262,26.831875711491797,,
561,S1_deepen_wells,34513052.90649356,2525000000,73.16072579383224,,,
561,S2_po4_removal,13868429.433624297,151500000,10.92409207005698,26.844919328308865,9.833107235492063,
561,S3_multi_treatment,44213529.7915231,808000000,18.274948953632627,69.9023683487291,58.77064007333881,98.676926302991
561,S4_seasonal_switch,26011605.804593824,101000000,3.882882154940343,,,
561,S5_fertilizer_policy,1685237.0641099513,50000000,29.669416288566634,3.654735809754237,,
562,S1_deepen_wells,34513052.90649356,2525000000,73.16072579383224,,,
562,S2_po4_removal,28706392.10623678,151500000,5.277570216393894,59.01645457199538,9.855083271049589,
562,S3_multi_treatment,55060587.292728625,808000000,14.674743582088627,90.28174097259833,68.30165951462487,98.86086768732304
562,S4_seasonal_switch,26011605.804593824,101000000,3.882882154940343,,,
562,S5_fertilizer_policy,5211334.972011417,50000000,9.594470566282082,11.301705228571967,,
563,S1_deepen_wells,34513052.90649356,2525000000,73.16072579383224,,,
563,S2_po4_removal,34788711.99492934,151500000,4.354860853200947,64.55310213432226,33.147138303211044,
563,S3_multi_treatment,68054351.52187002,808000000,11.872863115010952,92.63028629185311,92.57706403707908,96.61328622059798
563,S4_seasonal_switch,26011605.804593824,101000000,3.882882154940343,,,
563,S5_fertilizer_policy,3250905.3692431897,50000000,15.380330806626953,7.050165534645665,,
564,S1_deepen_wells,34513052.90649356,2525000000,73.16072579383224,,,
564,S2_po4_removal,35495926.18043393,151500000,4.26809542114469,75.545495645961,4.363026440048868,
564,S3_multi_treatment,54229455.37947009,808000000,14.899651754678851,92.77469432699932,57.12622902860834,89.64299466139349
564,S4_seasonal_switch,26011605.804593824,101000000,3.882882154940343,,,
564,S5_fertilizer_policy,6413002.431146659,50000000,7.796660072536397,13.907734485730183,,
565,S1_deepen_wells,34513052.90649356,2525000000,73.16072579383224,,,
565,S2_po4_removal,34498958.84627265,151500000,4.391436874228117,73.0238637830007,5.457131761679133,
565,S3_multi_treatment,56326379.67590454,808000000,14.344965975962566,87.73302667617939,87.14718000936594,85.5614963287626
565,S4_seasonal_switch,26011605.804593824,101000000,3.882882154940343,,,
565,S5_fertilizer_policy,7843731.43619436,50000000,6.374517078603486,17.010524378120483,,
566,S1_deepen_wells,34513052.90649356,2525000000,73.16072579383224,,,
566,S2_po4_removal,20642647.807984628,151500000,7.339174771048481,44.432706996491106,1.0180540284191086,
566,S3_multi_treatment,68056441.01020503,808000000,11.872498590968647,92.89324825170904,86.70052098258573,83.59086477989233
566,S4_seasonal_switch,26011605.804593824,101000000,3.882882154940343,,,
566,S5_fertilizer_policy,5713663.08021082,50000000,8.750953512322804,12.391092926232199,,
567,S1_deepen_wells,34513052.90649356,2525000000,73.16072579383224,,,
567,S2_po4_removal,31948589.243270233,151500000,4.7419934209430705,69.00074096980592,0.86865860591369,
567,S3_multi_treatment,57132647.7464916,808000000,14.142526766573978,97.27840654940633,62.155335240288366,91.7108166741269
567,S4_seasonal_switch,26011605.804593824,101000000,3.882882154940343,,,
567,S5_fertilizer_policy,6759143.249124952,50000000,7.3973872363887345,14.65840231141734,,
568,S1_deepen_wells,34513052.90649356,2525000000,73.16072579383224,,,
568,S2_po4_removal,29941006.04011505,151500000,5.059950216670069,64.10030096246261,2.5321611727128284,
568,S3_multi_treatment,68102423.78314124,808000000,11.864482277061342,98.68017698843727,87.74201014634349,93.81188778455311
568,S4_seasonal_switch,26011605.804593824,101000000,3.882882154940343,,,
568,S5_fertilizer_policy,8720574.42695953,50000000,5.733567257384528,18.912114098717996,,
569,S1_deepen_wells,34513052.90649356,2525000000,73.16072579383224,,,
569,S2_po4_removal,23118008.53015627,151500000,6.553332645516414,46.90919209283852,9.818140721978752,
569,S3_multi_treatment,52589724.33651255,808000000,15.364218204106713,85.62169645967575,69.14404440555539,84.43262812703574
569,S4_seasonal_switch,26011605.804593824,101000000,3.882882154940343,,,
569,S5_fertilizer_policy,12871110.174391203,50000000,3.8846687910015483,27.913287849792013,,
570,S1_deepen_wells,34513052.90649356,2525000000,73.16072579383224,,,
570,S2_po4_removal,40595110.47530064,151500000,3.731976541662017,85.22456883927504,8.56078070065676,
570,S3_multi_treatment,68098435.98743722,808000000,11.865177052657415,98.17831317983749,73.79444976599018,86.88802587784514
570,S4_seasonal_switch,26011605.804593824,101000000,3.882882154940343,,,
570,S5_fertilizer_policy,6066735.159180924,50000000,8.241665193565257,13.156792422117626,,
571,S1_deepen_wells,34513052.90649356,2525000000,73.16072579383224,,,
571,S2_po4_removal,28807127.30423013,151500000,5.259115162717153,62.017466231534144,1.3873830243485974,
571,S3_multi_treatment,68082057.33252832,808000000,11.868031485205321,96.11706061264827,88.28207524472226,92.2546678468629
571,S4_seasonal_switch,26011605.804593824,101000000,3.882882154940343,,,
571,S5_fertilizer_policy,2509258.0460464954,50000000,19.92620889620275,5.441771624957381,,
572,S1_deepen_wells,34513052.90649356,2525000000,73.16072579383224,,,
572,S2_po4_removal,28344870.02311793,151500000,5.344882508772748,60.6993766342624,2.3478073565961903,
572,S3_multi_treatment,54234829.6461842,808000000,14.898175310427078,92.72610429123455,57.4866903349916,88.78190540632885
572,S4_seasonal_switch,26011605.804593824,101000000,3.882882154940343,,,
572,S5_fertilizer_policy,11219237.660234876,50000000,4.45663079027361,24.33090899093139,,
573,S1_deepen_wells,34513052.90649356,2525000000,73.16072579383224,,,
573,S2_po4_removal,16182988.369577453,151500000,9.361682560731875,33.33046402069959,5.371818847394184,
573,S3_multi_treatment,47923356.69023855,808000000,16.860254702579724,80.45871444166377,59.566719300665675,57.660105724169995
573,S4_seasonal_switch,26011605.804593824,101000000,3.882882154940343,,,
573,S5_fertilizer_policy,12823774.702032715,50000000,3.8990079880360367,27.810632472940576,,
574,S1_deepen_wells,34513052.90649356,2525000000,73.16072579383224,,,
574,S2_po4_removal,31697666.5281075,151500000,4.779531637310251,64.53528986198661,12.801682308719458,
574,S3_multi_treatment,68061676.93412566,808000000,11.871585250272819,93.55218890849908,85.40728532411627,96.80433525157494
574,S4_seasonal_switch,26011605.804593824,101000000,3.882882154940343,,,
574,S5_fertilizer_policy,5458015.8171252385,50000000,9.16083823779302,11.836676442662835,,
575,S1_deepen_wells,34513052.90649356,2525000000,73.16072579383224,,,
575,S2_po4_removal,33456958.271071725,151500000,4.528206024365137,71.3950129821932,3.5371739441251924,
575,S3_multi_treatment,48356818.16706963,808000000,16.70912253176818,84.0367232729636,43.85383057452164,95.0209746028518
575,S4_seasonal_switch,26011605.804593824,101000000,3.882882154940343,,,
575,S5_fertilizer_policy,12127333.241530836,50000000,4.122917957657152,26.300275503407583,,
576,S1_deepen_wells,34513052.90649356,2525000000,73.16072579383224,,,
576,S2_po4_removal,30625170.206982642,151500000,4.946911281670444,65.16748304677992,3.7997811778235913,
576,S3_multi_treatment,47008198.77473873,808000000,17.188490966690754,77.30348084943304,55.08152295067511,96.78173479449306
576,S4_seasonal_switch,26011605.804593824,101000000,3.882882154940343,,,
576,S5_fertilizer_policy,7652255.403978363,50000000,6.5340213257917785,16.595274603146486,,
577,S1_deepen_wells,34513052.90649356,2525000000,73.16072579383224,,,
577,S2_po4_removal,28178761.800918773,151500000,5.376389533022715,59.98508705727199,3.4252460707343544,
577,S3_multi_treatment,58016599.892267495,808000000,13.927048491300694,97.63430902428401,65.87223166494192,96.73641952058172
577,S4_seasonal_switch,26011605.804593824,101000000,3.882882154940343,,,
577,S5_fertilizer_policy,5803933.920359686,50000000,8.614846531006226,12.586861271882066,,
578,S1_deepen_wells,34513052.90649356,2525000000,73.16072579383224,,,
578,S2_po4_removal,40831712.866681695,151500000,3.7103513265450743,80.0567275073796,25.848749686564567,
578,S3_multi_treatment,46964156.37625893,808000000,17.204610118546828,75.3602118076378,63.97446591835435,80.88507475736142
578,S4_seasonal_switch,26011605.804593824,101000000,3.882882154940343,,,
578,S5_fertilizer_policy,20736152.842505045,50000000,2.4112476590889034,44.970029418422236,,
579,S1_deepen_wells,34513052.90649356,2525000000,73.16072579383224,,,
579,S2_po4_removal,29936838.605953276,151500000,5.060654599977451,61.68648521111846,9.850247950668562,
579,S3_multi_treatment,44711802.115083575,808000000,18.071291287259932,72.75585316065332,53.60164199321201,97.57741247992553
579,S4_seasonal_switch,26011605.804593824,101000000,3.882882154940343,,,
579,S5_fertilizer_policy,9054809.438424103,50000000,5.521927362471582,19.63696206894604,,
580,S1_deepen_wells,34513052.90649356,2525000000,73.16072579383224,,,
580,S2_po4_removal,25815977.17290005,151500000,5.868458861167376,53.88521909431938,6.394594192883283,
580,S3_multi_treatment,52311978.20245404,808000000,15.445793253563014,83.43871460394926,71.86307954696363,94.59826851164637
580,S4_seasonal_switch,26011605.804593824,101000000,3.882882154940343,,,
580,S5_fertilizer_policy,10240815.278035484,50000000,4.882423776087444,22.209026323238135,,
581,S1_deepen_wells,34513052.90649356,2525000000,73.16072579383224,,,
581,S2_po4_removal,31984060.375772215,151500000,4.736734430215138,66.85693112028271,7.626677058104433,
581,S3_multi_treatment,50570748.133340314,808000000,15.97761610861559,76.62335193125698,80.1333067318991,99.35510688356634
581,S4_seasonal_switch,26011605.804593824,101000000,3.882882154940343,,,
581,S5_fertilizer_policy,6661945.834106199,50000000,7.505314700101919,14.447612458256721,,
582,S1_deepen_wells,34513052.90649356,2525000000,73.16072579383224,,,
582,S2_po4_removal,43333161.27686742,151500000,3.4961677278060805,92.44928006965202,4.644978308367791,
582,S3_multi_treatment,57663403.12095072,808000000,14.012353698674282,97.65946104966156,62.97006527966752,99.14121256634158
582,S4_seasonal_switch,26011605.804593824,101000000,3.882882154940343,,,
582,S5_fertilizer_policy,9317862.559206165,50000000,5.366037509385602,20.207439469938613,,
583,S1_deepen_wells,34513052.90649356,2525000000,73.16072579383224,,,
583,S2_po4_removal,23577357.33950521,151500000,6.425656523691614,48.64326133238027,7.572635473354712,
583,S3_multi_treatment,45620656.11160585,808000000,17.711275305276583,73.59583670909011,57.81673032583713,93.81851946566931
583,S4_seasonal_switch,26011605.804593824,101000000,3.882882154940343,,,
583,S5_fertilizer_policy,18757417.679627106,50000000,2.6656121249731637,40.67879086700263,,
584,S1_deepen_wells,34513052.90649356,2525000000,73.16072579383224,,,
584,S2_po4_removal,28125855.990406662,151500000,5.386502727300977,58.641948583882176,7.16345340728009,
584,S3_multi_treatment,49225734.980603635,808000000,16.414178484452805,73.38437246981312,83.6026249805534,87.25411977686176
584,S4_seasonal_switch,26011605.804593824,101000000,3.882882154940343,,,
584,S5_fertilizer_policy,10226195.358318642,50000000,4.889403952108816,22.17732043137118,,
585,S1_deepen_wells,34513052.90649356,2525000000,73.16072579383224,,,
585,S2_po4_removal,38331894.49337872,151500000,3.952322263283111,80.47337724742427,8.0830248774491,
585,S3_multi_treatment,68064646.06926724,808000000,11.87106738464083,93.925854357033,96.94661360330618,95.75324009094139
585,S4_seasonal_switch,26011605.804593824,101000000,3.882882154940343,,,
585,S5_fertilizer_policy,8976722.99553132,50000000,5.569961334987208,19.46761775224762,,
586,S1_deepen_wells,34513052.90649356,2525000000,73.16072579383224,,,
586,S2_po4_removal,34868510.66436793,151500000,4.344894494011687,72.27503702322525,10.174813709093815,
586,S3_multi_treatment,56175167.04961512,808000000,14.383579834953707,93.47798170470948,68.88742864485737,84.48751065317506
586,S4_seasonal_switch,26011605.804593824,101000000,3.882882154940343,,,
586,S5_fertilizer_policy,13250800.10804367,50000000,3.773357049560227,28.73671288990992,,
587,S1_deepen_wells,34513052.90649356,2525000000,73.16072579383224,,,
587,S2_po4_removal,25599565.187387288,151500000,5.918069267623456,53.88782773994512,4.958423332144389,
587,S3_multi_treatment,46292510.94495796,808000000,17.45422712025097,65.63346546710491,89.41592051055676,79.55231193049403
587,S4_seasonal_switch,26011605.804593824,101000000,3.882882154940343,,,
587,S5_fertilizer_policy,4848748.867825471,50000000,10.311938473815744,10.515372879664382,,
588,S1_deepen_wells,34513052.90649356,2525000000,73.16072579383224,,,
588,S2_po4_removal,17558911.504761964,151500000,8.628097473975725,36.39266167949774,5.133650103466471,
588,S3_multi_treatment,58091294.44205545,808000000,13.90914090933124,97.88569264103988,65.26704415529527,98.35597974467584
588,S4_seasonal_switch,26011605.804593824,101000000,3.882882154940343,,,
588,S5_fertilizer_policy,12317997.008531675,50000000,4.059101489095108,26.713763737034068,,
589,S1_deepen_wells,34513052.90649356,2525000000,73.16072579383224,,,
589,S2_po4_removal,31286125.406394526,151500000,4.842402120175454,64.44786692928639,10.351716453134522,
589,S3_multi_treatment,43951296.94307944,808000000,18.38398537013428,71.39587770911594,55.378218832076755,84.66057598928164
589,S4_seasonal_switch,26011605.804593824,101000000,3.882882154940343,,,
589,S5_fertilizer_policy,6717106.416782796,50000000,7.4436813856446005,14.567237976285286,,
590,S1_deepen_wells,34513052.90649356,2525000000,73.16072579383224,,,
590,S2_po4_removal,31648016.636068158,151500000,4.787029839567913,64.76996017876911,11.759877230694268,
590,S3_multi_treatment,54997418.55447985,808000000,14.69159864657291,86.7155447889024,79.78779691951357,93.75357061147635
590,S4_seasonal_switch,26011605.804593824,101000000,3.882882154940343,,,
590,S5_fertilizer_policy,4524144.728322327,50000000,11.05181266350454,9.811411165373956,,
591,S1_deepen_wells,34513052.90649356,2525000000,73.16072579383224,,,
591,S2_po4_removal,32942359.118498504,151500000,4.598942032506908,65.03276041143218,19.502279806359176,
591,S3_multi_treatment,44903820.544524804,808000000,17.994014544905372,62.89802952189084,85.8397919176218,92.85150478548827
591,S4_seasonal_switch,26011605.804593824,101000000,3.882882154940343,,,
591,S5_fertilizer_policy,3875627.7302677482,50000000,12.901135888132822,8.404986902283044,,
592,S1_deepen_wells,34513052.90649356,2525000000,73.16072579383224,,,
592,S2_po4_removal,30595887.575716145,151500000,4.951645858453378,65.64716487467065,2.146786421423535,
592,S3_multi_treatment,57615349.24337696,808000000,14.024040652550271,98.65610983764437,59.54582923674572,99.50170407436318
592,S4_seasonal_switch,26011605.804593824,101000000,3.882882154940343,,,
592,S5_fertilizer_policy,8429583.70656158,50000000,5.9314910131422085,18.281049052266376,,
593,S1_deepen_wells,34513052.90649356,2525000000,73.16072579383224,,,
593,S2_po4_removal,33132999.793235764,151500000,4.57248063699108,67.04281822988635,14.643535425599444,
593,S3_multi_treatment,52255393.90801384,808000000,15.462518595158572,81.5191515133673,77.25200117827625,94.98306321060906
593,S4_seasonal_switch,26011605.804593824,101000000,3.882882154940343,,,
593,S5_fertilizer_policy,4777136.863621347,50000000,10.466520308588585,10.360069532884925,,
594,S1_deepen_wells,34513052.90649356,2525000000,73.16072579383224,,,
594,S2_po4_removal,28529324.780517578,151500000,5.3103254691628035,59.33246285927019,7.724850995477149,
594,S3_multi_treatment,68094255.14016007,808000000,11.865905550135967,97.65215384434856,66.74259252854395,99.43758018830815
594,S4_seasonal_switch,26011605.804593824,101000000,3.882882154940343,,,
594,S5_fertilizer_policy,10802571.21875418,50000000,4.62852768914828,23.42729382791771,,
595,S1_deepen_wells,34513052.90649356,2525000000,73.16072579383224,,,
595,S2_po4_removal,23199996.81349203,151500000,6.530173310709022,48.01705308863469,6.987849417329606,
595,S3_multi_treatment,52841711.524328224,808000000,15.290950589819527,87.4936818264923,62.1155363534563,98.99163639455203
595,S4_seasonal_switch,26011605.804593824,101000000,3.882882154940343,,,
595,S5_fertilizer_policy,13800199.344714306,50000000,3.6231360686214136,29.928182687764288,,
596,S1_deepen_wells,34513052.90649356,2525000000,73.16072579383224,,,
596,S2_po4_removal,42202195.630531505,151500000,3.5898606159343083,89.42317489756189,6.38993365641712,
596,S3_multi_treatment,68092248.37549575,808000000,11.866255253377325,97.39960265262434,82.78359135869385,97.52068672138388
596,S4_seasonal_switch,26011605.804593824,101000000,3.882882154940343,,,
596,S5_fertilizer_policy,13208442.933751449,50000000,3.7854575479321126,28.644853836378147,,
597,S1_deepen_wells,34513052.90649356,2525000000,73.16072579383224,,,
597,S2_po4_removal,30567240.16582095,151500000,4.956286507324307,61.404110539176656,14.869952541209702,
597,S3_multi_treatment,53859360.97847849,808000000,15.002034656944156,87.00612166275934,72.61482555332051,87.81280799928398
597,S4_seasonal_switch,26011605.804593824,101000000,3.882882154940343,,,
597,S5_fertilizer_policy,8568476.25312911,50000000,5.835343242241066,18.582262201715114,,
598,S1_deepen_wells,34513052.90649356,2525000000,73.16072579383224,,,
598,S2_po4_removal,31212077.003314935,151500000,4.853890370189387,64.38936417520137,10.041059003885543,
598,S3_multi_treatment,49547891.42359955,808000000,16.30745480351867,81.92604443242945,60.60794198405337,83.01127991026553
598,S4_seasonal_switch,26011605.804593824,101000000,3.882882154940343,,,
598,S5_fertilizer_policy,15311440.403344497,50000000,3.2655320912249666,33.20557726433307,,
599,S1_deepen_wells,34513052.90649356,2525000000,73.16072579383224,,,
599,S2_po4_removal,23744279.498403028,151500000,6.380484192421567,43.98365229064815,22.854118541801245,
599,S3_multi_treatment,68055469.33538435,808000000,11.872668102810266,92.77096304393534,84.14352273616149,97.68472133096127
599,S4_seasonal_switch,26011605.804593824,101000000,3.882882154940343,,,
599,S5_fertilizer_policy,9690669.275675438,50000000,5.159602353317853,21.015937031388106,,
600,S1_deepen_wells,34513052.90649356,2525000000,73.16072579383224,,,
600,S2_po4_removal,21551281.189555906,151500000,7.029744480964747,43.440042622144894,10.035491352685998,
600,S3_multi_treatment,54304703.52570474,808000000,14.87900582345577,88.41663824895095,71.62272042298011,86.05677083690978
600,S4_seasonal_switch,26011605.804593824,101000000,3.882882154940343,,,
600,S5_fertilizer_policy,10473976.715433903,50000000,4.77373602772313,22.714678301147746,,
601,S1_deepen_wells,34513052.90649356,2525000000,73.16072579383224,,,
601,S2_po4_removal,27621088.332642227,151500000,5.484939556887748,58.3366700491877,4.761195856344343,
601,S3_multi_treatment,55199494.326566376,808000000,14.637815252795283,92.41131641999756,63.41486383737167,95.56929455706184
601,S4_seasonal_switch,26011605.804593824,101000000,3.882882154940343,,,
601,S5_fertilizer_policy,9029347.385459721,50000000,5.537498765471885,19.581743085966995,,
602,S1_deepen_wells,34513052.90649356,2525000000,73.16072579383224,,,
602,S2_po4_removal,28225212.331312716,151500000,5.367541551916961,58.14008430233274,9.346410976823059,
602,S3_multi_treatment,45316656.043664075,808000000,17.830088769600867,78.79086658148677,41.775665158066865,85.19220577070173
602,S4_seasonal_switch,26011605.804593824,101000000,3.882882154940343,,,
602,S5_fertilizer_policy,15031721.972577572,50000000,3.326298882537556,32.598958179491106,,
603,S1_deepen_wells,34513052.90649356,2525000000,73.16072579383224,,,
603,S2_po4_removal,19260254.96428538,151500000,7.865939484234712,38.13195769050763,11.068905983183075,
603,S3_multi_treatment,50002915.303495094,808000000,16.159057828844684,76.74558478606338,77.71932699043752,91.06412731791053
603,S4_seasonal_switch,26011605.804593824,101000000,3.882882154940343,,,
603,S5_fertilizer_policy,8504882.796006419,50000000,5.878975783590829,18.444348498081283,,
604,S1_deepen_wells,34513052.90649356,2525000000,73.16072579383224,,,
604,S2_po4_removal,27998896.642090864,151500000,5.410927506773584,57.35445040991279,10.243615599812781,
604,S3_multi_treatment,52679499.96566604,808000000,15.338034729384589,85.63039090588452,66.7043611667181,99.04466222873826
604,S4_seasonal_switch,26011605.804593824,101000000,3.882882154940343,,,
604,S5_fertilizer_policy,4175988.5089114234,50000000,11.973213023288169,9.056372583818865,,
605,S1_deepen_wells,34513052.90649356,2525000000,73.16072579383224,,,
605,S2_po4_removal,22320128.55890567,151500000,6.787595313359068,47.582940829328365,2.502137895610581,
605,S3_multi_treatment,68080396.56592669,808000000,11.868320996302671,95.90805325275389,83.75455090547287,96.08139025889328
605,S4_seasonal_switch,26011605.804593824,101000000,3.882882154940343,,,
605,S5_fertilizer_policy,3961796.203547694,50000000,12.620538117338342,8.591858536947905,,
606,S1_deepen_wells,34513052.90649356,2525000000,73.16072579383224,,,
606,S2_po4_removal,23894681.794352792,151500000,6.340322976630102,47.51844194688821,13.089837652064062,
606,S3_multi_treatment,52696120.22673432,808000000,15.333197140955312,84.43732396211928,74.9610255824259,77.08898221926913
606,S4_seasonal_switch,26011605.804593824,101000000,3.882882154940343,,,
606,S5_fertilizer_policy,10791582.26865723,50000000,4.6332408682291755,23.403462338398406,,
607,S1_deepen_wells,34513052.90649356,2525000000,73.16072579383224,,,
607,S2_po4_removal,32176874.464906752,151500000,4.708350407533563,67.13958970496982,8.039001851499968,
607,S3_multi_treatment,52409847.6454637,808000000,15.416949987450229,87.10703235552783,61.075453697752515,95.9123315345665
607,S4_seasonal_switch,26011605.804593824,101000000,3.882882154940343,,,
607,S5_fertilizer_policy,10756824.24633152,50000000,4.648212042420593,23.328083395236412,,
608,S1_deepen_wells,34513052.90649356,2525000000,73.16072579383224,,,
608,S2_po4_removal,41676227.743246965,151500000,3.6351658536213947,86.01513534917429,13.289913259060107,
608,S3_multi_treatment,54904588.90662138,808000000,14.716438390499576,85.89634023770634,83.70057128249351,83.87293611498531
608,S4_seasonal_switch,26011605.804593824,101000000,3.882882154940343,,,
608,S5_fertilizer_policy,13622113.124042474,50000000,3.670502479659491,29.541971096662774,,
609,S1_deepen_wells,34513052.90649356,2525000000,73.16072579383224,,,
609,S2_po4_removal,36548869.90329939,151500000,4.145135004196766,70.91340702237345,25.4081481389818,
609,S3_multi_treatment,55745771.79932738,808000000,14.494372827209636,91.6099277789906,73.91365877010413,73.91240345390284
609,S4_seasonal_switch,26011605.804593824,101000000,3.882882154940343,,,
609,S5_fertilizer_policy,7574784.3217289895,50000000,6.600848007852876,16.427264805268738,,
610,S1_deepen_wells,34513052.90649356,2525000000,73.16072579383224,,,
610,S2_po4_removal,26248516.350891545,151500000,5.771754790813318,56.23471394987132,2.0993270313917995,
610,S3_multi_treatment,50625142.50870156,808000000,15.960448898709156,79.63286150898196,72.46017503145681,93.87987548949714
610,S4_seasonal_switch,26011605.804593824,101000000,3.882882154940343,,,
610,S5_fertilizer_policy,9003593.097151473,50000000,5.553338479480912,19.525890338754493,,
611,S1_deepen_wells,34513052.90649356,2525000000,73.16072579383224,,,
611,S2_po4_removal,22676984.838272475,151500000,6.68078234740934,46.815197148693215,7.193601299310501,
611,S3_multi_treatment,53316647.42229673,808000000,15.154741324978712,90.36508289029477,56.41949499374548,99.44053846966413
611,S4_seasonal_switch,26011605.804593824,101000000,3.882882154940343,,,
611,S5_fertilizer_policy,13737476.012365706,50000000,3.6396787848796097,29.792156004205317,,
612,S1_deepen_wells,34513052.90649356,2525000000,73.16072579383224,,,
612,S2_po4_removal,18246204.601183012,151500000,8.30309663359674,31.971122798275527,23.12489091160771,
612,S3_multi_treatment,51546757.115545884,808000000,15.675088894317987,79.01081689865477,80.87775957524516,91.72954008417533
612,S4_seasonal_switch,26011605.804593824,101000000,3.882882154940343,,,
612,S5_fertilizer_policy,8129487.702660188,50000000,6.150449060109735,17.630237581773418,,
613,S1_deepen_wells,34513052.90649356,2525000000,73.16072579383224,,,
613,S2_po4_removal,22502170.059629582,151500000,6.732683985523746,46.169751124776596,8.004079348963714,
613,S3_multi_treatment,52480471.107529,808000000,15.396203253291336,88.49911364357543,63.794314797477305,64.36613796061123
613,S4_seasonal_switch,26011605.804593824,101000000,3.882882154940343,,,
613,S5_fertilizer_policy,12825891.930263154,50000000,3.898364361079887,27.815224058300302,,
614,S1_deepen_wells,34513052.90649356,2525000000,73.16072579383224,,,
614,S2_po4_removal,36488672.370611146,151500000,4.151973479912679,76.97467596969985,6.565551173510381,
614,S3_multi_treatment,54044594.13425883,808000000,14.950616485207526,92.29451847690939,56.00950975376565,96.2445891266824
614,S4_seasonal_switch,26011605.804593824,101000000,3.882882154940343,,,
614,S5_fertilizer_policy,7692562.755225942,50000000,6.499784478980364,16.682688251432655,,
615,S1_deepen_wells,34513052.90649356,2525000000,73.16072579383224,,,
615,S2_po4_removal,31009446.92398707,151500000,4.885607936554605,66.60997555192759,1.9461403467262404,
615,S3_multi_treatment,68068738.30353434,808000000,11.870353706233542,94.44086175144643,80.20626888295676,96.0832127678704
615,S4_seasonal_switch,26011605.804593824,101000000,3.882882154940343,,,
615,S5_fertilizer_policy,9885576.199519224,50000000,5.057874117892259,21.438627304057306,,
616,S1_deepen_wells,34513052.90649356,2525000000,73.16072579383224,,,
616,S2_po4_removal,39756476.23528747,151500000,3.8106998996437724,83.68234323918148,7.719346189485517,
616,S3_multi_treatment,47423365.50523244,808000000,17.038014729487085,73.48637258216823,70.45826973411394,91.81918553093011
616,S4_seasonal_switch,26011605.804593824,101000000,3.882882154940343,,,
616,S5_fertilizer_policy,7747848.827277817,50000000,6.453404178972262,16.802585915453772,,
617,S1_deepen_wells,34513052.90649356,2525000000,73.16072579383224,,,
617,S2_po4_removal,30450190.700494163,151500000,4.975338298867907,65.85637832877885,0.5485786583039985,
617,S3_multi_treatment,50749670.14728219,808000000,15.921285747376842,88.62225848485294,55.398882376961524,47.82800653114067
617,S4_seasonal_switch,26011605.804593824,101000000,3.882882154940343,,,
617,S5_fertilizer_policy,7274493.6204006,50000000,6.873330654903584,15.776031098834304,,
618,S1_deepen_wells,34513052.90649356,2525000000,73.16072579383224,,,
618,S2_po4_removal,27409938.093305603,151500000,5.527192344772249,54.69538690035664,14.448639753352799,
618,S3_multi_treatment,56784253.08484493,808000000,14.229296963591583,91.22971579273008,78.09711224122013,92.51780396038627
618,S4_seasonal_switch,26011605.804593824,101000000,3.882882154940343,,,
618,S5_fertilizer_policy,9919141.57259404,50000000,5.040758782811089,21.511419775548013,,
619,S1_deepen_wells,34513052.90649356,2525000000,73.16072579383224,,,
619,S2_po4_removal,27570608.217042573,151500000,5.494982149372801,59.25536576923874,1.6323234788121497,
619,S3_multi_treatment,68093699.13832083,808000000,11.866002438179848,97.58218105202471,85.7403352433017,99.40079114291434
619,S4_seasonal_switch,26011605.804593824,101000000,3.882882154940343,,,
619,S5_fertilizer_policy,13011883.309440568,50000000,3.8426412849647433,28.218579389287086,,
620,S1_deepen_wells,34513052.90649356,2525000000,73.16072579383224,,,
620,S2_po4_removal,42839261.743384376,151500000,3.536475509487415,91.06220315093613,5.606514845043769,
620,S3_multi_treatment,56146371.321677685,808000000,14.390956725782871,92.05277214379774,71.85071828333126,90.24241498638057
620,S4_seasonal_switch,26011605.804593824,101000000,3.882882154940343,,,
620,S5_fertilizer_policy,10186564.193107538,50000000,4.908426340044187,22.091373212570968,,
621,S1_deepen_wells,34513052.90649356,2525000000,73.16072579383224,,,
621,S2_po4_removal,39193662.45478502,151500000,3.8654208489644195,81.50611331422604,10.627582959405443,
621,S3_multi_treatment,50000382.25200158,808000000,16.159876457097578,78.66029057767858,70.48560014394086,97.82289000933854
621,S4_seasonal_switch,26011605.804593824,101000000,3.882882154940343,,,
621,S5_fertilizer_policy,10815591.016925372,50000000,4.622955871921817,23.455529572090104,,
622,S1_deepen_wells,34513052.90649356,2525000000,73.16072579383224,,,
622,S2_po4_removal,24876724.63470711,151500000,6.090030027049167,51.216878026442295,8.316051350930179,
622,S3_multi_treatment,43450107.702935696,808000000,18.596041361375214,62.59540651785229,75.93809624620995,98.82473724102063
622,S4_seasonal_switch,26011605.804593824,101000000,3.882882154940343,,,
622,S5_fertilizer_policy,4966858.833518699,50000000,10.066724599172517,10.771515312263842,,
623,S1_deepen_wells,34513052.90649356,2525000000,73.16072579383224,,,
623,S2_po4_removal,22203857.861276425,151500000,6.8231386161148295,41.742974382321066,19.50665977154745,
623,S3_multi_treatment,53809873.79748011,808000000,15.015831537553955,87.03670931154588,74.67794965932396,75.74284230150701
623,S4_seasonal_switch,26011605.804593824,101000000,3.882882154940343,,,
623,S5_fertilizer_policy,11224792.280073285,50000000,4.4544254140686474,24.342955170347558,,
624,S1_deepen_wells,34513052.90649356,2525000000,73.16072579383224,,,
624,S2_po4_removal,29985472.277220964,151500000,5.0524466848264336,62.87566836298092,6.55235450007034,
624,S3_multi_treatment,39207565.47618565,808000000,20.60826756741049,49.4015950919601,89.01636761581697,94.31977353586973
624,S4_seasonal_switch,26011605.804593824,101000000,3.882882154940343,,,
624,S5_fertilizer_policy,9192859.352404825,50000000,5.439004131714486,19.936347820009683,,
625,S1_deepen_wells,34513052.90649356,2525000000,73.16072579383224,,,
625,S2_po4_removal,28659545.48909302,151500000,5.2861968818611045,61.04251534316659,3.380318641452766,
625,S3_multi_treatment,53857862.1908162,808000000,15.00245214222,86.78430327579015,72.51051574578065,91.55340404939314
625,S4_seasonal_switch,26011605.804593824,101000000,3.882882154940343,,,
625,S5_fertilizer_policy,8011478.709457628,50000000,6.241045107063009,17.37431412594904,,
626,S1_deepen_wells,34513052.90649356,2525000000,73.16072579383224,,,
626,S2_po4_removal,38058639.8426815,151500000,3.9806992742314926,79.59167152322209,8.96281163426959,
626,S3_multi_treatment,48908257.648059554,808000000,16.520727559225524,76.05777688579268,72.43206223967572,91.82281040264223
626,S4_seasonal_switch,26011605.804593824,101000000,3.882882154940343,,,
626,S5_fertilizer_policy,10179596.087490708,50000000,4.9117862408551725,22.076261638261105,,
627,S1_deepen_wells,34513052.90649356,2525000000,73.16072579383224,,,
627,S2_po4_removal,18707820.388058037,151500000,8.098217582669792,38.38908087318841,6.640596169752184,
627,S3_multi_treatment,58162327.40912257,808000000,13.89215383896876,97.10024387453966,70.22615191996049,88.1465690607558
627,S4_seasonal_switch,26011605.804593824,101000000,3.882882154940343,,,
627,S5_fertilizer_policy,10520073.475274257,50000000,4.752818515718257,22.81464730995375,,
628,S1_deepen_wells,34513052.90649356,2525000000,73.16072579383224,,,
628,S2_po4_removal,32314285.88725619,151500000,4.688328887371364,68.23918635313603,5.59963065715195,
628,S3_multi_treatment,53176278.64146047,808000000,15.194745112720595,98.0073209385449,33.04244032650161,95.52340430132557
628,S4_seasonal_switch,26011605.804593824,101000000,3.882882154940343,,,
628,S5_fertilizer_policy,13362727.458500013,50000000,3.7417510875143285,28.979447223562676,,
629,S1_deepen_wells,34513052.90649356,2525000000,73.16072579383224,,,
629,S2_po4_removal,43057050.41546552,151500000,3.5185875144290706,86.08643003525022,22.18582948395122,
629,S3_multi_treatment,51546463.51571056,808000000,15.675178176941937,76.16431610629213,91.87722897521611,80.35820320142189
629,S4_seasonal_switch,26011605.804593824,101000000,3.882882154940343,,,
629,S5_fertilizer_policy,9284712.210127167,50000000,5.385196532582153,20.13554705167595,,
630,S1_deepen_wells,34513052.90649356,2525000000,73.16072579383224,,,
630,S2_po4_removal,27787162.241380915,151500000,5.452158039167624,55.46001529998903,14.611293230953699,
630,S3_multi_treatment,56199172.79883884,808000000,14.377435819067689,95.5758751034195,60.30070627562143,95.96513848342238
630,S4_seasonal_switch,26011605.804593824,101000000,3.882882154940343,,,
630,S5_fertilizer_policy,3662149.364707269,50000000,13.653184242526578,7.942021160644932,,
631,S1_deepen_wells,34513052.90649356,2525000000,73.16072579383224,,,
631,S2_po4_removal,32463962.139297515,151500000,4.666713180293226,69.4287393378588,2.967452290986102,
631,S3_multi_treatment,57428124.40686497,808000000,14.06976125975327,90.87475628733154,87.01495246861823,75.07327555096069
631,S4_seasonal_switch,26011605.804593824,101000000,3.882882154940343,,,
631,S5_fertilizer_policy,15579365.043561496,50000000,3.2093734154244986,33.786619420223296,,
632,S1_deepen_wells,34513052.90649356,2525000000,73.16072579383224,,,
632,S2_po4_removal,34064877.427575745,151500000,4.4473960113932405,71.55387542173655,7.065755385174695,
632,S3_multi_treatment,40551367.77083361,808000000,19.925345171245997,56.20631836767828,77.47612265639934,92.86642628375591
632,S4_seasonal_switch,26011605.804593824,101000000,3.882882154940343,,,
632,S5_fertilizer_policy,8260646.6119982675,50000000,6.052794938277223,17.914678965680086,,
633,S1_deepen_wells,34513052.90649356,2525000000,73.16072579383224,,,
633,S2_po4_removal,42817721.76024218,151500000,3.5382545771193574,88.65465724613806,12.790869712801891,
633,S3_multi_treatment,48655346.148927614,808000000,16.60660264396883,77.26073237812247,65.64453408754845,98.90905308386392
633,S4_seasonal_switch,26011605.804593824,101000000,3.882882154940343,,,
633,S5_fertilizer_policy,9371452.209801257,50000000,5.335352395833256,20.32365814280856,,
634,S1_deepen_wells,34513052.90649356,2525000000,73.16072579383224,,,
634,S2_po4_removal,26297431.504009165,151500000,5.761018903192243,53.98951419557875,9.254614764787567,
634,S3_multi_treatment,47046488.758086994,808000000,17.174501675454152,67.19563833447509,85.748147023318,98.46233069603608
634,S4_seasonal_switch,26011605.804593824,101000000,3.882882154940343,,,
634,S5_fertilizer_policy,16350253.799427621,50000000,3.0580565056274764,35.45842856886008,,
635,S1_deepen_wells,34513052.90649356,2525000000,73.16072579383224,,,
635,S2_po4_removal,20103283.631023154,151500000,7.536082302803854,42.36876648088301,3.739335883461333,
635,S3_multi_treatment,57906643.81975456,808000000,13.9534938774047,96.83744986568178,67.31556455897835,97.98074429538727
635,S4_seasonal_switch,26011605.804593824,101000000,3.882882154940343,,,
635,S5_fertilizer_policy,12989058.20158989,50000000,3.8493937916052983,28.169079090011746,,
636,S1_deepen_wells,34513052.90649356,2525000000,73.16072579383224,,,
636,S2_po4_removal,34795446.45207192,151500000,4.354017995104035,71.79030373559422,11.16773263653078,
636,S3_multi_treatment,42047551.39066486,808000000,19.21633896092668,56.22929517345039,87.08784436414805,93.80258587741511
636,S4_seasonal_switch,26011605.804593824,101000000,3.882882154940343,,,
636,S5_fertilizer_policy,9493957.726157427,50000000,5.266507545345574,20.589333107509063,,
637,S1_deepen_wells,34513052.90649356,2525000000,73.16072579383224,,,
637,S2_po4_removal,32960005.507697947,151500000,4.596479814441067,66.3560881413615,15.591661375094713,
637,S3_multi_treatment,54768574.5856335,808000000,14.752985742520105,87.66768637493205,74.34416950613186,98.78925442091231
637,S4_seasonal_switch,26011605.804593824,101000000,3.882882154940343,,,
637,S5_fertilizer_policy,11948063.518925123,50000000,4.1847785560231205,25.911497278216007,,
638,S1_deepen_wells,34513052.90649356,2525000000,73.16072579383224,,,
638,S2_po4_removal,34197456.86713561,151500000,4.430153990356936,71.70371632023806,7.48473904474551,
638,S3_multi_treatment,68096460.67607751,808000000,11.865521232351695,97.92972038428522,83.48478246026517,98.86400715879958
638,S4_seasonal_switch,26011605.804593824,101000000,3.882882154940343,,,
638,S5_fertilizer_policy,6695803.590064555,50000000,7.467363599821174,14.521039013946845,,
639,S1_deepen_wells,34513052.90649356,2525000000,73.16072579383224,,,
639,S2_po4_removal,25225687.257724725,151500000,6.005782853492207,48.564175720088635,18.69162129635313,
639,S3_multi_treatment,51733287.65125182,808000000,15.618570492696076,81.20249630013123,76.45396892208906,86.79626109238644
639,S4_seasonal_switch,26011605.804593824,101000000,3.882882154940343,,,
639,S5_fertilizer_policy,8479681.73052346,50000000,5.896447719260502,18.38969551279747,,
640,S1_deepen_wells,34513052.90649356,2525000000,73.16072579383224,,,
640,S2_po4_removal,33852924.69943272,151500000,4.475241100883041,71.48815672724538,5.866943806549961,
640,S3_multi_treatment,45297328.693956465,808000000,17.837696466807383,67.3671132160545,73.7990342511,97.89614198643504
640,S4_seasonal_switch,26011605.804593824,101000000,3.882882154940343,,,
640,S5_fertilizer_policy,11667077.952131167,50000000,4.285563206583937,25.302130183902594,,
641,S1_deepen_wells,34513052.90649356,2525000000,73.16072579383224,,,
641,S2_po4_removal,33463087.091050938,151500000,4.527376675910926,69.65672862372627,8.86747221752016,
641,S3_multi_treatment,57005708.95439732,808000000,14.174018967931321,90.60616788076071,80.61376995221806,96.61311350283519
641,S4_seasonal_switch,26011605.804593824,101000000,3.882882154940343,,,
641,S5_fertilizer_policy,6208505.430100583,50000000,8.053468030741492,13.464246427802138,,
642,S1_deepen_wells,34513052.90649356,2525000000,73.16072579383224,,,
642,S2_po4_removal,36200218.09531361,151500000,4.185057659075618,77.91905171501298,1.7879966843927035,
642,S3_multi_treatment,52692903.13887223,808000000,15.33413328680173,84.064471987976,73.59497353407644,89.14271412649542
642,S4_seasonal_switch,26011605.804593824,101000000,3.882882154940343,,,
642,S5_fertilizer_policy,4351655.048956253,50000000,11.489881306651945,9.437336667834245,,
643,S1_deepen_wells,34513052.90649356,2525000000,73.16072579383224,,,
643,S2_po4_removal,34416240.63268847,151500000,4.40199153698692,69.64103411722732,15.205664257874227,
643,S3_multi_treatment,55427732.35054089,808000000,14.577540262516534,90.63788721221515,74.39120557345554,75.76742835854495
643,S4_seasonal_switch,26011605.804593824,101000000,3.882882154940343,,,
643,S5_fertilizer_policy,7326853.612158611,50000000,6.824211680308047,15.889583038173761,,
644,S1_deepen_wells,34513052.90649356,2525000000,73.16072579383224,,,
644,S2_po4_removal,23497572.562006794,151500000,6.447474504024311,48.90582207860159,6.247077620682655,
644,S3_multi_treatment,57832518.501674645,808000000,13.971378403252539,97.74236346730314,63.72401656087617,99.6752814075203
644,S4_seasonal_switch,26011605.804593824,101000000,3.882882154940343,,,
644,S5_fertilizer_policy,4928912.274249487,50000000,10.144225991040463,10.68922146057279,,
645,S1_deepen_wells,34513052.90649356,2525000000,73.16072579383224,,,
645,S2_po4_removal,33629541.628531,151500000,4.504967735613404,70.12060660896083,8.554357708361755,
645,S3_multi_treatment,48020248.381274715,808000000,16.82623533274093,77.51884186835845,66.21663716655242,71.93318944556299
645,S4_seasonal_switch,26011605.804593824,101000000,3.882882154940343,,,
645,S5_fertilizer_policy,5731363.106679253,50000000,8.723928159730566,12.429478576503863,,
646,S1_deepen_wells,34513052.90649356,2525000000,73.16072579383224,,,
646,S2_po4_removal,36358694.82549376,151500000,4.166816238237798,77.38379721120519,4.462736401902802,
646,S3_multi_treatment,55015463.238346815,808000000,14.686779905850338,87.1997810098291,81.28208696624475,79.9043179165737
646,S4_seasonal_switch,26011605.804593824,101000000,3.882882154940343,,,
646,S5_fertilizer_policy,4755166.991703622,50000000,10.514877834413682,10.312423964588657,,
647,S1_deepen_wells,34513052.90649356,2525000000,73.16072579383224,,,
647,S2_po4_removal,18232739.40119595,151500000,8.309228617070158,37.173027863009146,7.205877102544357,
647,S3_multi_treatment,50048516.708815694,808000000,16.144334600383402,82.79490089067423,58.44444449498233,96.73688122963203
647,S4_seasonal_switch,26011605.804593824,101000000,3.882882154940343,,,
647,S5_fertilizer_policy,4967354.062773131,50000000,10.065720979045016,10.77258930483663,,
648,S1_deepen_wells,34513052.90649356,2525000000,73.16072579383224,,,
648,S2_po4_removal,30723389.649567336,151500000,4.931096527043965,64.3742419490512,6.861937435152919,
648,S3_multi_treatment,53888919.13928253,808000000,14.993806016254004,81.38023921213565,87.73322780605774,98.49357581088263
648,S4_seasonal_switch,26011605.804593824,101000000,3.882882154940343,,,
648,S5_fertilizer_policy,3983054.236112997,50000000,12.553180809507191,8.637960355211879,,
649,S1_deepen_wells,34513052.90649356,2525000000,73.16072579383224,,,
649,S2_po4_removal,34423009.23342778,151500000,4.401125972824018,73.809159768562,2.566125580318359,
649,S3_multi_treatment,53426420.65397122,808000000,15.123603455174399,89.845015947095,61.2185716705222,87.32596348330932
649,S4_seasonal_switch,26011605.804593824,101000000,3.882882154940343,,,
649,S5_fertilizer_policy,10658357.15423008,50000000,4.691154488115088,23.11454002187394,,
650,S1_deepen_wells,34513052.90649356,2525000000,73.16072579383224,,,
650,S2_po4_removal,35846277.2252717,151500000,4.226380302978636,71.07324865188777,20.28489685634679,
650,S3_multi_treatment,53615473.27016087,808000000,15.070276372057764,84.39555561173965,76.9970197924127,97.30510867219266
650,S4_seasonal_switch,26011605.804593824,101000000,3.882882154940343,,,
650,S5_fertilizer_policy,11704319.331405684,50000000,4.27192719066005,25.382894727561066,,
651,S1_deepen_wells,34513052.90649356,2525000000,73.16072579383224,,,
651,S2_po4_removal,44370458.80405304,151500000,3.414433929318783,90.58205609358829,17.172958688634925,
651,S3_multi_treatment,56567475.49534574,808000000,14.283826402443585,91.21395858113921,79.24878465080695,80.19716430354393
651,S4_seasonal_switch,26011605.804593824,101000000,3.882882154940343,,,
651,S5_fertilizer_policy,9837786.867671087,50000000,5.082443914729428,21.334987652313835,,
652,S1_deepen_wells,34513052.90649356,2525000000,73.16072579383224,,,
652,S2_po4_removal,33997201.05183561,151500000,4.45624920030939,70.83199326311161,8.81591016157375,
652,S3_multi_treatment,68035896.33096133,808000000,11.876083708362943,90.30770181528177,89.95131605000657,96.81456703143124
652,S4_seasonal_switch,26011605.804593824,101000000,3.882882154940343,,,
652,S5_fertilizer_policy,6705719.073663712,50000000,7.456321902355237,14.542542500757468,,
653,S1_deepen_wells,34513052.90649356,2525000000,73.16072579383224,,,
653,S2_po4_removal,17529211.112829484,151500000,8.64271637923959,36.10060003432542,5.82642521412364,
653,S3_multi_treatment,50708925.53019367,808000000,15.934078499038431,77.86179600550257,77.70022238904353,97.29500604662788
653,S4_seasonal_switch,26011605.804593824,101000000,3.882882154940343,,,
653,S5_fertilizer_policy,9403694.386330694,50000000,5.317059226497249,20.393581027639485,,
654,S1_deepen_wells,34513052.90649356,2525000000,73.16072579383224,,,
654,S2_po4_removal,32522522.243620984,151500000,4.658310289255485,65.16948168132423,16.31546210293803,
654,S3_multi_treatment,51241501.12550944,808000000,15.768468570444654,93.23549307256323,36.09277405275133,89.21459185787553
654,S4_seasonal_switch,26011605.804593824,101000000,3.882882154940343,,,
654,S5_fertilizer_policy,10023943.178544119,50000000,4.988057006051586,21.73870066696836,,
655,S1_deepen_wells,34513052.90649356,2525000000,73.16072579383224,,,
655,S2_po4_removal,29641892.45560883,151500000,5.111009704487786,61.41233513429937,8.737999864657537,
655,S3_multi_treatment,49045362.443619415,808000000,16.474544375706152,77.97989004852482,66.85771646591358,94.88509389363763
655,S4_seasonal_switch,26011605.804593824,101000000,3.882882154940343,,,
655,S5_fertilizer_policy,14254692.290349707,50000000,3.5076169293285644,30.913831341635817,,
656,S1_deepen_wells,34513052.90649356,2525000000,73.16072579383224,,,
656,S2_po4_removal,42769146.211927995,151500000,3.5422731903342926,89.5199272010413,9.837149040455673,
656,S3_multi_treatment,54909670.93252609,808000000,14.715076347714481,90.01571436567298,73.83084905532127,71.07479196123782
656,S4_seasonal_switch,26011605.804593824,101000000,3.882882154940343,,,
656,S5_fertilizer_policy,8032457.034724034,50000000,6.224745402789175,17.41980934926962,,
657,S1_deepen_wells,34513052.90649356,2525000000,73.16072579383224,,,
657,S2_po4_removal,28754699.911619708,151500000,5.268703915034745,57.55008692164421,14.636264104562247,
657,S3_multi_treatment,58179934.38672201,808000000,13.887949660259569,96.31632577282298,72.1688005350532,90.86472230503362
657,S4_seasonal_switch,26011605.804593824,101000000,3.882882154940343,,,
657,S5_fertilizer_policy,4561323.9257315025,50000000,10.961729711397656,9.89204085661627,,
658,S1_deepen_wells,34513052.90649356,2525000000,73.16072579383224,,,
658,S2_po4_removal,37032520.962718025,151500000,4.090998831878621,73.64539954130582,20.28620324350865,
658,S3_multi_treatment,53978485.11255874,808000000,14.968926940337738,83.7836404675902,80.70311501689203,99.98756549883161
658,S4_seasonal_switch,26011605.804593824,101000000,3.882882154940343,,,
658,S5_fertilizer_policy,7668635.006160274,50000000,6.520065169333866,16.63079667889395,,
659,S1_deepen_wells,34513052.90649356,2525000000,73.16072579383224,,,
659,S2_po4_removal,23365158.333970353,151500000,6.484013411530611,49.37953168562718,3.9316299878184138,
659,S3_multi_treatment,39830278.052685335,808000000,20.28607480297329,62.658498594051196,53.39474695890346,91.34750044372926
659,S4_seasonal_switch,26011605.804593824,101000000,3.882882154940343,,,
659,S5_fertilizer_policy,13582795.623524047,50000000,3.6811273161914464,29.456704115443973,,
660,S1_deepen_wells,34513052.90649356,2525000000,73.16072579383224,,,
660,S2_po4_removal,43077786.977338664,151500000,3.5168937550041166,87.77008139150333,17.19908808544617,
660,S3_multi_treatment,45625041.40871391,808000000,17.70957296809555,75.7017562628816,52.2207185889502,90.00879006837441
660,S4_seasonal_switch,26011605.804593824,101000000,3.882882154940343,,,
660,S5_fertilizer_policy,4332021.023323223,50000000,11.54195691359861,9.394756796966906,,
661,S1_deepen_wells,34513052.90649356,2525000000,73.16072579383224,,,
661,S2_po4_removal,17090222.9166219,151500000,8.864717607202861,33.311155040301614,11.41796329236785,
661,S3_multi_treatment,36494987.19051917,808000000,22.140026951698886,50.129719574281616,68.33795832152305,97.04553598102244
661,S4_seasonal_switch,26011605.804593824,101000000,3.882882154940343,,,
661,S5_fertilizer_policy,9244605.963563249,50000000,5.408559347696412,20.048569534605086,,
662,S1_deepen_wells,34513052.90649356,2525000000,73.16072579383224,,,
662,S2_po4_removal,35309540.93741703,151500000,4.290625025924864,73.98343588536476,7.886532130517851,
662,S3_multi_treatment,56413745.05073879,808000000,14.322750586284974,97.95871588047297,58.65051992470982,75.61980952911598
662,S4_seasonal_switch,26011605.804593824,101000000,3.882882154940343,,,
662,S5_fertilizer_policy,1729209.9506470636,50000000,28.9149388605416,3.750098822180247,,
663,S1_deepen_wells,34513052.90649356,2525000000,73.16072579383224,,,
663,S2_po4_removal,24629675.521378435,151500000,6.151116358333619,50.552868465978285,8.706303264789637,
663,S3_multi_treatment,55349342.76579428,808000000,14.598185987844133,83.44240491579177,91.39930464931113,97.01893711302898
663,S4_seasonal_switch,26011605.804593824,101000000,3.882882154940343,,,
663,S5_fertilizer_policy,17732316.05109264,50000000,2.819710626402865,38.45567596511134,,
664,S1_deepen_wells,34513052.90649356,2525000000,73.16072579383224,,,
664,S2_po4_removal,35466786.19044997,151500000,4.2716021459196645,72.49872205879538,13.442486526341964,
664,S3_multi_treatment,51450229.03029226,808000000,15.704497632542614,81.57642061044261,71.67064867684094,95.43667749450941
664,S4_seasonal_switch,26011605.804593824,101000000,3.882882154940343,,,
664,S5_fertilizer_policy,4135427.110645935,50000000,12.090649565865574,8.96840798946497,,
665,S1_deepen_wells,34513052.90649356,2525000000,73.16072579383224,,,
665,S2_po4_removal,32181977.739004128,151500000,4.707603778383826,67.48396610065495,7.024694274394296,
665,S3_multi_treatment,57418032.537865706,808000000,14.07223417951747,94.1660205986418,71.82642690042346,99.89636267817446
665,S4_seasonal_switch,26011605.804593824,101000000,3.882882154940343,,,
665,S5_fertilizer_policy,5550347.646315739,50000000,9.008444729257539,12.036914409005513,,
666,S1_deepen_wells,34513052.90649356,2525000000,73.16072579383224,,,
666,S2_po4_removal,21568450.809382267,151500000,7.024148435088233,43.05660653202641,11.315655398625648,
666,S3_multi_treatment,56523729.559668176,808000000,14.294881217047974,91.965283125258,73.55360440235177,95.36523633709666
666,S4_seasonal_switch,26011605.804593824,101000000,3.882882154940343,,,
666,S5_fertilizer_policy,4802445.483149387,50000000,10.411362331011947,10.414955768213156,,
667,S1_deepen_wells,34513052.90649356,2525000000,73.16072579383224,,,
667,S2_po4_removal,27959416.24004034,151500000,5.418568066633619,59.40671814596753,3.737713456204741,
667,S3_multi_treatment,53057700.438746065,808000000,15.228703719129667,88.28525831822216,61.56977362756455,96.86389291136986
667,S4_seasonal_switch,26011605.804593824,101000000,3.882882154940343,,,
667,S5_fertilizer_policy,9916519.416405149,50000000,5.042091675561461,21.505733164253733,,
668,S1_deepen_wells,34513052.90649356,2525000000,73.16072579383224,,,
668,S2_po4_removal,31180627.44180078,151500000,4.858786125544701,65.487924947501,6.490425308743641,
668,S3_multi_treatment,37749040.773901865,808000000,21.40451739792599,49.73931437891255,78.14944281320207,95.35777449876682
668,S4_seasonal_switch,26011605.804593824,101000000,3.882882154940343,,,
668,S5_fertilizer_policy,9974767.124277256,50000000,5.012648353294049,21.63205366142885,,
669,S1_deepen_wells,34513052.90649356,2525000000,73.16072579383224,,,
669,S2_po4_removal,31313180.58621238,151500000,4.838218193226513,66.13536071861829,5.394982321651893,
669,S3_multi_treatment,54271095.44788759,808000000,14.888219840262133,97.6614031757831,41.74585471509599,93.4554280916326
669,S4_seasonal_switch,26011605.804593824,101000000,3.882882154940343,,,
669,S5_fertilizer_policy,12606309.46999877,50000000,3.9662678533311366,27.33902050343367,,
670,S1_deepen_wells,34513052.90649356,2525000000,73.16072579383224,,,
670,S2_po4_removal,31483914.1544843,151500000,4.811981104275169,66.50171039974514,5.406900424935756,
670,S3_multi_treatment,68102125.229301,808000000,11.864534289927816,98.6426040086643,77.10011724423997,92.30965277124965
670,S4_seasonal_switch,26011605.804593824,101000000,3.882882154940343,,,
670,S5_fertilizer_policy,14267225.749326602,50000000,3.5045355613273275,30.941012372909384,,
671,S1_deepen_wells,34513052.90649356,2525000000,73.16072579383224,,,
671,S2_po4_removal,24992239.88454634,151500000,6.061881636054489,49.94325819700942,12.954214909041061,
671,S3_multi_treatment,45373611.455101475,808000000,17.8077074777162,77.0182019629347,48.756219754457526,79.30891924228321
671,S4_seasonal_switch,26011605.804593824,101000000,3.882882154940343,,,
671,S5_fertilizer_policy,7429037.833608404,50000000,6.730346663978986,16.111187666553814,,
672,S1_deepen_wells,34513052.90649356,2525000000,73.16072579383224,,,
672,S2_po4_removal,29490288.931694314,151500000,5.137284356586187,61.91103703640866,6.219855403503518,
672,S3_multi_treatment,52553204.35881338,808000000,15.374895020354646,85.8771900595503,66.90531239635014,90.36459581094753
672,S4_seasonal_switch,26011605.804593824,101000000,3.882882154940343,,,
672,S5_fertilizer_policy,8499448.90983484,50000000,5.882734343181268,18.432564151059555,,
673,S1_deepen_wells,34513052.90649356,2525000000,73.16072579383224,,,
673,S2_po4_removal,26472512.380333446,151500000,5.722917334908872,54.10118286722493,10.070254477052774,
673,S3_multi_treatment,57057626.178548336,808000000,14.161121906325988,88.01591404493814,89.4029661179303,93.87104166947236
673,S4_seasonal_switch,26011605.804593824,101000000,3.882882154940343,,,
673,S5_fertilizer_policy,18009907.464655966,50000000,2.7762496891293784,39.057682235467176,,
674,S1_deepen_wells,34513052.90649356,2525000000,73.16072579383224,,,
674,S2_po4_removal,29195134.374238215,151500000,5.189220849542778,60.62750948889567,8.177913431497062,
674,S3_multi_treatment,68096289.13577513,808000000,11.865551122601603,97.90813204930741,73.85215415188514,91.73903868389291
674,S4_seasonal_switch,26011605.804593824,101000000,3.882882154940343,,,
674,S5_fertilizer_policy,1894312.3714026585,50000000,26.394802016193932,4.108152737717204,,
675,S1_deepen_wells,34513052.90649356,2525000000,73.16072579383224,,,
675,S2_po4_removal,21405513.791390464,151500000,7.0776156777388355,43.744318349358394,8.14752993105004,
675,S3_multi_treatment,40614494.98606795,808000000,19.894375155401278,61.38335001179276,62.50844082489044,91.0669232496619
675,S4_seasonal_switch,26011605.804593824,101000000,3.882882154940343,,,
675,S5_fertilizer_policy,4798825.537954748,50000000,10.419216036203293,10.407105274289211,,
676,S1_deepen_wells,34513052.90649356,2525000000,73.16072579383224,,,
676,S2_po4_removal,34193129.708179705,151500000,4.430714628727245,72.50152805763963,5.028325114019623,
676,S3_multi_treatment,55938507.707016416,808000000,14.44443252279774,91.77033418189443,73.2737351971203,80.83392759703608
676,S4_seasonal_switch,26011605.804593824,101000000,3.882882154940343,,,
676,S5_fertilizer_policy,5703775.967505179,50000000,8.766122702724228,12.369650966741798,,
677,S1_deepen_wells,34513052.90649356,2525000000,73.16072579383224,,,
677,S2_po4_removal,32071892.246480472,151500000,4.723762440821539,68.34459449420682,3.679157562980832,
677,S3_multi_treatment,51131648.290213615,808000000,15.802346042395191,85.83745088659416,59.389270281097126,81.882734322745
677,S4_seasonal_switch,26011605.804593824,101000000,3.882882154940343,,,
677,S5_fertilizer_policy,5935126.417912208,50000000,8.42442038792974,12.871375497795775,,
678,S1_deepen_wells,34513052.90649356,2525000000,73.16072579383224,,,
678,S2_po4_removal,30515633.478603654,151500000,4.964668359456662,64.60320820464717,4.794052561445955,
678,S3_multi_treatment,56748819.673492074,808000000,14.238181598293659,93.4686669253846,73.92265354653979,78.55170041144487
678,S4_seasonal_switch,26011605.804593824,101000000,3.882882154940343,,,
678,S5_fertilizer_policy,5887600.172589786,50000000,8.492424508168739,12.768306395897767,,
679,S1_deepen_wells,34513052.90649356,2525000000,73.16072579383224,,,
679,S2_po4_removal,37282222.59026864,151500000,4.063598934671463,80.08435613183472,2.339458459144489,
679,S3_multi_treatment,52372116.915258035,808000000,15.428056904925265,83.13229459603801,74.91952462836579,86.20222522483371
679,S4_seasonal_switch,26011605.804593824,101000000,3.882882154940343,,,
679,S5_fertilizer_policy,11173818.45451609,50000000,4.474746050647677,24.232409378546745,,
680,S1_deepen_wells,34513052.90649356,2525000000,73.16072579383224,,,
680,S2_po4_removal,16767033.128017299,151500000,9.03558780156802,34.13714509602044,6.771433098432969,
680,S3_multi_treatment,55260116.84729507,808000000,14.621756993978394,87.24293701804328,80.37781651754986,91.51125174304237
680,S4_seasonal_switch,26011605.804593824,101000000,3.882882154940343,,,
680,S5_fertilizer_policy,17791083.41531472,50000000,2.8103965808490092,38.583123429353265,,
681,S1_deepen_wells,34513052.90649356,2525000000,73.16072579383224,,,
681,S2_po4_removal,34921773.92404035,151500000,4.33826759000082,69.70602919266581,18.344191975663417,
681,S3_multi_treatment,56905849.983823,808000000,14.198891682132777,95.00114687358258,68.28211082653141,88.33932064096284
681,S4_seasonal_switch,26011605.804593824,101000000,3.882882154940343,,,
681,S5_fertilizer_policy,10811832.757591404,50000000,4.624562839717723,23.44737911939554,,
682,S1_deepen_wells,34513052.90649356,2525000000,73.16072579383224,,,
682,S2_po4_removal,30989808.85575626,151500000,4.888703918929121,65.3813406094515,5.555450657453677,
682,S3_multi_treatment,68081563.93508673,808000000,11.868117494633324,96.0549665793595,91.21207259882236,91.18435213027001
682,S4_seasonal_switch,26011605.804593824,101000000,3.882882154940343,,,
682,S5_fertilizer_policy,7776447.929010481,50000000,6.429670777254505,16.86460814571159,,
683,S1_deepen_wells,34513052.90649356,2525000000,73.16072579383224,,,
683,S2_po4_removal,28801081.25958187,151500000,5.260219178389257,61.90005139175898,1.7047918787800889,
683,S3_multi_treatment,51538959.56996635,808000000,15.67746044432863,81.05242376741333,74.72984604996547,91.16341749276174
683,S4_seasonal_switch,26011605.804593824,101000000,3.882882154940343,,,
683,S5_fertilizer_policy,7257834.934509866,50000000,6.889106799916026,15.739903780509193,,
684,S1_deepen_wells,34513052.90649356,2525000000,73.16072579383224,,,
684,S2_po4_removal,24148004.33360926,151500000,6.273810369875654,48.727160845820435,11.083358597448772,
684,S3_multi_treatment,49094703.72743283,808000000,16.45798708728149,84.7116902137559,55.09755273849238,54.048879512888846
684,S4_seasonal_switch,26011605.804593824,101000000,3.882882154940343,,,
684,S5_fertilizer_policy,20172735.643739678,50000000,2.478592932709986,43.74815918069001,,
685,S1_deepen_wells,34513052.90649356,2525000000,73.16072579383224,,,
685,S2_po4_removal,37174557.39548874,151500000,4.0753679563212515,79.22940076133031,4.230664071143464,
685,S3_multi_treatment,39705258.24843708,808000000,20.34994949395161,60.1223792626505,64.00173185894683,73.29075584380787
685,S4_seasonal_switch,26011605.804593824,101000000,3.882882154940343,,,
685,S5_fertilizer_policy,18113662.32509079,50000000,2.760347361159577,39.282693073374084,,
686,S1_deepen_wells,34513052.90649356,2525000000,73.16072579383224,,,
686,S2_po4_removal,43179806.3006378,151500000,3.508584520856506,86.06783805490957,23.05254721349948,
686,S3_multi_treatment,53042894.37834236,808000000,15.232954563842766,95.38582710228826,40.20368800439398,95.21253656438776
686,S4_seasonal_switch,26011605.804593824,101000000,3.882882154940343,,,
686,S5_fertilizer_policy,11191751.381823428,50000000,4.467576011490499,24.27130011564222,,
687,S1_deepen_wells,34513052.90649356,2525000000,73.16072579383224,,,
687,S2_po4_removal,31027089.40748977,151500000,4.882829904226489,66.35395156782157,2.8416916513745276,
687,S3_multi_treatment,56989453.26872839,808000000,14.178061968588333,93.96169462556686,69.86602188315231,98.69922165228387
687,S4_seasonal_switch,26011605.804593824,101000000,3.882882154940343,,,
687,S5_fertilizer_policy,9414782.140317194,50000000,5.31079734557888,20.417626790937287,,
688,S1_deepen_wells,34513052.90649356,2525000000,73.16072579383224,,,
688,S2_po4_removal,14222146.226205744,151500000,10.65240067078244,30.0732824520197,2.34312076609649,
688,S3_multi_treatment,53754659.75997879,808000000,15.031255031802266,85.97773206128124,77.58021152085462,75.52878599148455
688,S4_seasonal_switch,26011605.804593824,101000000,3.882882154940343,,,
688,S5_fertilizer_policy,8139301.921887651,50000000,6.143032962758568,17.651521458813207,,
689,S1_deepen_wells,34513052.90649356,2525000000,73.16072579383224,,,
689,S2_po4_removal,26324717.109080605,151500000,5.755047599267104,52.8917513626322,12.775339771386394,
689,S3_multi_treatment,52065940.66877578,808000000,15.51878232912753,86.34308207977132,60.59978475023551,98.49293243373127
689,S4_seasonal_switch,26011605.804593824,101000000,3.882882154940343,,,
689,S5_fertilizer_policy,5823651.981477886,50000000,8.58567788031031,12.629623388620645,,
690,S1_deepen_wells,34513052.90649356,2525000000,73.16072579383224,,,
690,S2_po4_removal,34699642.56341237,151500000,4.366039209860422,71.79947499395581,10.507555901136909,
690,S3_multi_treatment,55318169.05671583,808000000,14.606412572541675,85.58634874124877,84.43909665790584,98.13776133832151
690,S4_seasonal_switch,26011605.804593824,101000000,3.882882154940343,,,
690,S5_fertilizer_policy,9480716.754761212,50000000,5.273862862202905,20.560617709925996,,
691,S1_deepen_wells,34513052.90649356,2525000000,73.16072579383224,,,
691,S2_po4_removal,34300935.86826356,151500000,4.416789109832224,70.63879112777549,11.408380244394612,
691,S3_multi_treatment,53728921.37510077,808000000,15.038455627260106,84.42590761081877,77.48250496888164,98.1357388038762
691,S4_seasonal_switch,26011605.804593824,101000000,3.882882154940343,,,
691,S5_fertilizer_policy,17129125.54995311,50000000,2.9190048175072705,37.14755025890244,,
692,S1_deepen_wells,34513052.90649356,2525000000,73.16072579383224,,,
692,S2_po4_removal,32982920.60626719,151500000,4.593286380200454,68.34979431349126,9.6757558322269,
692,S3_multi_treatment,57230416.15615706,808000000,14.118366670536124,91.94324881416176,83.49734040760413,70.02341652226033
692,S4_seasonal_switch,26011605.804593824,101000000,3.882882154940343,,,
692,S5_fertilizer_policy,3152511.477324076,50000000,15.860370488624246,6.836780908876211,,
693,S1_deepen_wells,34513052.90649356,2525000000,73.16072579383224,,,
693,S2_po4_removal,32134676.809034534,151500000,4.714533178606806,62.81170121056198,20.930904383947745,
693,S3_multi_treatment,68110165.89960185,808000000,11.863133635455194,99.65452179994291,77.37701319613302,92.42175361792246
693,S4_seasonal_switch,26011605.804593824,101000000,3.882882154940343,,,
693,S5_fertilizer_policy,10832042.612848394,50000000,4.61593457365951,23.491207779048665,,
694,S1_deepen_wells,34513052.90649356,2525000000,73.16072579383224,,,
694,S2_po4_removal,40457232.85976879,151500000,3.7446950592276815,86.63653834842286,3.3540164214049617,
694,S3_multi_treatment,57888443.397674456,808000000,13.957880927101586,93.04774110979463,78.69949733804363,98.11969927137253
694,S4_seasonal_switch,26011605.804593824,101000000,3.882882154940343,,,
694,S5_fertilizer_policy,14294669.161089197,50000000,3.49780742992657,31.00052828425896,,
695,S1_deepen_wells,34513052.90649356,2525000000,73.16072579383224,,,
695,S2_po4_removal,39574799.759648174,151500000,3.8281937222705698,85.19020618227007,1.93170940846571,
695,S3_multi_treatment,57186055.99335257,808000000,14.129318519429345,91.35430341717593,79.76701462694601,95.44777538757711
695,S4_seasonal_switch,26011605.804593824,101000000,3.882882154940343,,,
695,S5_fertilizer_policy,11896261.72766143,50000000,4.2030010052434355,25.799155895764354,,
696,S1_deepen_wells,34513052.90649356,2525000000,73.16072579383224,,,
696,S2_po4_removal,25971756.774285644,151500000,5.833259618001602,50.16431390766923,18.74592935579975,
696,S3_multi_treatment,51854754.47017291,808000000,15.581984877872003,83.40996266853178,67.99465231499168,99.16037942501792
696,S4_seasonal_switch,26011605.804593824,101000000,3.882882154940343,,,
696,S5_fertilizer_policy,10013257.44747977,50000000,4.993380052620585,21.71552676176179,,
697,S1_deepen_wells,34513052.90649356,2525000000,73.16072579383224,,,
697,S2_po4_removal,26753402.41548091,151500000,5.6628311288112725,55.49648408776763,7.677912878038059,
697,S3_multi_treatment,57899591.618235625,808000000,13.955193420492423,90.75621893551379,86.80479340928407,92.97490236861339
697,S4_seasonal_switch,26011605.804593824,101000000,3.882882154940343,,,
697,S5_fertilizer_policy,10070302.536232844,50000000,4.965094129009582,21.839239165836243,,
698,S1_deepen_wells,34513052.90649356,2525000000,73.16072579383224,,,
698,S2_po4_removal,25840207.88277632,151500000,5.862955928500161,53.253568349903716,8.476711668078858,
698,S3_multi_treatment,56199464.15474007,808000000,14.377361281866426,89.91275776700951,79.67985722086556,85.54445454183876
698,S4_seasonal_switch,26011605.804593824,101000000,3.882882154940343,,,
698,S5_fertilizer_policy,7654383.525126532,50000000,6.532204694978812,16.59988981173247,,
699,S1_deepen_wells,34513052.90649356,2525000000,73.16072579383224,,,
699,S2_po4_removal,22666411.291800104,151500000,6.683898833813506,46.101609833740895,9.29536945628546,
699,S3_multi_treatment,56296535.66315706,808000000,14.352570553089839,91.97908130579489,72.14210422402248,94.73384205446067
699,S4_seasonal_switch,26011605.804593824,101000000,3.882882154940343,,,
699,S5_fertilizer_policy,15881925.366971664,50000000,3.148232902792812,34.44277520514363,,
700,S1_deepen_wells,34513052.90649356,2525000000,73.16072579383224,,,
700,S2_po4_removal,29420315.78561075,151500000,5.149502850479174,62.45844109725468,4.092231014420392,
700,S3_multi_treatment,56163381.032897495,808000000,14.38659826278473,93.39197159863728,66.91306764852824,94.98002492806333
700,S4_seasonal_switch,26011605.804593824,101000000,3.882882154940343,,,
700,S5_fertilizer_policy,11834007.094910711,50000000,4.22511154497303,25.66414567050721,,
701,S1_deepen_wells,34513052.90649356,2525000000,73.16072579383224,,,
701,S2_po4_removal,28738076.091763772,151500000,5.271751648100735,56.594481162810425,17.434599982878847,
701,S3_multi_treatment,56644745.81875913,808000000,14.264341525783903,90.81404579265367,77.22430761546043,98.4344368364152
701,S4_seasonal_switch,26011605.804593824,101000000,3.882882154940343,,,
701,S5_fertilizer_policy,7135145.591297157,50000000,7.007565488360285,15.47383015462942,,
702,S1_deepen_wells,34513052.90649356,2525000000,73.16072579383224,,,
702,S2_po4_removal,26801851.61941894,151500000,5.652594535305635,53.76392102213774,13.270098004303115,
702,S3_multi_treatment,56620676.51769522,808000000,14.2704052599492,89.22368209077412,81.99301015075636,98.00739100575228
702,S4_seasonal_switch,26011605.804593824,101000000,3.882882154940343,,,
702,S5_fertilizer_policy,8232946.41220624,50000000,6.073159898850982,17.85460616389254,,
703,S1_deepen_wells,34513052.90649356,2525000000,73.16072579383224,,,
703,S2_po4_removal,30387447.746738054,151500000,4.985611205740791,64.7883766949721,3.3845836264552216,
703,S3_multi_treatment,68091233.30991162,808000000,11.866432148797404,97.27185672032573,83.38658973144575,94.99322060504596
703,S4_seasonal_switch,26011605.804593824,101000000,3.882882154940343,,,
703,S5_fertilizer_policy,6995588.481236361,50000000,7.147361531358014,15.171175781243429,,
704,S1_deepen_wells,34513052.90649356,2525000000,73.16072579383224,,,
704,S2_po4_removal,29186306.83853659,151500000,5.1907903537820905,61.15126726923397,6.525784615134529,
704,S3_multi_treatment,56452334.23088236,808000000,14.312959968942826,92.90198860203111,71.23881590741365,90.47015613010507
704,S4_seasonal_switch,26011605.804593824,101000000,3.882882154940343,,,
704,S5_fertilizer_policy,9511601.148918532,50000000,5.256738504608658,20.627596002590636,,
705,S1_deepen_wells,34513052.90649356,2525000000,73.16072579383224,,,
705,S2_po4_removal,32380828.84850522,151500000,4.678694319679022,65.23881100097965,15.169363341122436,
705,S3_multi_treatment,55820715.86630282,808000000,14.47491289676856,96.20467567808252,57.18627777953761,89.66100042048099
705,S4_seasonal_switch,26011605.804593824,101000000,3.882882154940343,,,
705,S5_fertilizer_policy,8515876.763913058,50000000,5.871386045871445,18.468190869611927,,
706,S1_deepen_wells,34513052.90649356,2525000000,73.16072579383224,,,
706,S2_po4_removal,41848577.86284575,151500000,3.6201947052185406,86.23035464579327,13.772411554503009,
706,S3_multi_treatment,53120135.67588009,808000000,15.210804522980224,82.02080925187768,84.18956601188412,81.57897370140621
706,S4_seasonal_switch,26011605.804593824,101000000,3.882882154940343,,,
706,S5_fertilizer_policy,6446266.6153950095,50000000,7.756427554608077,13.97987377577059,,
707,S1_deepen_wells,34513052.90649356,2525000000,73.16072579383224,,,
707,S2_po4_removal,40023705.506410524,151500000,3.785256714317332,79.1626254105075,23.237106821276086,
707,S3_multi_treatment,54252967.23021491,808000000,14.893194626044407,96.0763827253164,45.48324954238368,98.15357327782223
707,S4_seasonal_switch,26011605.804593824,101000000,3.882882154940343,,,
707,S5_fertilizer_policy,14210105.538300872,50000000,3.518622705878833,30.81713705284768,,
708,S1_deepen_wells,34513052.90649356,2525000000,73.16072579383224,,,
708,S2_po4_removal,33673341.06146415,151500000,4.499108054750675,66.79256065552735,18.971141214419017,
708,S3_multi_treatment,56095731.25630954,808000000,14.403948070631804,89.29812569916086,81.05364530338979,84.63065460292464
708,S4_seasonal_switch,26011605.804593824,101000000,3.882882154940343,,,
708,S5_fertilizer_policy,9973991.7115032,50000000,5.013038053995375,21.630372041143467,,
709,S1_deepen_wells,34513052.90649356,2525000000,73.16072579383224,,,
709,S2_po4_removal,30065759.36489979,151500000,5.038954717932997,63.63537425986738,4.770322266822817,
709,S3_multi_treatment,44250307.32939872,808000000,18.259760186189403,76.14942606025036,42.30138640767037,87.50182097730391
709,S4_seasonal_switch,26011605.804593824,101000000,3.882882154940343,,,
709,S5_fertilizer_policy,9617396.239393823,50000000,5.198912341283701,20.857031441610257,,
710,S1_deepen_wells,34513052.90649356,2525000000,73.16072579383224,,,
710,S2_po4_removal,20654840.074711397,151500000,7.334842557579902,42.64779067391041,6.530276426358,
710,S3_multi_treatment,55299597.66050652,808000000,14.61131787902775,89.9853576126644,73.64226297095861,84.95089453022982
710,S4_seasonal_switch,26011605.804593824,101000000,3.882882154940343,,,
710,S5_fertilizer_policy,7390556.3393891975,50000000,6.765390547598791,16.02773371343887,,
711,S1_deepen_wells,34513052.90649356,2525000000,73.16072579383224,,,
711,S2_po4_removal,32630549.854600728,151500000,4.642888356925415,66.3477109549138,13.442879086346432,
711,S3_multi_treatment,54867102.335922904,808000000,14.726493027698705,92.73484394049345,61.033512155797965,91.69549813993434
711,S4_seasonal_switch,26011605.804593824,101000000,3.882882154940343,,,
711,S5_fertilizer_policy,9293500.443643406,50000000,5.380104117195059,20.15460589652349,,
712,S1_deepen_wells,34513052.90649356,2525000000,73.16072579383224,,,
712,S2_po4_removal,28447329.487833917,151500000,5.325631710519333,59.19715806840205,7.5954669569125555,
712,S3_multi_treatment,68075439.50458938,808000000,11.869185213935017,95.28420743244152,78.39730818368744,85.99969146827758
712,S4_seasonal_switch,26011605.804593824,101000000,3.882882154940343,,,
712,S5_fertilizer_policy,11871830.357451022,50000000,4.211650478025817,25.74617213134874,,
713,S1_deepen_wells,34513052.90649356,2525000000,73.16072579383224,,,
713,S2_po4_removal,25058240.62248064,151500000,6.04591528521296,48.611456725289784,17.442657677843005,
713,S3_multi_treatment,57821471.28138541,808000000,13.974047738562495,95.88487486898278,70.37405384204521,94.47190855964178
713,S4_seasonal_switch,26011605.804593824,101000000,3.882882154940343,,,
713,S5_fertilizer_policy,8308712.264735758,50000000,6.017779700015902,18.018917868336615,,
714,S1_deepen_wells,34513052.90649356,2525000000,73.16072579383224,,,
714,S2_po4_removal,26402419.53170806,151500000,5.738110471960937,53.75222528665573,10.669598115170139,
714,S3_multi_treatment,53693232.89035912,808000000,15.048451294596573,89.56203069080428,62.494588596136566,93.86945556928916
714,S4_seasonal_switch,26011605.804593824,101000000,3.882882154940343,,,
714,S5_fertilizer_policy,3051142.888598226,50000000,16.38730201290943,6.616945124884453,,
715,S1_deepen_wells,34513052.90649356,2525000000,73.16072579383224,,,
715,S2_po4_removal,24398438.38643267,151500000,6.209413799378454,50.177008153853066,8.324028093465824,
715,S3_multi_treatment,50007985.35743378,808000000,16.15741954459458,79.8879401180828,69.93497242849254,82.58177807915126
715,S4_seasonal_switch,26011605.804593824,101000000,3.882882154940343,,,
715,S5_fertilizer_policy,18224214.600860976,50000000,2.743602459424387,39.522445313407175,,
716,S1_deepen_wells,34513052.90649356,2525000000,73.16072579383224,,,
716,S2_po4_removal,35533316.42064319,151500000,4.263604280741598,72.42739641379114,14.098613628607328,
716,S3_multi_treatment,49405121.90540221,808000000,16.354579623284952,81.1839380089151,59.37114204271511,95.42209556568237
716,S4_seasonal_switch,26011605.804593824,101000000,3.882882154940343,,,
716,S5_fertilizer_policy,8550148.845799021,50000000,5.8478514119162615,18.54251596464512,,
717,S1_deepen_wells,34513052.90649356,2525000000,73.16072579383224,,,
717,S2_po4_removal,34044764.15445327,151500000,4.450023484159835,67.60681718354584,18.944484486402086,
717,S3_multi_treatment,46036932.70196427,808000000,17.5511258586853,72.26655419555112,66.29969377981352,85.60024559269822
717,S4_seasonal_switch,26011605.804593824,101000000,3.882882154940343,,,
717,S5_fertilizer_policy,12112195.75114993,50000000,4.128070667554478,26.2674471676541,,
718,S1_deepen_wells,34513052.90649356,2525000000,73.16072579383224,,,
718,S2_po4_removal,30135915.36001136,151500000,5.02722410088236,64.79875262448832,1.6929952251610456,
718,S3_multi_treatment,49904869.015392154,808000000,16.190804944318934,74.62783465484749,82.40576149690732,96.46575275766267
718,S4_seasonal_switch,26011605.804593824,101000000,3.882882154940343,,,
718,S5_fertilizer_policy,6402140.793853119,50000000,7.809887600098775,13.884179096631092,,
719,S1_deepen_wells,34513052.90649356,2525000000,73.16072579383224,,,
719,S2_po4_removal,22169570.831555836,151500000,6.833691150410416,47.48485338167523,1.8070115113235883,
719,S3_multi_treatment,57907167.49074835,808000000,13.953367691988934,88.89883906058327,93.58161287753987,87.75107214876216
719,S4_seasonal_switch,26011605.804593824,101000000,3.882882154940343,,,
719,S5_fertilizer_policy,9736823.270736493,50000000,5.135145068337879,21.116030164933044,,
720,S1_deepen_wells,34513052.90649356,2525000000,73.16072579383224,,,
720,S2_po4_removal,32851714.636034027,151500000,4.6116314377644185,68.6044389810491,8.034928486462226,
720,S3_multi_treatment,68077556.60769054,808000000,11.868816101262988,95.55064470867482,79.37636177786781,97.3822475447914
720,S4_seasonal_switch,26011605.804593824,101000000,3.882882154940343,,,
720,S5_fertilizer_policy,6123073.210903257,50000000,8.16583409634329,13.27897149084712,,
721,S1_deepen_wells,34513052.90649356,2525000000,73.16072579383224,,,
721,S2_po4_removal,33510019.21524308,151500000,4.52103590352719,71.05417898969424,4.924562007068508,
721,S3_multi_treatment,49707486.175998,808000000,16.255096810551542,90.21910184572502,34.62523488660145,91.75697162402896
721,S4_seasonal_switch,26011605.804593824,101000000,3.882882154940343,,,
721,S5_fertilizer_policy,7460641.552139021,50000000,6.701836517754244,16.179725941847572,,
722,S1_deepen_wells,34513052.90649356,2525000000,73.16072579383224,,,
722,S2_po4_removal,32430965.67483428,151500000,4.67146126695699,67.7532254255657,7.848519827691382,
722,S3_multi_treatment,50508242.81627925,808000000,15.997388840848261,76.05187017239153,83.6542524290425,88.68741120176828
722,S4_seasonal_switch,26011605.804593824,101000000,3.882882154940343,,,
722,S5_fertilizer_policy,2932582.9008717835,50000000,17.04981638716377,6.359826739598552,,
723,S1_deepen_wells,34513052.90649356,2525000000,73.16072579383224,,,
723,S2_po4_removal,28059184.49407386,151500000,5.399301609496064,58.951194509030955,5.7823682086557255,
723,S3_multi_treatment,57846903.010229394,808000000,13.96790420840882,92.20093810847732,82.66379232572656,90.04243115163719
723,S4_seasonal_switch,26011605.804593824,101000000,3.882882154940343,,,
723,S5_fertilizer_policy,16094499.569167659,50000000,3.1066514236817486,34.903780107979685,,
724,S1_deepen_wells,34513052.90649356,2525000000,73.16072579383224,,,
724,S2_po4_removal,34691636.42200366,151500000,4.367046805088416,72.91944677823014,7.046482579769772,
724,S3_multi_treatment,50508486.8115937,808000000,15.997311561005468,83.37272980902269,59.906385710761356,95.83878200763213
724,S4_seasonal_switch,26011605.804593824,101000000,3.882882154940343,,,
724,S5_fertilizer_policy,8402203.97124374,50000000,5.950819591041031,18.22167123459383,,
725,S1_deepen_wells,34513052.90649356,2525000000,73.16072579383224,,,
725,S2_po4_removal,37117412.20932312,151500000,4.081642307001843,79.9192965404235,1.754076185215374,
725,S3_multi_treatment,50006001.752452984,808000000,16.158060466419204,73.00638494974183,87.42304287581055,99.30706291675536
725,S4_seasonal_switch,26011605.804593824,101000000,3.882882154940343,,,
725,S5_fertilizer_policy,11270517.467334442,50000000,4.436353534335576,24.442118358037895,,
726,S1_deepen_wells,34513052.90649356,2525000000,73.16072579383224,,,
726,S2_po4_removal,37271348.32358058,151500000,4.064784527909071,77.52679763425341,10.050712780597381,
726,S3_multi_treatment,68071323.10317443,808000000,11.869902965971875,94.76615860417435,86.90684992701343,90.98829828431019
726,S4_seasonal_switch,26011605.804593824,101000000,3.882882154940343,,,
726,S5_fertilizer_policy,20622762.07938633,50000000,2.4245054957976726,44.72412141456274,,
727,S1_deepen_wells,34513052.90649356,2525000000,73.16072579383224,,,
727,S2_po4_removal,16399581.919632107,151500000,9.238040380690302,34.58615476031151,2.9800010840531925,
727,S3_multi_treatment,53088785.486408696,808000000,15.219786864531997,85.69823545622332,73.5630829983631,77.82908623503005
727,S4_seasonal_switch,26011605.804593824,101000000,3.882882154940343,,,
727,S5_fertilizer_policy,7012914.91849374,50000000,7.12970292397889,15.20875123697527,,
728,S1_deepen_wells,34513052.90649356,2525000000,73.16072579383224,,,
728,S2_po4_removal,32802475.97770045,151500000,4.6185537976764826,69.03497826336068,6.39977981722112,
728,S3_multi_treatment,55452616.08021911,808000000,14.570998757409884,85.43588777314105,87.42688914057827,90.15227429850557
728,S4_seasonal_switch,26011605.804593824,101000000,3.882882154940343,,,
728,S5_fertilizer_policy,7206022.095074736,50000000,6.938640950625817,15.627538438136032,,
729,S1_deepen_wells,34513052.90649356,2525000000,73.16072579383224,,,
729,S2_po4_removal,23394703.13076251,151500000,6.475824854592293,46.238779815233336,13.68437564581391,
729,S3_multi_treatment,57940255.70738974,808000000,13.9453992761193,96.33474033162871,69.95586772290119,93.66058530346622
729,S4_seasonal_switch,26011605.804593824,101000000,3.882882154940343,,,
729,S5_fertilizer_policy,7064287.572235525,50000000,7.077854559108397,15.320161958511527,,
730,S1_deepen_wells,34513052.90649356,2525000000,73.16072579383224,,,
730,S2_po4_removal,24378347.032106936,151500000,6.2145312723816115,48.33631543088917,13.792927177553214,
730,S3_multi_treatment,48755512.338060744,808000000,16.572485063791216,90.74154640380532,29.722152117410143,77.32126452118042
730,S4_seasonal_switch,26011605.804593824,101000000,3.882882154940343,,,
730,S5_fertilizer_policy,5615023.851117961,50000000,8.904681676471403,12.177176243238632,,
731,S1_deepen_wells,34513052.90649356,2525000000,73.16072579383224,,,
731,S2_po4_removal,27138986.6337623,151500000,5.582374981220787,52.64790617118544,18.891248465377537,
731,S3_multi_treatment,57047599.44082886,808000000,14.163610877931454,87.5563476888246,91.1563864694554,91.82405962019527
731,S4_seasonal_switch,26011605.804593824,101000000,3.882882154940343,,,
731,S5_fertilizer_policy,19876589.66360514,50000000,2.5155220712510897,43.105914038114676,,
732,S1_deepen_wells,34513052.90649356,2525000000,73.16072579383224,,,
732,S2_po4_removal,11992715.55930145,151500000,12.632668493708904,22.995212812654678,9.169360658588358,
732,S3_multi_treatment,48454771.51671444,808000000,16.67534434088253,85.30467359983332,46.41845258785223,66.93783826482789
732,S4_seasonal_switch,26011605.804593824,101000000,3.882882154940343,,,
732,S5_fertilizer_policy,10181366.13929712,50000000,4.910932316539968,22.08010030989951,,
733,S1_deepen_wells,34513052.90649356,2525000000,73.16072579383224,,,
733,S2_po4_removal,31684608.773038387,151500000,4.781501361914148,66.2546422576549,7.4832685393938965,
733,S3_multi_treatment,68066309.73190524,808000000,11.870777234471698,94.13522618289991,88.58836477052269,99.76724461256224
733,S4_seasonal_switch,26011605.804593824,101000000,3.882882154940343,,,
733,S5_fertilizer_policy,7021281.076155566,50000000,7.121207577033366,15.226894735387317,,
734,S1_deepen_wells,34513052.90649356,2525000000,73.16072579383224,,,
734,S2_po4_removal,32261742.008881263,151500000,4.695964649345156,69.00031992349898,2.936622664582565,
734,S3_multi_treatment,68036550.10568276,808000000,11.875969589065212,90.38997931794647,93.58768955716342,98.01177855026184
734,S4_seasonal_switch,26011605.804593824,101000000,3.882882154940343,,,
734,S5_fertilizer_policy,15611372.535840884,50000000,3.202793340893573,33.85603335058667,,
735,S1_deepen_wells,34513052.90649356,2525000000,73.16072579383224,,,
735,S2_po4_removal,34776562.82050615,151500000,4.356382221611256,72.8158738819106,7.92215006651555,
735,S3_multi_treatment,52337052.947938755,808000000,15.438393155299401,76.62505092002749,92.09720182329791,97.8375563472316
735,S4_seasonal_switch,26011605.804593824,101000000,3.882882154940343,,,
735,S5_fertilizer_policy,6005115.528976187,50000000,8.326234484372112,13.02315931263458,,
736,S1_deepen_wells,34513052.90649356,2525000000,73.16072579383224,,,
736,S2_po4_removal,29475312.046272077,151500000,5.139894694317957,57.30710672897642,20.13143924220926,
736,S3_multi_treatment,54272555.2398364,808000000,14.887819385495284,82.546833416494,90.80087025120805,78.63020372893178
736,S4_seasonal_switch,26011605.804593824,101000000,3.882882154940343,,,
736,S5_fertilizer_policy,6670295.326503463,50000000,7.495919978435162,14.465719815083517,,
737,S1_deepen_wells,34513052.90649356,2525000000,73.16072579383224,,,
737,S2_po4_removal,35950028.16975391,151500000,4.214183067802505,77.05659486142842,2.7614242885852702,
737,S3_multi_treatment,53050916.665656194,808000000,15.230651057214974,86.85415057032128,67.13136953756161,90.78079532474791
737,S4_seasonal_switch,26011605.804593824,101000000,3.882882154940343,,,
737,S5_fertilizer_policy,9738751.313191779,50000000,5.134128431051701,21.120211467346863,,
738,S1_deepen_wells,34513052.90649356,2525000000,73.16072579383224,,,
738,S2_po4_removal,39038305.93409387,151500000,3.880803645930967,80.80981053052517,11.72124218323253,
738,S3_multi_treatment,43532956.800732635,808000000,18.560650582466334,69.5142354431821,62.27925898728047,65.52692664597451
738,S4_seasonal_switch,26011605.804593824,101000000,3.882882154940343,,,
738,S5_fertilizer_policy,4966794.505407728,50000000,10.066854979718043,10.771375805332893,,
739,S1_deepen_wells,34513052.90649356,2525000000,73.16072579383224,,,
739,S2_po4_removal,34532843.92540873,151500000,4.38712781163467,72.05141805282335,8.640052597885262,
739,S3_multi_treatment,53699155.68030597,808000000,15.046791514011307,90.77166148126975,60.751012485106855,84.64043642777295
739,S4_seasonal_switch,26011605.804593824,101000000,3.882882154940343,,,
739,S5_fertilizer_policy,13398817.674165145,50000000,3.7316725412576677,29.057715264529847,,
740,S1_deepen_wells,34513052.90649356,2525000000,73.16072579383224,,,
740,S2_po4_removal,33167625.334622137,151500000,4.567707168407266,68.27121653575952,11.133856550699141,
740,S3_multi_treatment,47640068.231545694,808000000,16.96051307216577,80.1758659581375,51.012576893049676,94.34104612031558
740,S4_seasonal_switch,26011605.804593824,101000000,3.882882154940343,,,
740,S5_fertilizer_policy,8219113.854784094,50000000,6.08338087090697,17.8246078069683,,
741,S1_deepen_wells,34513052.90649356,2525000000,73.16072579383224,,,
741,S2_po4_removal,27673244.852601968,151500000,5.474601941584572,54.2588141966571,17.51491267222745,
741,S3_multi_treatment,53973522.436476745,808000000,14.97030328066808,91.7260071833699,57.40648698954502,95.58362965037259
741,S4_seasonal_switch,26011605.804593824,101000000,3.882882154940343,,,
741,S5_fertilizer_policy,6136749.535639286,50000000,8.147635765420127,13.308631029450341,,
742,S1_deepen_wells,34513052.90649356,2525000000,73.16072579383224,,,
742,S2_po4_removal,19533724.63378536,151500000,7.75581732825121,42.09532489523294,0.8125970208011128,
742,S3_multi_treatment,47307289.99141912,808000000,17.079820047746548,70.1805091404427,78.37394229057696,98.52064411958443
742,S4_seasonal_switch,26011605.804593824,101000000,3.882882154940343,,,
742,S5_fertilizer_policy,12342011.169357754,50000000,4.051203593474131,26.76584270881871,,
743,S1_deepen_wells,34513052.90649356,2525000000,73.16072579383224,,,
743,S2_po4_removal,27478427.77560968,151500000,5.5134158779809805,54.8445776914228,14.446635070529664,
743,S3_multi_treatment,49735751.480631635,808000000,16.245858883114607,73.76684495222037,85.23401922384825,90.0280081741073
743,S4_seasonal_switch,26011605.804593824,101000000,3.882882154940343,,,
743,S5_fertilizer_policy,7877201.11509499,50000000,6.347432199513807,17.08310931980269,,
744,S1_deepen_wells,34513052.90649356,2525000000,73.16072579383224,,,
744,S2_po4_removal,25043910.109864242,151500000,6.049374851426555,52.043198568309265,6.90479565788607,
744,S3_multi_treatment,46020454.07552946,808000000,17.557410421763727,74.21410439126926,57.51112141555688,98.98445484192894
744,S4_seasonal_switch,26011605.804593824,101000000,3.882882154940343,,,
744,S5_fertilizer_policy,6214327.529831067,50000000,8.045922870975426,13.47687268485887,,
745,S1_deepen_wells,34513052.90649356,2525000000,73.16072579383224,,,
745,S2_po4_removal,31841709.303805314,151500000,4.757910404699746,68.00183932189506,3.2030959133948538,
745,S3_multi_treatment,48778960.60773951,808000000,16.56451859435067,81.01841520263984,54.80413755223026,99.98357719834605
745,S4_seasonal_switch,26011605.804593824,101000000,3.882882154940343,,,
745,S5_fertilizer_policy,9137481.675962277,50000000,5.4719671976507085,19.816251495601783,,
746,S1_deepen_wells,34513052.90649356,2525000000,73.16072579383224,,,
746,S2_po4_removal,25690780.552338667,151500000,5.897057105421764,50.792208069401,14.980826218291899,
746,S3_multi_treatment,68097795.56883784,808000000,11.865288637474604,98.09771654419205,83.01975536775208,87.77683001485323
746,S4_seasonal_switch,26011605.804593824,101000000,3.882882154940343,,,
746,S5_fertilizer_policy,8454178.80147145,50000000,5.914234980610713,18.334387882764318,,
747,S1_deepen_wells,34513052.90649356,2525000000,73.16072579383224,,,
747,S2_po4_removal,5911974.421031743,151500000,25.625956611219674,11.551767255185617,3.8629646895490857,
747,S3_multi_treatment,56495184.93160797,808000000,14.302103816071227,97.19428089740194,58.4944029041896,90.30070950164257
747,S4_seasonal_switch,26011605.804593824,101000000,3.882882154940343,,,
747,S5_fertilizer_policy,9938549.52362223,50000000,5.030915213649493,21.55350936349221,,
748,S1_deepen_wells,34513052.90649356,2525000000,73.16072579383224,,,
748,S2_po4_removal,35134477.56182023,151500000,4.312003778437602,74.58093193475437,4.9129171822393385,
748,S3_multi_treatment,51071195.93634035,808000000,15.821051087332332,78.21887442453257,79.25258649060602,96.08856558632596
748,S4_seasonal_switch,26011605.804593824,101000000,3.882882154940343,,,
748,S5_fertilizer_policy,13878399.637651429,50000000,3.602720868791846,30.097773908499452,,
749,S1_deepen_wells,34513052.90649356,2525000000,73.16072579383224,,,
749,S2_po4_removal,24601796.068001144,151500000,6.158086977928076,50.72805428758884,7.989194272651982,
749,S3_multi_treatment,54893173.58343686,808000000,14.719498751003186,89.29889265009685,72.31992432075687,88.49543349957759
749,S4_seasonal_switch,26011605.804593824,101000000,3.882882154940343,,,
749,S5_fertilizer_policy,11784229.63512627,50000000,4.242958729432825,25.556194410315335,,
750,S1_deepen_wells,34513052.90649356,2525000000,73.16072579383224,,,
750,S2_po4_removal,33375698.39242526,151500000,4.539230856495979,68.79268511599824,10.920151093105854,
750,S3_multi_treatment,56707074.34373425,808000000,14.248663140373747,88.9000240626732,86.32350640845046,84.51514260594581
750,S4_seasonal_switch,26011605.804593824,101000000,3.882882154940343,,,
750,S5_fertilizer_policy,3680165.415416114,50000000,13.586345817650301,7.981092165596228,,
751,S1_deepen_wells,34513052.90649356,2525000000,73.16072579383224,,,
751,S2_po4_removal,13570741.379458144,151500000,11.163723172068078,26.48549568982797,8.962263454879672,
751,S3_multi_treatment,47270838.91953681,808000000,17.092990487758353,76.55884770983481,59.37160447345984,95.36834465192955
751,S4_seasonal_switch,26011605.804593824,101000000,3.882882154940343,,,
751,S5_fertilizer_policy,6462004.023506135,50000000,7.737537738775834,14.014003139645487,,
752,S1_deepen_wells,34513052.90649356,2525000000,73.16072579383224,,,
752,S2_po4_removal,21214252.44316084,151500000,7.141425341567544,40.287764242460135,17.40407536725601,
752,S3_multi_treatment,48788852.1499019,808000000,16.561160273200333,73.97676044666322,78.50468833569374,89.2568475534933
752,S4_seasonal_switch,26011605.804593824,101000000,3.882882154940343,,,
752,S5_fertilizer_policy,15039130.515454322,50000000,3.3246602886130705,32.61502492020458,,
753,S1_deepen_wells,34513052.90649356,2525000000,73.16072579383224,,,
753,S2_po4_removal,10017194.98091191,151500000,15.123994320634484,19.90220444619246,5.544188008228382,
753,S3_multi_treatment,53279614.3937826,808000000,15.165274921627221,95.87944953089435,49.42075760793931,50.69654945271853
753,S4_seasonal_switch,26011605.804593824,101000000,3.882882154940343,,,
753,S5_fertilizer_policy,8543449.957235575,50000000,5.852436691298725,18.527988235318624,,
754,S1_deepen_wells,34513052.90649356,2525000000,73.16072579383224,,,
754,S2_po4_removal,20888563.22824809,151500000,7.252772646187701,42.64398337184904,8.084341743191922,
754,S3_multi_treatment,57435249.75102798,808000000,14.068015783034674,98.5411343753872,62.68029201400944,80.18646963699486
754,S4_seasonal_switch,26011605.804593824,101000000,3.882882154940343,,,
754,S5_fertilizer_policy,5740142.966777526,50000000,8.710584438294859,12.448519262107812,,
755,S1_deepen_wells,34513052.90649356,2525000000,73.16072579383224,,,
755,S2_po4_removal,26634002.67879033,151500000,5.6882174950235775,53.24243365703417,13.749323680086597,
755,S3_multi_treatment,51987003.63077302,808000000,15.54234603976512,83.76020047709734,69.43741695473783,91.20806721390764
755,S4_seasonal_switch,26011605.804593824,101000000,3.882882154940343,,,
755,S5_fertilizer_policy,8106505.701079875,50000000,6.167885627137652,17.580397030586806,,
756,S1_deepen_wells,34513052.90649356,2525000000,73.16072579383224,,,
756,S2_po4_removal,16125885.638921551,151500000,9.394832841573583,32.98729164847513,6.039286833124673,
756,S3_multi_treatment,50393591.594628975,808000000,16.03378474190988,86.39665853806893,50.61009445438731,92.60970813359415
756,S4_seasonal_switch,26011605.804593824,101000000,3.882882154940343,,,
756,S5_fertilizer_policy,3919188.5461390913,50000000,12.757742938715332,8.49945626630165,,
757,S1_deepen_wells,34513052.90649356,2525000000,73.16072579383224,,,
757,S2_po4_removal,33352957.287632905,151500000,4.542325848154261,69.05138889100843,9.982795940268128,
757,S3_multi_treatment,49838555.86094453,808000000,16.21234777055771,79.86654956278663,69.0793187556173,81.62204191718784
757,S4_seasonal_switch,26011605.804593824,101000000,3.882882154940343,,,
757,S5_fertilizer_policy,8282494.189894758,50000000,6.036828865030007,17.962059317676356,,
758,S1_deepen_wells,34513052.90649356,2525000000,73.16072579383224,,,
758,S2_po4_removal,26054139.49770487,151500000,5.81481495534887,50.29667762728219,18.88682038682208,
758,S3_multi_treatment,50786500.38203828,808000000,15.909739673375217,79.36194381925382,79.91588590677617,66.81935692801176
758,S4_seasonal_switch,26011605.804593824,101000000,3.882882154940343,,,
758,S5_fertilizer_policy,11681155.969943449,50000000,4.280398286663924,25.33266086526766,,
759,S1_deepen_wells,34513052.90649356,2525000000,73.16072579383224,,,
759,S2_po4_removal,16123320.483397447,151500000,9.396327521741135,30.595919707412474,13.299648249718915,
759,S3_multi_treatment,56389957.00974607,808000000,14.32879262277768,97.52618490916058,61.158840628612666,69.06146068400466
759,S4_seasonal_switch,26011605.804593824,101000000,3.882882154940343,,,
759,S5_fertilizer_policy,9835083.00278385,50000000,5.083841182209377,21.32912384119873,,
760,S1_deepen_wells,34513052.90649356,2525000000,73.16072579383224,,,
760,S2_po4_removal,26268823.496704318,151500000,5.767292928783323,54.782787669081515,6.65176755866215,
760,S3_multi_treatment,55407896.98845914,808000000,14.58275884696179,94.64304326389603,57.11273291838608,99.87670320198625
760,S4_seasonal_switch,26011605.804593824,101000000,3.882882154940343,,,
760,S5_fertilizer_policy,11505615.816221602,50000000,4.345703941331477,24.95197087243518,,
761,S1_deepen_wells,34513052.90649356,2525000000,73.16072579383224,,,
761,S2_po4_removal,38219918.818243064,151500000,3.9639016691915705,80.32960590881672,7.781547257988707,
761,S3_multi_treatment,54236787.26329841,808000000,14.89763757719416,82.46148202348515,87.04278864541651,97.0149783469022
761,S4_seasonal_switch,26011605.804593824,101000000,3.882882154940343,,,
761,S5_fertilizer_policy,6501758.680066913,50000000,7.69022697709313,14.100218171364991,,
762,S1_deepen_wells,34513052.90649356,2525000000,73.16072579383224,,,
762,S2_po4_removal,35084135.180181704,151500000,4.318191091840827,70.22001761475768,17.851570148832348,
762,S3_multi_treatment,47847939.20187321,808000000,16.88682968332244,74.66154840712981,68.27169748581395,98.68526589184387
762,S4_seasonal_switch,26011605.804593824,101000000,3.882882154940343,,,
762,S5_fertilizer_policy,1405536.7641684636,50000000,35.5735981261086,3.0481560448266296,,
763,S1_deepen_wells,34513052.90649356,2525000000,73.16072579383224,,,
763,S2_po4_removal,19881120.277495556,151500000,7.62029492731808,39.52926477289223,10.914160843395377,
763,S3_multi_treatment,51052829.59565514,808000000,15.82674273687594,85.32519702829369,59.481373949172514,86.48449954697641
763,S4_seasonal_switch,26011605.804593824,101000000,3.882882154940343,,,
763,S5_fertilizer_policy,13994448.355045043,50000000,3.572845369212059,30.3494461581592,,
764,S1_deepen_wells,34513052.90649356,2525000000,73.16072579383224,,,
764,S2_po4_removal,29695127.675656445,151500000,5.101847065779653,61.25040707949101,9.582101454863738,
764,S3_multi_treatment,49874921.7992807,808000000,16.20052665449298,74.20857455577764,83.7135729027863,95.34965650031518
764,S4_seasonal_switch,26011605.804593824,101000000,3.882882154940343,,,
764,S5_fertilizer_policy,11532426.581136063,50000000,4.335600981131456,25.010114776759735,,
765,S1_deepen_wells,34513052.90649356,2525000000,73.16072579383224,,,
765,S2_po4_removal,21686582.736256413,151500000,6.9858862432354005,45.98464337907519,3.1848394912686104,
765,S3_multi_treatment,55709670.74420316,808000000,14.503765490017297,95.25259488724839,58.00225647124145,96.21657561883256
765,S4_seasonal_switch,26011605.804593824,101000000,3.882882154940343,,,
765,S5_fertilizer_policy,16680957.999474257,50000000,2.9974297640205005,36.1756193475859,,
766,S1_deepen_wells,34513052.90649356,2525000000,73.16072579383224,,,
766,S2_po4_removal,28353463.959796265,151500000,5.343262474554048,60.36628628261309,3.4181659724789286,
766,S3_multi_treatment,48610147.24990639,808000000,16.6220438676321,72.96885991652678,84.03308967578876,71.55835510065069
766,S4_seasonal_switch,26011605.804593824,101000000,3.882882154940343,,,
766,S5_fertilizer_policy,6062451.52246058,50000000,8.247488629765801,13.147502595272915,,
767,S1_deepen_wells,34513052.90649356,2525000000,73.16072579383224,,,
767,S2_po4_removal,41865736.619993985,151500000,3.6187109610689987,80.08309329974551,32.592657146467204,
767,S3_multi_treatment,68092486.48896198,808000000,11.866213758121162,97.42956921558624,72.98261050410979,95.21378856292347
767,S4_seasonal_switch,26011605.804593824,101000000,3.882882154940343,,,
767,S5_fertilizer_policy,5466552.79745537,50000000,9.146531983240799,11.855190400363046,,
768,S1_deepen_wells,34513052.90649356,2525000000,73.16072579383224,,,
768,S2_po4_removal,34805480.99896157,151500000,4.352762715864206,74.79117093051484,2.1018840684558926,
768,S3_multi_treatment,46252967.61090496,808000000,17.469149369985498,63.05345310733146,93.28787296936606,97.62918280785829
768,S4_seasonal_switch,26011605.804593824,101000000,3.882882154940343,,,
768,S5_fertilizer_policy,4825290.238237664,50000000,10.362070990834626,10.464498676011898,,
769,S1_deepen_wells,34513052.90649356,2525000000,73.16072579383224,,,
769,S2_po4_removal,36134708.05766235,151500000,4.192644915194617,69.87567387095368,25.832817889108846,
769,S3_multi_treatment,43870072.24549666,808000000,18.418023008451794,76.59792270127411,35.977632323857215,99.40996194621822
769,S4_seasonal_switch,26011605.804593824,101000000,3.882882154940343,,,
769,S5_fertilizer_policy,15677370.181215018,50000000,3.189310415079127,33.99916096333929,,
770,S1_deepen_wells,34513052.90649356,2525000000,73.16072579383224,,,
770,S2_po4_removal,21301509.814009733,151500000,7.112171922215596,44.387506160582774,5.503831898642569,
770,S3_multi_treatment,49081244.198452875,808000000,16.462500354167254,79.74077618971769,60.78140990150096,99.52523378037903
770,S4_seasonal_switch,26011605.804593824,101000000,3.882882154940343,,,
770,S5_fertilizer_policy,11536341.893509902,50000000,4.334129524032997,25.01860582685814,,
771,S1_deepen_wells,34513052.90649356,2525000000,73.16072579383224,,,
771,S2_po4_removal,40115955.504586846,151500000,3.7765521996024134,82.87473891062767,12.549421987783338,
771,S3_multi_treatment,54449866.12030697,808000000,14.83933859845907,91.80489409025853,59.48248698533484,99.60701179098879
771,S4_seasonal_switch,26011605.804593824,101000000,3.882882154940343,,,
771,S5_fertilizer_policy,6214082.151380286,50000000,8.046240584201787,13.476340538118134,,
772,S1_deepen_wells,34513052.90649356,2525000000,73.16072579383224,,,
772,S2_po4_removal,21111259.878343888,151500000,7.176265219273342,42.280378127489854,10.660553692305127,
772,S3_multi_treatment,58051471.71108781,808000000,13.91868244135613,94.43046303399014,77.82677002292773,87.13688755704378
772,S4_seasonal_switch,26011605.804593824,101000000,3.882882154940343,,,
772,S5_fertilizer_policy,12738106.320988923,50000000,3.9252302296781463,27.62484537708783,,
773,S1_deepen_wells,34513052.90649356,2525000000,73.16072579383224,,,
773,S2_po4_removal,19960449.126326963,151500000,7.590009575494877,41.831179626145,4.432639885249355,
773,S3_multi_treatment,53749736.979670845,808000000,15.032631700236983,82.43087118186472,91.15344495912551,61.857906861087606
773,S4_seasonal_switch,26011605.804593824,101000000,3.882882154940343,,,
773,S5_fertilizer_policy,4516839.799465336,50000000,11.069686378055419,9.795569130060402,,
774,S1_deepen_wells,34513052.90649356,2525000000,73.16072579383224,,,
774,S2_po4_removal,21154246.912764497,151500000,7.1616825039791285,45.200412505606984,2.058164279294119,
774,S3_multi_treatment,42814830.49865795,808000000,18.87196540519592,69.58138609898674,53.816742445980715,82.63342597048697
774,S4_seasonal_switch,26011605.804593824,101000000,3.882882154940343,,,
774,S5_fertilizer_policy,19207365.425407454,50000000,2.6031680499950363,41.65458244792784,,
775,S1_deepen_wells,34513052.90649356,2525000000,73.16072579383224,,,
775,S2_po4_removal,29600439.771966822,151500000,5.118167201808889,63.508210712157755,2.0863764881926326,
775,S3_multi_treatment,51608773.80844514,808000000,15.65625261702654,79.94744845405123,82.03092148763213,74.25668262245789
775,S4_seasonal_switch,26011605.804593824,101000000,3.882882154940343,,,
775,S5_fertilizer_policy,12087427.395622328,50000000,4.1365294999090025,26.213732590741884,,
776,S1_deepen_wells,34513052.90649356,2525000000,73.16072579383224,,,
776,S2_po4_removal,20954994.286792785,151500000,7.229780067059491,43.80552862420773,4.988010038528006,
776,S3_multi_treatment,53675188.32800133,808000000,15.053510293479151,85.80135336978483,78.27099313960983,72.23023207140811
776,S4_seasonal_switch,26011605.804593824,101000000,3.882882154940343,,,
776,S5_fertilizer_policy,19685932.284212522,50000000,2.5398847907293867,42.69243965715091,,
777,S1_deepen_wells,34513052.90649356,2525000000,73.16072579383224,,,
777,S2_po4_removal,33203176.957010135,151500000,4.56281638941222,69.09312586119964,8.867294152062,
777,S3_multi_treatment,48483775.57547441,808000000,16.665368783876808,76.9837644868557,66.02626871536954,95.6461676527397
777,S4_seasonal_switch,26011605.804593824,101000000,3.882882154940343,,,
777,S5_fertilizer_policy,6430213.333198905,50000000,7.7757917831205114,13.945059382854783,,
778,S1_deepen_wells,34513052.90649356,2525000000,73.16072579383224,,,
778,S2_po4_removal,25951103.385422975,151500000,5.837902063351158,54.45182444759923,5.56211106714382,
778,S3_multi_treatment,57730522.85751396,808000000,13.996062394831302,92.50370184410527,80.297486555663,93.33308149513225
778,S4_seasonal_switch,26011605.804593824,101000000,3.882882154940343,,,
778,S5_fertilizer_policy,3589045.591310963,50000000,13.931280260426172,7.7834826474887615,,
779,S1_deepen_wells,34513052.90649356,2525000000,73.16072579383224,,,
779,S2_po4_removal,34506341.25572642,151500000,4.390497354594445,70.20479247791936,14.084694095881279,
779,S3_multi_treatment,46528486.24486628,808000000,17.365705725901424,67.29491342321028,83.90159598582241,89.35120489646174
779,S4_seasonal_switch,26011605.804593824,101000000,3.882882154940343,,,
779,S5_fertilizer_policy,4518870.5568139255,50000000,11.064711717534347,9.799973187958779,,
780,S1_deepen_wells,34513052.90649356,2525000000,73.16072579383224,,,
780,S2_po4_removal,31887060.114108227,151500000,4.751143550325914,67.98961082298615,3.539606176028822,
780,S3_multi_treatment,37908708.989580736,808000000,21.314363415068552,56.29784193112026,59.48973539624791,94.16626989044804
780,S4_seasonal_switch,26011605.804593824,101000000,3.882882154940343,,,
780,S5_fertilizer_policy,20146409.205325782,50000000,2.481831848564969,43.691065624380535,,
781,S1_deepen_wells,34513052.90649356,2525000000,73.16072579383224,,,
781,S2_po4_removal,27241852.016975842,151500000,5.5612959025543605,53.32323246461619,17.515003261940997,
781,S3_multi_treatment,55427363.642421156,808000000,14.577637233707428,90.23488000927962,72.56678683059799,90.58698041434923
781,S4_seasonal_switch,26011605.804593824,101000000,3.882882154940343,,,
781,S5_fertilizer_policy,11775907.329168387,50000000,4.245957326460295,25.538146012109685,,
782,S1_deepen_wells,34513052.90649356,2525000000,73.16072579383224,,,
782,S2_po4_removal,23894571.390987754,151500000,6.340352271693846,47.64855609632888,12.69315287340142,
782,S3_multi_treatment,55594743.58404212,808000000,14.533748119164414,86.71021834559825,82.72530612095755,98.7161446850922
782,S4_seasonal_switch,26011605.804593824,101000000,3.882882154940343,,,
782,S5_fertilizer_policy,3842624.146209009,50000000,13.011941344648072,8.33341277002679,,
783,S1_deepen_wells,34513052.90649356,2525000000,73.16072579383224,,,
783,S2_po4_removal,24837728.040690735,151500000,6.09959170789708,50.63974470317445,9.81498956806381,
783,S3_multi_treatment,55678816.30472719,808000000,14.511802757764446,89.14729523321012,78.20169395430617,87.35052005136788
783,S4_seasonal_switch,26011605.804593824,101000000,3.882882154940343,,,
783,S5_fertilizer_policy,4541713.7203691825,50000000,11.009060253127458,9.849512644235544,,
784,S1_deepen_wells,34513052.90649356,2525000000,73.16072579383224,,,
784,S2_po4_removal,36006725.28983313,151500000,4.207547306246636,77.5828843848373,1.534027480661985,
784,S3_multi_treatment,52708092.96080029,808000000,15.32971417882488,81.8987427945006,79.93741992490851,90.83656836595402
784,S4_seasonal_switch,26011605.804593824,101000000,3.882882154940343,,,
784,S5_fertilizer_policy,12402812.73288773,50000000,4.03134362154951,26.89770169545895,,
785,S1_deepen_wells,34513052.90649356,2525000000,73.16072579383224,,,
785,S2_po4_removal,19487641.332868457,151500000,7.774157857907382,36.30361805042311,18.13346664282284,
785,S3_multi_treatment,56274080.49711262,808000000,14.358297689847777,84.79688118512875,94.38982164089403,92.11139513144991
785,S4_seasonal_switch,26011605.804593824,101000000,3.882882154940343,,,
785,S5_fertilizer_policy,13945451.2665634,50000000,3.5853984962023806,30.24318727170266,,
786,S1_deepen_wells,34513052.90649356,2525000000,73.16072579383224,,,
786,S2_po4_removal,16067458.66897197,151500000,9.428995780929759,33.5278665548341,4.00864468332522,
786,S3_multi_treatment,52444443.55177605,808000000,15.40677992325913,81.66507706041845,82.67161103655923,72.54256131138213
786,S4_seasonal_switch,26011605.804593824,101000000,3.882882154940343,,,
786,S5_fertilizer_policy,5176866.102598488,50000000,9.658352951200126,11.226953364844292,,
787,S1_deepen_wells,34513052.90649356,2525000000,73.16072579383224,,,
787,S2_po4_removal,29297372.053237677,151500000,5.17111226647571,57.53676252099436,18.258230834718972,
787,S3_multi_treatment,50359666.52260791,808000000,16.04458599099868,80.63064223533964,68.07418709790674,91.92345131972361
787,S4_seasonal_switch,26011605.804593824,101000000,3.882882154940343,,,
787,S5_fertilizer_policy,8327793.266862065,50000000,6.00399150144131,18.060298409532958,,
788,S1_deepen_wells,34513052.90649356,2525000000,73.16072579383224,,,
788,S2_po4_removal,15981914.126031809,151500000,9.479465275891602,30.357029794195345,13.09339949114941,
788,S3_multi_treatment,57806598.31845651,808000000,13.977643097916411,92.78787625057952,79.364424685184,96.10577598896808
788,S4_seasonal_switch,26011605.804593824,101000000,3.882882154940343,,,
788,S5_fertilizer_policy,9400987.611732945,50000000,5.31859013808265,20.38771090630047,,
789,S1_deepen_wells,34513052.90649356,2525000000,73.16072579383224,,,
789,S2_po4_removal,35812688.56381664,151500000,4.2303442180844275,77.08231555774192,1.7767661336215879,
789,S3_multi_treatment,51738376.0749882,808000000,15.617034420038747,76.83410538581182,89.480477192519,88.25818087571295
789,S4_seasonal_switch,26011605.804593824,101000000,3.882882154940343,,,
789,S5_fertilizer_policy,4464285.391825534,50000000,11.200000808988158,9.681595565360166,,
790,S1_deepen_wells,34513052.90649356,2525000000,73.16072579383224,,,
790,S2_po4_removal,30797883.437219195,151500000,4.919169212028138,66.14940925461372,1.9514759235069277,
790,S3_multi_treatment,50339657.255772665,808000000,16.050963475865604,74.91405544308908,88.23983630711842,77.81897644459423
790,S4_seasonal_switch,26011605.804593824,101000000,3.882882154940343,,,
790,S5_fertilizer_policy,11555938.743125185,50000000,4.326779598909332,25.061105074929895,,
791,S1_deepen_wells,34513052.90649356,2525000000,73.16072579383224,,,
791,S2_po4_removal,32054865.83180426,151500000,4.72627153689985,58.729598895404145,32.82661120514918,
791,S3_multi_treatment,57207927.91929266,808000000,14.123916551214785,97.8779162485473,63.2030424429773,80.163548928579
791,S4_seasonal_switch,26011605.804593824,101000000,3.882882154940343,,,
791,S5_fertilizer_policy,9857506.148308143,50000000,5.072276826180988,21.377752413795548,,
792,S1_deepen_wells,34513052.90649356,2525000000,73.16072579383224,,,
792,S2_po4_removal,32969971.739048354,151500000,4.5950903810017305,67.57930112636588,11.935020617204342,
792,S3_multi_treatment,54926441.937561095,808000000,14.710583309192186,88.23071141132006,78.39551377888468,75.82945926429161
792,S4_seasonal_switch,26011605.804593824,101000000,3.882882154940343,,,
792,S5_fertilizer_policy,2973668.2516442314,50000000,16.814249529130723,6.448927617998544,,
793,S1_deepen_wells,34513052.90649356,2525000000,73.16072579383224,,,
793,S2_po4_removal,35899396.27849029,151500000,4.220126679143451,77.49616275576699,1.0896054691550332,
793,S3_multi_treatment,42515097.81907053,808000000,19.005013311707923,66.19530997588821,61.94930610328133,83.57479186661332
793,S4_seasonal_switch,26011605.804593824,101000000,3.882882154940343,,,
793,S5_fertilizer_policy,6929175.806605525,50000000,7.215865406724912,15.02714810385374,,
794,S1_deepen_wells,34513052.90649356,2525000000,73.16072579383224,,,
794,S2_po4_removal,14050134.075869083,151500000,10.782815251578219,29.272473061938115,3.6448882155683497,
794,S3_multi_treatment,68097002.47735801,808000000,11.865426826513499,97.99790603729069,79.94561632141406,93.40277887718004
794,S4_seasonal_switch,26011605.804593824,101000000,3.882882154940343,,,
794,S5_fertilizer_policy,14231630.840505242,50000000,3.513300798787789,30.863818492781252,,
795,S1_deepen_wells,34513052.90649356,2525000000,73.16072579383224,,,
795,S2_po4_removal,16266237.260758683,151500000,9.313770454183933,33.89462407807393,4.2044075799904945,
795,S3_multi_treatment,37725634.172970824,808000000,21.41779767824037,54.579848686147535,65.17721084652763,86.05938031503445
795,S4_seasonal_switch,26011605.804593824,101000000,3.882882154940343,,,
795,S5_fertilizer_policy,9647304.64612645,50000000,5.18279476330996,20.921893132244946,,
796,S1_deepen_wells,34513052.90649356,2525000000,73.16072579383224,,,
796,S2_po4_removal,23133288.46583944,151500000,6.5490040563717375,48.580136064321806,4.834058185729309,
796,S3_multi_treatment,56114780.205455676,808000000,14.399058448444986,91.42088926473737,72.55910220507614,95.13319813564526
796,S4_seasonal_switch,26011605.804593824,101000000,3.882882154940343,,,
796,S5_fertilizer_policy,16943633.762017496,50000000,2.950960856583485,36.745278380232584,,
797,S1_deepen_wells,34513052.90649356,2525000000,73.16072579383224,,,
797,S2_po4_removal,28643984.954039387,151500000,5.28906855114918,58.40525559554115,11.303187891981615,
797,S3_multi_treatment,54116039.901356354,808000000,14.930878191989589,86.16185614006262,75.2819595107042,95.57196893763731
797,S4_seasonal_switch,26011605.804593824,101000000,3.882882154940343,,,
797,S5_fertilizer_policy,10699895.283596665,50000000,4.672942928390323,23.20462283105217,,
798,S1_deepen_wells,34513052.90649356,2525000000,73.16072579383224,,,
798,S2_po4_removal,13007786.89428351,151500000,11.646869773564571,24.959061839491486,9.892148267487517,
798,S3_multi_treatment,46631296.55112274,808000000,17.327418702891414,65.73982721657859,87.68452668938193,97.26526123487847
798,S4_seasonal_switch,26011605.804593824,101000000,3.882882154940343,,,
798,S5_fertilizer_policy,11339814.657550327,50000000,4.409243141086858,24.59240161965787,,
799,S1_deepen_wells,34513052.90649356,2525000000,73.16072579383224,,,
799,S2_po4_removal,39800187.29256417,151500000,3.806514750454569,83.56268494653445,8.371959127272245,
799,S3_multi_treatment,52762448.41149212,808000000,15.313921630369425,86.80354054004358,70.47819324849928,66.00411239114766
799,S4_seasonal_switch,26011605.804593824,101000000,3.882882154940343,,,
799,S5_fertilizer_policy,5945837.201174617,50000000,8.409244704870554,12.894603733142185,,
800,S1_deepen_wells,34513052.90649356,2525000000,73.16072579383224,,,
800,S2_po4_removal,32770252.6085833,151500000,4.623095275143488,67.90120416983295,9.637356913251573,
800,S3_multi_treatment,55799667.65295552,808000000,14.480372984035201,89.8453668658096,74.60675824451587,98.3770822726496
800,S4_seasonal_switch,26011605.804593824,101000000,3.882882154940343,,,
800,S5_fertilizer_policy,6982023.00215476,50000000,7.161248249192137,15.14175663112396,,
801,S1_deepen_wells,34513052.90649356,2525000000,73.16072579383224,,,
801,S2_po4_removal,24374658.807572536,151500000,6.215471617306624,50.86021288330546,6.088001675190644,
801,S3_multi_treatment,55359794.644353904,808000000,14.595429863690926,89.03558564825731,77.2791843019333,83.25254471621398
801,S4_seasonal_switch,26011605.804593824,101000000,3.882882154940343,,,
801,S5_fertilizer_policy,2866468.9401201233,50000000,17.443063589555127,6.216446876296426,,
802,S1_deepen_wells,34513052.90649356,2525000000,73.16072579383224,,,
802,S2_po4_removal,32471736.270929873,151500000,4.665595911963274,62.41057208996344,24.376055637194042,
802,S3_multi_treatment,41610651.68381869,808000000,19.418104915530808,64.60154719432398,58.05997983382129,97.0428674911278
802,S4_seasonal_switch,26011605.804593824,101000000,3.882882154940343,,,
802,S5_fertilizer_policy,3949042.4376560077,50000000,12.661297210489838,8.564199731011177,,
803,S1_deepen_wells,34513052.90649356,2525000000,73.16072579383224,,,
803,S2_po4_removal,38734813.471345745,151500000,3.911210263399689,78.24012771599239,17.53822972905454,
803,S3_multi_treatment,44719365.04262076,808000000,18.06823507511607,65.99504326979306,76.83926007218982,84.87165983004203
803,S4_seasonal_switch,26011605.804593824,101000000,3.882882154940343,,,
803,S5_fertilizer_policy,5681693.5170947015,50000000,8.800193084960203,12.321761251994214,,
804,S1_deepen_wells,34513052.90649356,2525000000,73.16072579383224,,,
804,S2_po4_removal,36155408.20045015,151500000,4.190244490120672,77.36938976639046,3.164970082496596,
804,S3_multi_treatment,54049550.08311055,808000000,14.949245622906389,94.00226938072989,56.37646670519414,69.35514139636923
804,S4_seasonal_switch,26011605.804593824,101000000,3.882882154940343,,,
804,S5_fertilizer_policy,5209452.895887375,50000000,9.59793686578349,11.297623612309364,,
805,S1_deepen_wells,34513052.90649356,2525000000,73.16072579383224,,,
805,S2_po4_removal,22572641.59310413,151500000,6.711664621755336,46.85459594705786,6.385081460512178,
805,S3_multi_treatment,58044127.05848355,808000000,13.920443651187709,93.45053813852388,78.47635429464293,98.24037568931017
805,S4_seasonal_switch,26011605.804593824,101000000,3.882882154940343,,,
805,S5_fertilizer_policy,6655041.362722732,50000000,7.513101312948691,14.432638886081051,,
806,S1_deepen_wells,34513052.90649356,2525000000,73.16072579383224,,,
806,S2_po4_removal,23273877.208306782,151500000,6.509443984946671,47.39971456898077,9.354080747171055,
806,S3_multi_treatment,50540369.197604164,808000000,15.987219975399443,81.98064201875086,65.19708490158594,91.73591195401335
806,S4_seasonal_switch,26011605.804593824,101000000,3.882882154940343,,,
806,S5_fertilizer_policy,11858432.33266972,50000000,4.216408931410866,25.717116135613132,,
807,S1_deepen_wells,34513052.90649356,2525000000,73.16072579383224,,,
807,S2_po4_removal,22865534.173769638,151500000,6.625692575063228,43.474567087914075,18.60397140960263,
807,S3_multi_treatment,55294235.05749894,808000000,14.612734929053332,96.85615509942126,51.581061515102014,90.38101632037878
807,S4_seasonal_switch,26011605.804593824,101000000,3.882882154940343,,,
807,S5_fertilizer_policy,10623655.920191713,50000000,4.706477730040951,23.03928423419658,,
808,S1_deepen_wells,34513052.90649356,2525000000,73.16072579383224,,,
808,S2_po4_removal,28257493.441125058,151500000,5.3614097200678,57.10050634122204,12.72303933890414,
808,S3_multi_treatment,53873710.04994181,808000000,14.998038918258475,84.0311428070596,80.2183805039102,95.32096222716609
808,S4_seasonal_switch,26011605.804593824,101000000,3.882882154940343,,,
808,S5_fertilizer_policy,7374597.944848575,50000000,6.780030636778894,15.993125101252536,,
809,S1_deepen_wells,34513052.90649356,2525000000,73.16072579383224,,,
809,S2_po4_removal,33740305.57684127,151500000,4.490178657539688,69.27472854813486,11.85948456188259,
809,S3_multi_treatment,55666214.46893312,808000000,14.51508797047693,88.59227999825205,79.80973437594943,87.33974752745269
809,S4_seasonal_switch,26011605.804593824,101000000,3.882882154940343,,,
809,S5_fertilizer_policy,8898998.259993188,50000000,5.61860993105063,19.299057862173683,,
810,S1_deepen_wells,34513052.90649356,2525000000,73.16072579383224,,,
810,S2_po4_removal,24314482.78555081,151500000,6.230854315767342,50.87703825753081,5.639662000642331,
810,S3_multi_treatment,68069265.26270935,808000000,11.870261811723267,94.50717952652059,80.90240228369115,96.71945563701897
810,S4_seasonal_switch,26011605.804593824,101000000,3.882882154940343,,,
810,S5_fertilizer_policy,14103106.37567047,50000000,3.545318220548625,30.585090369560685,,
811,S1_deepen_wells,34513052.90649356,2525000000,73.16072579383224,,,
811,S2_po4_removal,31954302.115826488,151500000,4.741145635127619,66.40157461228242,8.81600012984131,
811,S3_multi_treatment,49813314.52007881,808000000,16.22056287128435,87.54562547986407,44.407735039124304,87.14687640119723
811,S4_seasonal_switch,26011605.804593824,101000000,3.882882154940343,,,
811,S5_fertilizer_policy,10691650.845102228,50000000,4.676546281241934,23.186743302267352,,
812,S1_deepen_wells,34513052.90649356,2525000000,73.16072579383224,,,
812,S2_po4_removal,21932011.552649714,151500000,6.907711116069358,45.008241507424586,7.775903325329085,
812,S3_multi_treatment,56516940.65449978,808000000,14.296598341008547,91.35432831945798,75.25874254150227,95.89650089723395
812,S4_seasonal_switch,26011605.804593824,101000000,3.882882154940343,,,
812,S5_fertilizer_policy,17611465.467340365,50000000,2.8390595940310956,38.19359001561769,,
813,S1_deepen_wells,34513052.90649356,2525000000,73.16072579383224,,,
813,S2_po4_removal,27963154.358780444,151500000,5.417843711627938,59.68944131529486,2.9020160787026654,
813,S3_multi_treatment,46586576.75082732,808000000,17.34405179246511,71.9349376489405,69.3568153442568,93.27870630401843
813,S4_seasonal_switch,26011605.804593824,101000000,3.882882154940343,,,
813,S5_fertilizer_policy,12848315.034544267,50000000,3.891560867364233,27.86385254145398,,
814,S1_deepen_wells,34513052.90649356,2525000000,73.16072579383224,,,
814,S2_po4_removal,19457749.035330117,151500000,7.786101039997799,38.611442136759486,10.913147239841956,
814,S3_multi_treatment,57756331.72734159,808000000,13.989808144576058,90.24387080375438,88.07210961949312,89.79735282554755
814,S4_seasonal_switch,26011605.804593824,101000000,3.882882154940343,,,
814,S5_fertilizer_policy,9390996.84692026,50000000,5.324248406748993,20.36604415881115,,
815,S1_deepen_wells,34513052.90649356,2525000000,73.16072579383224,,,
815,S2_po4_removal,39714964.2489117,151500000,3.8146830260372577,82.22312522195396,11.885995026724784,
815,S3_multi_treatment,57712114.194172285,808000000,14.000526774699082,91.08771801448461,84.5721184556106,92.90975671501124
815,S4_seasonal_switch,26011605.804593824,101000000,3.882882154940343,,,
815,S5_fertilizer_policy,14118757.189282864,50000000,3.541388192294541,30.619031937889083,,
816,S1_deepen_wells,34513052.90649356,2525000000,73.16072579383224,,,
816,S2_po4_removal,35674998.9238044,151500000,4.246671466580214,70.23827642496492,21.695469863942066,
816,S3_multi_treatment,55941665.106649116,808000000,14.443617265585516,87.69124628922043,81.94654836925504,99.11911315004784
816,S4_seasonal_switch,26011605.804593824,101000000,3.882882154940343,,,
816,S5_fertilizer_policy,8571891.405437864,50000000,5.83301836608439,18.589668565902286,,
817,S1_deepen_wells,34513052.90649356,2525000000,73.16072579383224,,,
817,S2_po4_removal,32914122.84920735,151500000,4.602887359146151,60.897040108776245,31.90152631564318,
817,S3_multi_treatment,51457956.005042806,808000000,15.702139430505502,86.28347076124685,57.82056624924346,93.37953244572647
817,S4_seasonal_switch,26011605.804593824,101000000,3.882882154940343,,,
817,S5_fertilizer_policy,11374961.435898237,50000000,4.395619297855816,24.668623649282765,,
818,S1_deepen_wells,34513052.90649356,2525000000,73.16072579383224,,,
818,S2_po4_removal,38397310.2152886,151500000,3.945588874599801,81.80584729269292,4.459843511217659,
818,S3_multi_treatment,50889927.04288106,808000000,15.877405352127152,78.53049252478515,78.35260076240493,90.0379576926034
818,S4_seasonal_switch,26011605.804593824,101000000,3.882882154940343,,,
818,S5_fertilizer_policy,7637491.771970034,50000000,6.546651897354892,16.56325704565737,,
819,S1_deepen_wells,34513052.90649356,2525000000,73.16072579383224,,,
819,S2_po4_removal,22592138.794800103,151500000,6.705872399954884,46.95234161321438,6.216300989797421,
819,S3_multi_treatment,47768774.95131047,808000000,16.91481518677367,76.15049312610843,66.69541179404986,81.78090960939576
819,S4_seasonal_switch,26011605.804593824,101000000,3.882882154940343,,,
819,S5_fertilizer_policy,8763492.454291493,50000000,5.70548788177651,19.005189461653337,,
820,S1_deepen_wells,34513052.90649356,2525000000,73.16072579383224,,,
820,S2_po4_removal,29390473.62601371,151500000,5.154731493197384,62.438493111613816,3.955989323791699,
820,S3_multi_treatment,50969831.12724607,808000000,15.85251475491119,83.78915505122308,64.8773966440723,80.31349174933085
820,S4_seasonal_switch,26011605.804593824,101000000,3.882882154940343,,,
820,S5_fertilizer_policy,13998204.799782552,50000000,3.5718865893987135,30.357592675579138,,
821,S1_deepen_wells,34513052.90649356,2525000000,73.16072579383224,,,
821,S2_po4_removal,34855534.342675194,151500000,4.346512049150019,71.82858436080636,11.447795158891566,
821,S3_multi_treatment,53334541.34532937,808000000,15.149656856864645,91.5427133715356,53.49126434151841,96.82812170299644
821,S4_seasonal_switch,26011605.804593824,101000000,3.882882154940343,,,
821,S5_fertilizer_policy,8298908.152457982,50000000,6.024888947010569,17.997655910011858,,
822,S1_deepen_wells,34513052.90649356,2525000000,73.16072579383224,,,
822,S2_po4_removal,31317115.35102289,151500000,4.837610306756802,66.73900134015516,3.583984543703088,
822,S3_multi_treatment,49213745.14499883,808000000,16.418177434360736,84.52487288494491,48.830111713152604,91.10063936887393
822,S4_seasonal_switch,26011605.804593824,101000000,3.882882154940343,,,
822,S5_fertilizer_policy,9196136.018749118,50000000,5.437066165404667,19.943453852792963,,
823,S1_deepen_wells,34513052.90649356,2525000000,73.16072579383224,,,
823,S2_po4_removal,22014223.73273713,151500000,6.8819142495906345,46.15011305382913,4.843590628844013,
823,S3_multi_treatment,45445499.23049903,808000000,17.779538429137585,64.48243485100647,83.24265013141925,99.41652181328193
823,S4_seasonal_switch,26011605.804593824,101000000,3.882882154940343,,,
823,S5_fertilizer_policy,8521269.386298299,50000000,5.867670382583734,18.479885728786087,,
824,S1_deepen_wells,34513052.90649356,2525000000,73.16072579383224,,,
824,S2_po4_removal,24895646.305476643,151500000,6.0854013646021485,49.491178373928044,13.69248023373589,
824,S3_multi_treatment,49193419.30773284,808000000,16.424961130380062,80.54083626380714,64.39350964293219,73.72812506526316
824,S4_seasonal_switch,26011605.804593824,101000000,3.882882154940343,,,
824,S5_fertilizer_policy,9106441.837914303,50000000,5.490618716942442,19.748936095259126,,
825,S1_deepen_wells,34513052.90649356,2525000000,73.16072579383224,,,
825,S2_po4_removal,32990976.14232926,151500000,4.592164819446402,67.18583798969252,13.271006448879884,
825,S3_multi_treatment,52248569.96499777,808000000,15.464538082885204,79.4010785322246,84.48047546863575,90.95825065931398
825,S4_seasonal_switch,26011605.804593824,101000000,3.882882154940343,,,
825,S5_fertilizer_policy,4442861.955382124,50000000,11.254007102207968,9.635135039416847,,
826,S1_deepen_wells,34513052.90649356,2525000000,73.16072579383224,,,
826,S2_po4_removal,32199002.683181167,151500000,4.705114673602439,68.0319959448682,5.469318066446249,
826,S3_multi_treatment,50694172.67770314,808000000,15.938715582498958,80.5938942287231,70.89625368169638,89.47994901216674
826,S4_seasonal_switch,26011605.804593824,101000000,3.882882154940343,,,
826,S5_fertilizer_policy,13265837.328951426,50000000,3.7690798371905077,28.76932377350675,,
827,S1_deepen_wells,34513052.90649356,2525000000,73.16072579383224,,,
827,S2_po4_removal,22414530.036003992,151500000,6.759008542969615,47.63094296939971,2.979072362664208,
827,S3_multi_treatment,54302880.62538904,808000000,14.879505298697241,83.9272162036021,82.79409597300393,98.10608433506218
827,S4_seasonal_switch,26011605.804593824,101000000,3.882882154940343,,,
827,S5_fertilizer_policy,16315899.11419633,50000000,3.064495535921487,35.383924333805226,,
828,S1_deepen_wells,34513052.90649356,2525000000,73.16072579383224,,,
828,S2_po4_removal,38468032.64706439,151500000,3.9383350167651847,78.36991250900394,15.382629322413433,
828,S3_multi_treatment,48293039.37474218,808000000,16.731189638533984,77.9886713580678,60.9495367162164,99.34023428372136
828,S4_seasonal_switch,26011605.804593824,101000000,3.882882154940343,,,
828,S5_fertilizer_policy,15829680.278387703,50000000,3.1586234921159533,34.329472453739726,,
829,S1_deepen_wells,34513052.90649356,2525000000,73.16072579383224,,,
829,S2_po4_removal,14084728.219543353,151500000,10.756331087012757,23.955143967676502,20.054596588135304,
829,S3_multi_treatment,55718084.66493841,808000000,14.501575293891038,89.70217776425338,75.41892563050007,93.929666303527
829,S4_seasonal_switch,26011605.804593824,101000000,3.882882154940343,,,
829,S5_fertilizer_policy,16985983.70446693,50000000,2.9436034362173045,36.83712175022921,,
830,S1_deepen_wells,34513052.90649356,2525000000,73.16072579383224,,,
830,S2_po4_removal,35076821.4370166,151500000,4.31909146249272,75.58407902022542,1.4796883100293379,
830,S3_multi_treatment,50983527.981428765,808000000,15.848255936590377,79.12533240971027,76.78600883467132,91.8567973332166
830,S4_seasonal_switch,26011605.804593824,101000000,3.882882154940343,,,
830,S5_fertilizer_policy,5266132.446660966,50000000,9.494633966470575,11.42054328236919,,
831,S1_deepen_wells,34513052.90649356,2525000000,73.16072579383224,,,
831,S2_po4_removal,27236460.6087427,151500000,5.562396751043696,58.24095661881547,2.514076823062209,
831,S3_multi_treatment,54315217.13244367,808000000,14.876125746303313,82.67357294543007,89.23194138398775,85.75119277313031
831,S4_seasonal_switch,26011605.804593824,101000000,3.882882154940343,,,
831,S5_fertilizer_policy,11875252.764583372,50000000,4.210436694797728,25.753594228909073,,
832,S1_deepen_wells,34513052.90649356,2525000000,73.16072579383224,,,
832,S2_po4_removal,37710279.83517628,151500000,4.017472176344877,79.80566643217945,6.012557759255851,
832,S3_multi_treatment,52986221.818430886,808000000,15.249247299963985,85.19223040120706,71.5814825004767,91.65774949712798
832,S4_seasonal_switch,26011605.804593824,101000000,3.882882154940343,,,
832,S5_fertilizer_policy,11782953.069784723,50000000,4.243418411655739,25.55342595170103,,
833,S1_deepen_wells,34513052.90649356,2525000000,73.16072579383224,,,
833,S2_po4_removal,32424385.119088635,151500000,4.672409343880204,69.54498270488187,2.352514453284815,
833,S3_multi_treatment,68058087.43857287,808000000,11.872211377219141,93.10045114588881,84.70703755358223,96.0471849037207
833,S4_seasonal_switch,26011605.804593824,101000000,3.882882154940343,,,
833,S5_fertilizer_policy,9950032.947624348,50000000,5.025108988401683,21.57841320747533,,
834,S1_deepen_wells,34513052.90649356,2525000000,73.16072579383224,,,
834,S2_po4_removal,24734532.120919004,151500000,6.125040055715073,49.00942668229874,14.095231203629254,
834,S3_multi_treatment,51636686.81589702,808000000,15.647789388207743,82.35820633188385,73.60203701708711,80.4638249820269
834,S4_seasonal_switch,26011605.804593824,101000000,3.882882154940343,,,
834,S5_fertilizer_policy,8326934.188741289,50000000,6.004610924823229,18.058435346087307,,
835,S1_deepen_wells,34513052.90649356,2525000000,73.16072579383224,,,
835,S2_po4_removal,29797850.903843313,151500000,5.084259280606696,61.543371105814735,9.368501722593434,
835,S3_multi_treatment,53669066.95663143,808000000,15.055227262529526,85.02792959437045,76.61265003751201,91.53780744919942
835,S4_seasonal_switch,26011605.804593824,101000000,3.882882154940343,,,
835,S5_fertilizer_policy,10087030.433677107,50000000,4.9568602304467415,21.875516581704648,,
836,S1_deepen_wells,34513052.90649356,2525000000,73.16072579383224,,,
836,S2_po4_removal,35991454.60803558,151500000,4.209332511005976,76.7865039522535,3.8567478490361693,
836,S3_multi_treatment,41928195.49502472,808000000,19.27104160959846,64.92197665497591,65.41078523199661,66.75492065890231
836,S4_seasonal_switch,26011605.804593824,101000000,3.882882154940343,,,
836,S5_fertilizer_policy,6629102.610759705,50000000,7.542499028276457,14.37638609667914,,
837,S1_deepen_wells,34513052.90649356,2525000000,73.16072579383224,,,
837,S2_po4_removal,30936269.319424115,151500000,4.89716450408831,65.16682664776317,5.854908160904469,
837,S3_multi_treatment,44541112.103063464,808000000,18.14054391211366,65.56005613369426,74.18938749110373,98.47006364125201
837,S4_seasonal_switch,26011605.804593824,101000000,3.882882154940343,,,
837,S5_fertilizer_policy,8653532.474397302,50000000,5.777987214808757,18.766721720397403,,
838,S1_deepen_wells,34513052.90649356,2525000000,73.16072579383224,,,
838,S2_po4_removal,35019540.36263378,151500000,4.326156152570526,69.1610939671029,20.647727934309913,
838,S3_multi_treatment,52152311.38262513,808000000,15.49308129551455,81.24518093938747,77.61441522340475,93.96709588550443
838,S4_seasonal_switch,26011605.804593824,101000000,3.882882154940343,,,
838,S5_fertilizer_policy,7656755.640969209,50000000,6.530180972795272,16.605034166138058,,
839,S1_deepen_wells,34513052.90649356,2525000000,73.16072579383224,,,
839,S2_po4_removal,37196957.422683045,151500000,4.072913767608689,72.16321372238532,25.88192363051552,
839,S3_multi_treatment,55400898.634537205,808000000,14.584600970647228,95.3479920259488,61.126947099971474,69.70832410529741
839,S4_seasonal_switch,26011605.804593824,101000000,3.882882154940343,,,
839,S5_fertilizer_policy,13327102.330478914,50000000,3.7517532889089202,28.90218780773413,,
840,S1_deepen_wells,34513052.90649356,2525000000,73.16072579383224,,,
840,S2_po4_removal,33208240.278040603,151500000,4.562120688466032,65.09290479891952,21.073960841660856,
840,S3_multi_treatment,56397965.631935276,808000000,14.326757906006295,95.35622964937784,67.4159882650354,71.00211138803144
840,S4_seasonal_switch,26011605.804593824,101000000,3.882882154940343,,,
840,S5_fertilizer_policy,6616271.780928373,50000000,7.557126075764706,14.34856016390566,,
841,S1_deepen_wells,34513052.90649356,2525000000,73.16072579383224,,,
841,S2_po4_removal,34805064.99837452,151500000,4.352814741391099,67.73026067095554,23.58650898595909,
841,S3_multi_treatment,68096561.55483557,808000000,11.865503654679367,97.9424159688842,77.89672764973045,95.87311501352237
841,S4_seasonal_switch,26011605.804593824,101000000,3.882882154940343,,,
841,S5_fertilizer_policy,21097984.209647827,50000000,2.36989465453935,45.75472498603809,,
842,S1_deepen_wells,34513052.90649356,2525000000,73.16072579383224,,,
842,S2_po4_removal,28942790.192674056,151500000,5.234464230692844,60.533787269461925,6.797753221012933,
842,S3_multi_treatment,68060344.01352353,808000000,11.871817748077369,93.38444094456193,94.51976100803007,94.20612722900563
842,S4_seasonal_switch,26011605.804593824,101000000,3.882882154940343,,,
842,S5_fertilizer_policy,7256418.916189514,50000000,6.8904511409129015,15.736832893348614,,
843,S1_deepen_wells,34513052.90649356,2525000000,73.16072579383224,,,
843,S2_po4_removal,21166075.46254359,151500000,7.157680235436229,40.860810159425405,15.342265061314627,
843,S3_multi_treatment,51906347.40526685,808000000,15.566496977554879,83.75025637264393,68.62017121862445,92.74042989393327
843,S4_seasonal_switch,26011605.804593824,101000000,3.882882154940343,,,
843,S5_fertilizer_policy,5435873.1669157,50000000,9.198154273413607,11.788656173961717,,
844,S1_deepen_wells,34513052.90649356,2525000000,73.16072579383224,,,
844,S2_po4_removal,34013300.75165526,151500000,4.454139899745756,68.3662520047593,16.42576872359066,
844,S3_multi_treatment,68103659.19241701,808000000,11.864267053802692,98.83565315881727,68.09564484816208,91.13778086531276
844,S4_seasonal_switch,26011605.804593824,101000000,3.882882154940343,,,
844,S5_fertilizer_policy,6578038.553663753,50000000,7.601050007855553,14.2656446217648,,
845,S1_deepen_wells,34513052.90649356,2525000000,73.16072579383224,,,
845,S2_po4_removal,31748026.532847136,151500000,4.7719501507677995,59.05106831965372,29.82331688458016,
845,S3_multi_treatment,53834191.53072036,808000000,15.00904865523831,96.07021578718408,43.34923730238346,95.18337340060555
845,S4_seasonal_switch,26011605.804593824,101000000,3.882882154940343,,,
845,S5_fertilizer_policy,8909909.198401548,50000000,5.611729467340709,19.322720169494286,,
846,S1_deepen_wells,34513052.90649356,2525000000,73.16072579383224,,,
846,S2_po4_removal,21003399.027082957,151500000,7.213118210278604,39.549203468308264,18.260074494490286,
846,S3_multi_treatment,49623733.85818152,808000000,16.282531304660868,73.90751755427362,83.3616363380872,93.45543389154942
846,S4_seasonal_switch,26011605.804593824,101000000,3.882882154940343,,,
846,S5_fertilizer_policy,7806174.082495593,50000000,6.405186391130963,16.92907458781752,,
847,S1_deepen_wells,34513052.90649356,2525000000,73.16072579383224,,,
847,S2_po4_removal,23117557.6806619,151500000,6.553460451695183,47.85850207660408,6.926277822186949,
847,S3_multi_treatment,52468960.85168525,808000000,15.399580759451002,78.67768451147637,91.33422601583972,75.41205169878243
847,S4_seasonal_switch,26011605.804593824,101000000,3.882882154940343,,,
847,S5_fertilizer_policy,6084561.758166477,50000000,8.217518695227609,13.19545256736726,,
848,S1_deepen_wells,34513052.90649356,2525000000,73.16072579383224,,,
848,S2_po4_removal,18052091.904149108,151500000,8.392379166049952,37.043679830502576,6.407300774489,
848,S3_multi_treatment,51727962.92935386,808000000,15.620178221661371,83.69135107489501,70.25056257279843,79.96265106798917
848,S4_seasonal_switch,26011605.804593824,101000000,3.882882154940343,,,
848,S5_fertilizer_policy,10969051.892515704,50000000,4.558279101051159,23.788336729825172,,
849,S1_deepen_wells,34513052.90649356,2525000000,73.16072579383224,,,
849,S2_po4_removal,29444259.501889676,151500000,5.145315336942912,60.44021207982302,10.392012518411818,
849,S3_multi_treatment,51507263.932768725,808000000,15.687107765123464,86.672777868366,56.300995433933046,96.58936634663515
849,S4_seasonal_switch,26011605.804593824,101000000,3.882882154940343,,,
849,S5_fertilizer_policy,11201297.459767886,50000000,4.463768610697721,24.292002480697768,,
850,S1_deepen_wells,34513052.90649356,2525000000,73.16072579383224,,,
850,S2_po4_removal,32786810.404661573,151500000,4.620760547615208,65.75403479073215,16.280778458775984,
850,S3_multi_treatment,56747355.549441375,808000000,14.238548953986527,92.61787191026822,72.30999595125604,98.93123205076392
850,S4_seasonal_switch,26011605.804593824,101000000,3.882882154940343,,,
850,S5_fertilizer_policy,6818102.877901368,50000000,7.333418238973558,14.786266735484475,,
851,S1_deepen_wells,34513052.90649356,2525000000,73.16072579383224,,,
851,S2_po4_removal,34451697.71255689,151500000,4.397461084908497,73.04458927990483,5.082156537225815,
851,S3_multi_treatment,38185366.84160806,808000000,21.159938134195844,63.96781523111395,39.16941771178703,88.35837689875137
851,S4_seasonal_switch,26011605.804593824,101000000,3.882882154940343,,,
851,S5_fertilizer_policy,11129170.416246243,50000000,4.492697849878419,24.13558217970618,,
852,S1_deepen_wells,34513052.90649356,2525000000,73.16072579383224,,,
852,S2_po4_removal,28216493.532418936,151500000,5.3692001036888675,60.171534168763266,3.1068748718688397,
852,S3_multi_treatment,68078226.11167964,808000000,11.868699379365554,95.63490173856822,88.70934948278358,94.00010922544585
852,S4_seasonal_switch,26011605.804593824,101000000,3.882882154940343,,,
852,S5_fertilizer_policy,3846641.355457522,50000000,12.99835242738739,8.342124801591082,,
853,S1_deepen_wells,34513052.90649356,2525000000,73.16072579383224,,,
853,S2_po4_removal,30121778.02098781,151500000,5.029583575525988,58.18176802656355,21.73613486395588,
853,S3_multi_treatment,49165334.21421398,808000000,16.434343687760443,78.5903431302436,65.89467537817522,94.38490027879183
853,S4_seasonal_switch,26011605.804593824,101000000,3.882882154940343,,,
853,S5_fertilizer_policy,8515573.846164674,50000000,5.871594904026284,18.467533938687467,,
854,S1_deepen_wells,34513052.90649356,2525000000,73.16072579383224,,,
854,S2_po4_removal,27314601.332483754,151500000,5.546484027201575,54.69859884443231,13.809680929086946,
854,S3_multi_treatment,56129852.50173982,808000000,14.395191934184307,86.18099324482206,89.68147499108366,89.89675514147183
854,S4_seasonal_switch,26011605.804593824,101000000,3.882882154940343,,,
854,S5_fertilizer_policy,5864619.998592816,50000000,8.525701582028713,12.7184698081501,,
855,S1_deepen_wells,34513052.90649356,2525000000,73.16072579383224,,,
855,S2_po4_removal,31549097.89766378,151500000,4.802039046930043,65.01830676087572,10.351298659786556,
855,S3_multi_treatment,53117857.58163524,808000000,15.211456876968525,82.51620528329585,78.91957035802794,99.79668780253184
855,S4_seasonal_switch,26011605.804593824,101000000,3.882882154940343,,,
855,S5_fertilizer_policy,2549708.2321056575,50000000,19.610086899514723,5.529495035894668,,
856,S1_deepen_wells,34513052.90649356,2525000000,73.16072579383224,,,
856,S2_po4_removal,22692130.9909544,151500000,6.676323173896332,47.96022262666569,3.8090818297713556,
856,S3_multi_treatment,51867104.95518215,808000000,15.578274528686048,90.41152476805706,48.08680093715035,92.7559059180845
856,S4_seasonal_switch,26011605.804593824,101000000,3.882882154940343,,,
856,S5_fertilizer_policy,8273366.712353095,50000000,6.043488913085915,17.94226476192236,,
857,S1_deepen_wells,34513052.90649356,2525000000,73.16072579383224,,,
857,S2_po4_removal,30746132.525416672,151500000,4.927449001098289,64.13325345713228,7.745394109617365,
857,S3_multi_treatment,53207640.48851223,808000000,15.185788969057006,85.75199841290949,72.33483814610565,86.81802192541149
857,S4_seasonal_switch,26011605.804593824,101000000,3.882882154940343,,,
857,S5_fertilizer_policy,4181813.041273333,50000000,11.95653643683108,9.069004116468768,,
858,S1_deepen_wells,34513052.90649356,2525000000,73.16072579383224,,,
858,S2_po4_removal,40393954.1119346,151500000,3.7505612741001393,83.85817766315186,11.391355136141028,
858,S3_multi_treatment,52849333.832443774,808000000,15.288745219792636,86.35529841276231,67.97418412074585,87.59606730563193
858,S4_seasonal_switch,26011605.804593824,101000000,3.882882154940343,,,
858,S5_fertilizer_policy,5898380.276054814,50000000,8.476903431096334,12.791684964412294,,
859,S1_deepen_wells,34513052.90649356,2525000000,73.16072579383224,,,
859,S2_po4_removal,21508531.265129842,151500000,7.043716659798873,45.20951242091859,4.368606664479854,
859,S3_multi_treatment,56499840.20593304,808000000,14.300925401823562,91.55808736041084,79.7127854084243,70.68043118590627
859,S4_seasonal_switch,26011605.804593824,101000000,3.882882154940343,,,
859,S5_fertilizer_policy,8227649.489278898,50000000,6.077069771281931,17.843118845985558,,
860,S1_deepen_wells,34513052.90649356,2525000000,73.16072579383224,,,
860,S2_po4_removal,34416070.29745149,151500000,4.4020133237355275,70.80832708803175,11.652298907546323,
860,S3_multi_treatment,53671407.13445762,808000000,15.054570825314832,95.79815000686828,43.12551113987011,95.07326142840526
860,S4_seasonal_switch,26011605.804593824,101000000,3.882882154940343,,,
860,S5_fertilizer_policy,14424301.571626239,50000000,3.46637234057516,31.28165918446544,,
861,S1_deepen_wells,34513052.90649356,2525000000,73.16072579383224,,,
861,S2_po4_removal,22215502.442176737,151500000,6.819562168099926,45.28974829544807,8.790163745377411,
861,S3_multi_treatment,68052209.76267916,808000000,11.873236781256134,92.36074604846753,84.84538814876335,89.20095717962158
861,S4_seasonal_switch,26011605.804593824,101000000,3.882882154940343,,,
861,S5_fertilizer_policy,8437214.26536426,50000000,5.926126613289386,18.297597273937072,,
862,S1_deepen_wells,34513052.90649356,2525000000,73.16072579383224,,,
862,S2_po4_removal,29637593.543105334,151500000,5.1117510529205505,62.46769972923332,5.49800178247677,
862,S3_multi_treatment,52598754.714586064,808000000,15.361580409734206,80.96935822423256,82.84993253067866,86.91898796281743
862,S4_seasonal_switch,26011605.804593824,101000000,3.882882154940343,,,
862,S5_fertilizer_policy,8859892.759046666,50000000,5.643409165302363,19.214250639669867,,
863,S1_deepen_wells,34513052.90649356,2525000000,73.16072579383224,,,
863,S2_po4_removal,38996213.95484421,151500000,3.884992532234794,75.77794805396012,26.756136704271995,
863,S3_multi_treatment,51426831.25243386,808000000,15.711642742167982,80.37873383185138,78.33300120167672,80.01605867843152
863,S4_seasonal_switch,26011605.804593824,101000000,3.882882154940343,,,
863,S5_fertilizer_policy,11317992.204854287,50000000,4.417744693140449,24.54507575612011,,
864,S1_deepen_wells,34513052.90649356,2525000000,73.16072579383224,,,
864,S2_po4_removal,31197377.2119333,151500000,4.856177459111844,64.25181582576107,10.362625777536055,
864,S3_multi_treatment,53077168.14588702,808000000,15.223118116986662,82.5924483758186,78.74898839678924,98.19255858394088
864,S4_seasonal_switch,26011605.804593824,101000000,3.882882154940343,,,
864,S5_fertilizer_policy,9626475.148288123,50000000,5.194009149744858,20.876720667628412,,
865,S1_deepen_wells,34513052.90649356,2525000000,73.16072579383224,,,
865,S2_po4_removal,13714898.54518205,151500000,11.046381385972477,23.301505214107532,19.602986140566976,
865,S3_multi_treatment,53684793.44059849,808000000,15.0508169672673,91.68002770867166,58.92183547935076,79.63366234334593
865,S4_seasonal_switch,26011605.804593824,101000000,3.882882154940343,,,
865,S5_fertilizer_policy,9890488.126487225,50000000,5.055362218786501,21.449279689865346,,
866,S1_deepen_wells,34513052.90649356,2525000000,73.16072579383224,,,
866,S2_po4_removal,32655374.04764378,151500000,4.639358893239545,69.47418141833973,4.092407357679288,
866,S3_multi_treatment,57193339.38431189,808000000,14.127519195384385,92.48622001355898,76.01273201068852,97.18702088474942
866,S4_seasonal_switch,26011605.804593824,101000000,3.882882154940343,,,
866,S5_fertilizer_policy,17298300.677108712,50000000,2.8904573306536574,37.514436561430955,,
867,S1_deepen_wells,34513052.90649356,2525000000,73.16072579383224,,,
867,S2_po4_removal,33146437.0243276,151500000,4.570626999481351,70.96996995690242,2.781325512831963,
867,S3_multi_treatment,51883470.84430183,808000000,15.573360587705164,78.59208257548144,82.99584164217634,98.4303515108558
867,S4_seasonal_switch,26011605.804593824,101000000,3.882882154940343,,,
867,S5_fertilizer_policy,4561199.263001539,50000000,10.962029307857303,9.891770503350871,,
868,S1_deepen_wells,34513052.90649356,2525000000,73.16072579383224,,,
868,S2_po4_removal,28809709.156102136,151500000,5.258643854372651,59.06632135970029,10.385182553134346,
868,S3_multi_treatment,43733368.40277728,808000000,18.4755949406515,80.3061356984374,28.304487530770984,77.46705962896077
868,S4_seasonal_switch,26011605.804593824,101000000,3.882882154940343,,,
868,S5_fertilizer_policy,8485384.265542753,50000000,5.892485058459735,18.402062472547694,,
869,S1_deepen_wells,34513052.90649356,2525000000,73.16072579383224,,,
869,S2_po4_removal,28953061.718652584,151500000,5.232607227248728,61.14159128633177,5.015905713564799,
869,S3_multi_treatment,56358442.993829235,808000000,14.336804870362885,88.58889733732886,82.36377853447968,97.18258742063608
869,S4_seasonal_switch,26011605.804593824,101000000,3.882882154940343,,,
869,S5_fertilizer_policy,16228705.330711901,50000000,3.080960494450401,35.194829131904434,,
870,S1_deepen_wells,34513052.90649356,2525000000,73.16072579383224,,,
870,S2_po4_removal,18001513.59905994,151500000,8.415958978466762,38.03694800956459,3.050845615778088,
870,S3_multi_treatment,68078052.19124995,808000000,11.868729700581122,95.61301386473525,77.52390182385935,82.95612954084842
870,S4_seasonal_switch,26011605.804593824,101000000,3.882882154940343,,,
870,S5_fertilizer_policy,11916653.519195594,50000000,4.195808824974138,25.843379116539705,,
871,S1_deepen_wells,34513052.90649356,2525000000,73.16072579383224,,,
871,S2_po4_removal,39198709.216050334,151500000,3.864923183183968,84.34331254144512,2.026882283941926,
871,S3_multi_treatment,49482438.52866514,808000000,16.329025489152606,78.00972451711873,70.64906525739953,90.03527265040961
871,S4_seasonal_switch,26011605.804593824,101000000,3.882882154940343,,,
871,S5_fertilizer_policy,15858011.042473234,50000000,3.1529805261254213,34.39091274616274,,
872,S1_deepen_wells,34513052.90649356,2525000000,73.16072579383224,,,
872,S2_po4_removal,18203264.806051753,151500000,8.322682860144582,38.50296569805721,2.964163553659567,
872,S3_multi_treatment,57287487.7824103,808000000,14.104301502431921,95.46910174407732,68.55801006140463,92.31938663627498
872,S4_seasonal_switch,26011605.804593824,101000000,3.882882154940343,,,
872,S5_fertilizer_policy,10655589.378014594,50000000,4.692373009714856,23.108537607695247,,
873,S1_deepen_wells,34513052.90649356,2525000000,73.16072579383224,,,
873,S2_po4_removal,32502551.441158846,151500000,4.6611725320785595,67.4193286287647,9.337053403772156,
873,S3_multi_treatment,53960267.38728684,808000000,14.973980655076712,83.95715419661065,85.98921255995675,71.13812543828473
873,S4_seasonal_switch,26011605.804593824,101000000,3.882882154940343,,,
873,S5_fertilizer_policy,8597456.802475251,50000000,5.8156733030173235,18.645111668853826,,
874,S1_deepen_wells,34513052.90649356,2525000000,73.16072579383224,,,
874,S2_po4_removal,36268390.394880444,151500000,4.177191167033025,77.63908788936662,3.0898769222977407,
874,S3_multi_treatment,49235234.948820785,808000000,16.41101135883484,77.36985754892139,69.41068133238369,97.59064717428977
874,S4_seasonal_switch,26011605.804593824,101000000,3.882882154940343,,,
874,S5_fertilizer_policy,17417028.221173927,50000000,2.8707538028338764,37.77191832238935,,
875,S1_deepen_wells,34513052.90649356,2525000000,73.16072579383224,,,
875,S2_po4_removal,26420072.98398894,151500000,5.734276362211862,55.12571837846555,6.606365851368455,
875,S3_multi_treatment,42882592.37295619,808000000,18.84214445275849,66.48288459990773,62.587466352723844,88.00853801468267
875,S4_seasonal_switch,26011605.804593824,101000000,3.882882154940343,,,
875,S5_fertilizer_policy,13467752.091307402,50000000,3.712572050704133,29.207211788324518,,
876,S1_deepen_wells,34513052.90649356,2525000000,73.16072579383224,,,
876,S2_po4_removal,19431488.824084237,151500000,7.796623376188461,40.5369603258545,4.880210246520575,
876,S3_multi_treatment,51735433.25362324,808000000,15.617922750137838,84.48232126143743,66.28374660909375,87.78508085991857
876,S4_seasonal_switch,26011605.804593824,101000000,3.882882154940343,,,
876,S5_fertilizer_policy,15089393.976141013,50000000,3.3135856933060928,32.72403015964888,,
877,S1_deepen_wells,34513052.90649356,2525000000,73.16072579383224,,,
877,S2_po4_removal,21465480.567407906,151500000,7.057843383671079,44.18665602838406,7.197189137055912,
877,S3_multi_treatment,56030502.40919112,808000000,14.420716667845861,93.57544210712263,67.7031614394206,84.16156386077722
877,S4_seasonal_switch,26011605.804593824,101000000,3.882882154940343,,,
877,S5_fertilizer_policy,5327364.975163341,50000000,9.385503008167179,11.553336893075612,,
878,S1_deepen_wells,34513052.90649356,2525000000,73.16072579383224,,,
878,S2_po4_removal,28672411.386265248,151500000,5.283824857248387,58.44622469909725,11.366116049563281,
878,S3_multi_treatment,49421816.97762704,808000000,16.349054919728605,77.09967993243882,74.20377149042815,84.27259866307342
878,S4_seasonal_switch,26011605.804593824,101000000,3.882882154940343,,,
878,S5_fertilizer_policy,8191807.767282806,50000000,6.103658852896254,17.76538970766309,,
879,S1_deepen_wells,34513052.90649356,2525000000,73.16072579383224,,,
879,S2_po4_removal,25892545.289671928,151500000,5.851104953379405,54.77470091613037,4.193091347448695,
879,S3_multi_treatment,68081534.22815102,808000000,11.868122673209385,96.05122796359123,91.77756550104745,91.07113282702664
879,S4_seasonal_switch,26011605.804593824,101000000,3.882882154940343,,,
879,S5_fertilizer_policy,10185354.84392827,50000000,4.9090091377431175,22.088750524139673,,
880,S1_deepen_wells,34513052.90649356,2525000000,73.16072579383224,,,
880,S2_po4_removal,26399251.93615251,151500000,5.738798976819794,55.4656516023174,5.43448935294361,
880,S3_multi_treatment,56833291.55320199,808000000,14.21701924907211,89.32482658201798,83.6291230912905,95.37864058447914
880,S4_seasonal_switch,26011605.804593824,101000000,3.882882154940343,,,
880,S5_fertilizer_policy,6261819.567364916,50000000,7.984899510772854,13.579867601093296,,
881,S1_deepen_wells,34513052.90649356,2525000000,73.16072579383224,,,
881,S2_po4_removal,30930388.263077036,151500000,4.898095643398444,58.736421364215744,25.384748138692288,
881,S3_multi_treatment,57416063.384982124,808000000,14.072716803697523,93.26989203760563,75.89204272644947,93.32583721586309
881,S4_seasonal_switch,26011605.804593824,101000000,3.882882154940343,,,
881,S5_fertilizer_policy,9186949.470659249,50000000,5.4425029940228935,19.923531192066417,,
882,S1_deepen_wells,34513052.90649356,2525000000,73.16072579383224,,,
882,S2_po4_removal,23725510.569555573,151500000,6.3855317067192585,50.10418761050861,4.104577622018051,
882,S3_multi_treatment,48188102.66394132,808000000,16.76762427512255,70.69354696127694,82.34061126461636,99.90660546143071
882,S4_seasonal_switch,26011605.804593824,101000000,3.882882154940343,,,
882,S5_fertilizer_policy,6668801.290534206,50000000,7.497599316832357,14.462479732798192,,
883,S1_deepen_wells,34513052.90649356,2525000000,73.16072579383224,,,
883,S2_po4_removal,27911106.193846047,151500000,5.427946816146016,59.699717735152525,2.527246418198406,
883,S3_multi_treatment,48163923.062858224,808000000,16.776042079161364,81.01031108945263,51.8851628250683,94.56131203096777
883,S4_seasonal_switch,26011605.804593824,101000000,3.882882154940343,,,
883,S5_fertilizer_policy,9190510.351462625,50000000,5.440394285834491,19.931253594370215,,
884,S1_deepen_wells,34513052.90649356,2525000000,73.16072579383224,,,
884,S2_po4_removal,36301793.36855972,151500000,4.173347538560209,77.06240197192808,5.065261750769477,
884,S3_multi_treatment,53283045.29142672,808000000,15.164298428903946,82.77015037026007,81.93455461660136,86.68248304818114
884,S4_seasonal_switch,26011605.804593824,101000000,3.882882154940343,,,
884,S5_fertilizer_policy,16251003.451725833,50000000,3.076733085961536,35.24318656665087,,
885,S1_deepen_wells,34513052.90649356,2525000000,73.16072579383224,,,
885,S2_po4_removal,41803490.63622215,151500000,3.624099272435574,85.69086725999557,15.116592009041064,
885,S3_multi_treatment,68066257.25924978,808000000,11.870786385719745,94.12862250290456,84.71572092495373,91.52105359562839
885,S4_seasonal_switch,26011605.804593824,101000000,3.882882154940343,,,
885,S5_fertilizer_policy,15064697.685694776,50000000,3.31901781523829,32.67047186866172,,
886,S1_deepen_wells,34513052.90649356,2525000000,73.16072579383224,,,
886,S2_po4_removal,29477665.03663522,151500000,5.139484413426703,61.14737123146985,8.46048816382004,
886,S3_multi_treatment,52347758.177802406,808000000,15.435235970479917,84.76448177950505,67.18781817403642,98.86122475124228
886,S4_seasonal_switch,26011605.804593824,101000000,3.882882154940343,,,
886,S5_fertilizer_policy,8458299.656859644,50000000,5.911353585049475,18.343324689386257,,
887,S1_deepen_wells,34513052.90649356,2525000000,73.16072579383224,,,
887,S2_po4_removal,23713969.583983757,151500000,6.3886393825149375,51.10007632972159,0.997778445125723,
887,S3_multi_treatment,54177340.91439272,808000000,14.913984081956803,90.43997710670693,61.99926342366042,98.8209482604519
887,S4_seasonal_switch,26011605.804593824,101000000,3.882882154940343,,,
887,S5_fertilizer_policy,6903828.301330984,50000000,7.24235856073659,14.972177537879528,,
888,S1_deepen_wells,34513052.90649356,2525000000,73.16072579383224,,,
888,S2_po4_removal,34922478.51532799,151500000,4.338180061690193,74.83792930794783,2.731728288544262,
888,S3_multi_treatment,54722943.37382911,808000000,14.765287650561952,91.01368784409067,65.02628179516677,93.12264689990614
888,S4_seasonal_switch,26011605.804593824,101000000,3.882882154940343,,,
888,S5_fertilizer_policy,5896945.191894151,50000000,8.478966375459827,12.788572729591644,,
889,S1_deepen_wells,34513052.90649356,2525000000,73.16072579383224,,,
889,S2_po4_removal,34741881.084773235,151500000,4.360731062037969,72.71390252690406,8.00357807980393,
889,S3_multi_treatment,39958768.698127314,808000000,20.220843292347677,57.04974273653546,75.80000798830933,69.52445286542743
889,S4_seasonal_switch,26011605.804593824,101000000,3.882882154940343,,,
889,S5_fertilizer_policy,4072695.4519059956,50000000,12.27688163537991,8.832363248647928,,
890,S1_deepen_wells,34513052.90649356,2525000000,73.16072579383224,,,
890,S2_po4_removal,39121911.26522747,151500000,3.872510189313194,80.57452458033303,12.98901301273179,
890,S3_multi_treatment,38447978.129591405,808000000,21.01540937410502,53.72622243431623,73.1792529961367,82.96190430875477
890,S4_seasonal_switch,26011605.804593824,101000000,3.882882154940343,,,
890,S5_fertilizer_policy,14858388.836251445,50000000,3.365102404509039,32.223054495766526,,
891,S1_deepen_wells,34513052.90649356,2525000000,73.16072579383224,,,
891,S2_po4_removal,29394722.903502695,151500000,5.153986329360742,58.64079341792306,15.54098185947465,
891,S3_multi_treatment,68048292.39287946,808000000,11.873920293766972,91.86774533496785,87.22451524690857,97.3263860458973
891,S4_seasonal_switch,26011605.804593824,101000000,3.882882154940343,,,
891,S5_fertilizer_policy,7595639.779177144,50000000,6.582723964486982,16.47249356790865,,
892,S1_deepen_wells,34513052.90649356,2525000000,73.16072579383224,,,
892,S2_po4_removal,31963208.567772396,151500000,4.739824529154222,64.3601573243345,15.087106973893691,
892,S3_multi_treatment,52818236.44127787,808000000,15.297746657980834,89.06455509723915,58.22194855124461,93.92732732795147
892,S4_seasonal_switch,26011605.804593824,101000000,3.882882154940343,,,
892,S5_fertilizer_policy,7711337.579985797,50000000,6.48395942745021,16.723404792643993,,
893,S1_deepen_wells,34513052.90649356,2525000000,73.16072579383224,,,
893,S2_po4_removal,31800337.050022952,151500000,4.764100448422469,68.91188450174654,0.16065661778307058,
893,S3_multi_treatment,52838594.7881692,808000000,15.291852541485733,84.61390155313586,74.70063796393215,80.31362358939064
893,S4_seasonal_switch,26011605.804593824,101000000,3.882882154940343,,,
893,S5_fertilizer_policy,14051955.960723564,50000000,3.558223505663862,30.474161612312518,,
894,S1_deepen_wells,34513052.90649356,2525000000,73.16072579383224,,,
894,S2_po4_removal,42064862.28538615,151500000,3.601580791401591,84.5087408782466,20.438921565441888,
894,S3_multi_treatment,55076394.43751678,808000000,14.670531872173697,93.30266346630994,59.50702333509887,97.43089442009226
894,S4_seasonal_switch,26011605.804593824,101000000,3.882882154940343,,,
894,S5_fertilizer_policy,5611686.073702626,50000000,8.909978096299618,12.169937680246786,,
895,S1_deepen_wells,34513052.90649356,2525000000,73.16072579383224,,,
895,S2_po4_removal,28628380.02917949,151500000,5.291951547575642,59.683347976446754,7.310781818165632,
895,S3_multi_treatment,43375201.5493393,808000000,18.628155516024513,70.28214022686221,52.24543394601695,97.88390573270611
895,S4_seasonal_switch,26011605.804593824,101000000,3.882882154940343,,,
895,S5_fertilizer_policy,4487837.124147445,50000000,11.141224295099281,9.732671678823218,,
896,S1_deepen_wells,34513052.90649356,2525000000,73.16072579383224,,,
896,S2_po4_removal,40874980.131126344,151500000,3.706423819999183,83.2291747405289,16.480080883122,
896,S3_multi_treatment,56969085.09725781,808000000,14.183131054686585,93.60918078578163,74.72600922543629,79.63435928852317
896,S4_seasonal_switch,26011605.804593824,101000000,3.882882154940343,,,
896,S5_fertilizer_policy,5531046.729365528,50000000,9.039880233616387,11.995056943464707,,
897,S1_deepen_wells,34513052.90649356,2525000000,73.16072579383224,,,
897,S2_po4_removal,22058971.96951291,151500000,6.867953783584472,44.80512124768445,9.231915501061346,
897,S3_multi_treatment,53117552.16333671,808000000,15.211544340661565,82.43383501679796,82.61160983824988,83.0568913729018
897,S4_seasonal_switch,26011605.804593824,101000000,3.882882154940343,,,
897,S5_fertilizer_policy,3623531.7057964355,50000000,13.798692562843254,7.858271910218377,,
898,S1_deepen_wells,34513052.90649356,2525000000,73.16072579383224,,,
898,S2_po4_removal,34599188.6165863,151500000,4.378715399336658,71.68731971596748,10.185904829489111,
898,S3_multi_treatment,53980119.21742676,808000000,14.968473795796063,89.81572559772054,65.75627442664425,83.46414502544319
898,S4_seasonal_switch,26011605.804593824,101000000,3.882882154940343,,,
898,S5_fertilizer_policy,21527411.885475405,50000000,2.32262012108084,46.686015151659674,,
899,S1_deepen_wells,34513052.90649356,2525000000,73.16072579383224,,,
899,S2_po4_removal,34599736.43275903,151500000,4.378646071319775,72.77856250127851,6.868710695802922,
899,S3_multi_treatment,55636298.26206112,808000000,14.52289288180379,88.94463257817226,76.72041279991166,96.18573287004826
899,S4_seasonal_switch,26011605.804593824,101000000,3.882882154940343,,,
899,S5_fertilizer_policy,14694607.792295106,50000000,3.402608678417177,31.86786622044677,,
900,S1_deepen_wells,34513052.90649356,2525000000,73.16072579383224,,,
900,S2_po4_removal,35035669.80010341,151500000,4.324164511892758,74.4644533181928,4.615286816669857,
900,S3_multi_treatment,56800145.77621224,808000000,14.225315603650941,90.13416482190983,80.10850527829824,99.45706663770221
900,S4_seasonal_switch,26011605.804593824,101000000,3.882882154940343,,,
900,S5_fertilizer_policy,8267994.2966555655,50000000,6.047415879353617,17.930613724538496,,
901,S1_deepen_wells,34513052.90649356,2525000000,73.16072579383224,,,
901,S2_po4_removal,14666341.597876452,151500000,10.329774401404627,28.76367689455128,9.259951177454735,
901,S3_multi_treatment,56601404.00373705,808000000,14.275264266353759,88.27194486454715,89.92117585126402,72.92687997700727
901,S4_seasonal_switch,26011605.804593824,101000000,3.882882154940343,,,
901,S5_fertilizer_policy,6830011.001522861,50000000,7.32063242487482,14.812091616003261,,
902,S1_deepen_wells,34513052.90649356,2525000000,73.16072579383224,,,
902,S2_po4_removal,38766257.94112067,151500000,3.9080377639261092,83.67649417644746,1.202101831139656,
902,S3_multi_treatment,54388607.05832927,808000000,14.85605246579412,90.17943601330559,67.82816578524485,81.11676215176902
902,S4_seasonal_switch,26011605.804593824,101000000,3.882882154940343,,,
902,S5_fertilizer_policy,10758956.696231022,50000000,4.647290756130242,23.332707991488274,,
903,S1_deepen_wells,34513052.90649356,2525000000,73.16072579383224,,,
903,S2_po4_removal,22036219.290581174,151500000,6.87504503391627,47.65218137063204,0.41774153041541623,
903,S3_multi_treatment,48716586.767045066,808000000,16.585726825726255,84.53146366248467,44.4686674301929,96.25541387898868
903,S4_seasonal_switch,26011605.804593824,101000000,3.882882154940343,,,
903,S5_fertilizer_policy,13935667.073140003,50000000,3.5879157945995575,30.221968510950482,,
904,S1_deepen_wells,34513052.90649356,2525000000,73.16072579383224,,,
904,S2_po4_removal,33228332.35206613,151500000,4.559362124912049,69.80352794424266,6.87145347294234,
904,S3_multi_treatment,54964610.635498606,808000000,14.700367939624,86.27490436987523,84.41444347145456,76.7277146094366
904,S4_seasonal_switch,26011605.804593824,101000000,3.882882154940343,,,
904,S5_fertilizer_policy,10497604.924727574,50000000,4.7629912116641755,22.765920268503557,,
905,S1_deepen_wells,34513052.90649356,2525000000,73.16072579383224,,,
905,S2_po4_removal,37461083.067731306,151500000,4.044197006426143,76.71097263270885,13.785559435695674,
905,S3_multi_treatment,57889379.7790855,808000000,13.95765515338821,89.53614501977022,89.79897367901941,96.14108718198038
905,S4_seasonal_switch,26011605.804593824,101000000,3.882882154940343,,,
905,S5_fertilizer_policy,6608980.871468462,50000000,7.565462962051273,14.332748532143933,,
906,S1_deepen_wells,34513052.90649356,2525000000,73.16072579383224,,,
906,S2_po4_removal,30618643.30111874,151500000,4.947965803385695,60.186962055414504,18.91315137087127,
906,S3_multi_treatment,54744975.57309665,808000000,14.75934533793227,91.10388631382301,63.836122142690535,98.28099367558161
906,S4_seasonal_switch,26011605.804593824,101000000,3.882882154940343,,,
906,S5_fertilizer_policy,12588636.528029032,50000000,3.971836019625579,27.300693590706647,,
907,S1_deepen_wells,34513052.90649356,2525000000,73.16072579383224,,,
907,S2_po4_removal,32215577.076165453,151500000,4.702693968256946,68.63684408496485,3.738062115499432,
907,S3_multi_treatment,43365091.302021295,808000000,18.632498531424474,73.4736085351886,44.49494791586951,88.02329135975792
907,S4_seasonal_switch,26011605.804593824,101000000,3.882882154940343,,,
907,S5_fertilizer_policy,4320399.49993398,50000000,11.57300383928941,9.369553459941452,,
908,S1_deepen_wells,34513052.90649356,2525000000,73.16072579383224,,,
908,S2_po4_removal,16653731.47459624,151500000,9.097060333361297,33.019116325884056,9.426010716420265,
908,S3_multi_treatment,54865818.11761107,808000000,14.726837723771125,92.98458792933634,60.67749354719404,89.69033505145411
908,S4_seasonal_switch,26011605.804593824,101000000,3.882882154940343,,,
908,S5_fertilizer_policy,4008555.9961684793,50000000,12.473319581363409,8.693265450068536,,
909,S1_deepen_wells,34513052.90649356,2525000000,73.16072579383224,,,
909,S2_po4_removal,22277621.936340652,151500000,6.800546325497324,35.462465520737766,39.10596922316182,
909,S3_multi_treatment,56363198.80146361,808000000,14.33559516105779,92.9305738372611,74.1257562643774,73.15283669687855
909,S4_seasonal_switch,26011605.804593824,101000000,3.882882154940343,,,
909,S5_fertilizer_policy,6410757.822147384,50000000,7.799389929730915,13.902866652555085,,
910,S1_deepen_wells,34513052.90649356,2525000000,73.16072579383224,,,
910,S2_po4_removal,39987650.45716727,151500000,3.788669708471096,84.99211571258292,5.259176485086541,
910,S3_multi_treatment,53501515.64769106,808000000,15.102375890072011,85.31603576865106,83.81755047296174,46.873819525234524
910,S4_seasonal_switch,26011605.804593824,101000000,3.882882154940343,,,
910,S5_fertilizer_policy,8251400.268171288,50000000,6.059577571684232,17.894626627280044,,
911,S1_deepen_wells,34513052.90649356,2525000000,73.16072579383224,,,
911,S2_po4_removal,37886847.376539305,151500000,3.9987491831746715,79.70352334182667,7.488668956579406,
911,S3_multi_treatment,36098018.96984857,808000000,22.38349978914063,53.83750540544454,55.56068848953891,91.57210493202541
911,S4_seasonal_switch,26011605.804593824,101000000,3.882882154940343,,,
911,S5_fertilizer_policy,13254376.119328313,50000000,3.7723390033490185,28.744468105348993,,
912,S1_deepen_wells,34513052.90649356,2525000000,73.16072579383224,,,
912,S2_po4_removal,26738047.294968,151500000,5.66608317835206,56.24164248699988,5.308950538053206,
912,S3_multi_treatment,68084148.60601825,808000000,11.867666946614024,96.38024723412434,72.64142302175786,89.93204821943638
912,S4_seasonal_switch,26011605.804593824,101000000,3.882882154940343,,,
912,S5_fertilizer_policy,9491657.11926651,50000000,5.267784052007967,20.584343832962738,,
913,S1_deepen_wells,34513052.90649356,2525000000,73.16072579383224,,,
913,S2_po4_removal,35199447.8326261,151500000,4.304044788440568,72.8374324465351,10.647415843307188,
913,S3_multi_treatment,57387298.78713468,808000000,14.07977056033069,96.51287764918484,65.30647916117348,95.88710440175605
913,S4_seasonal_switch,26011605.804593824,101000000,3.882882154940343,,,
913,S5_fertilizer_policy,2187614.9458147883,50000000,22.85594185377868,4.744231450098992,,
914,S1_deepen_wells,34513052.90649356,2525000000,73.16072579383224,,,
914,S2_po4_removal,29906000.62437655,151500000,5.065872963184234,58.68936639976074,18.767395314100696,
914,S3_multi_treatment,48248823.015591756,808000000,16.746522495251174,85.22006581331993,39.28078502510905,96.28124384182495
914,S4_seasonal_switch,26011605.804593824,101000000,3.882882154940343,,,
914,S5_fertilizer_policy,16041210.552742623,50000000,3.116971741976875,34.7882134136891,,
915,S1_deepen_wells,34513052.90649356,2525000000,73.16072579383224,,,
915,S2_po4_removal,27765286.604284026,151500000,5.456453670340446,56.60032780130153,10.99678705482,
915,S3_multi_treatment,55518709.05431513,808000000,14.553652521162128,93.1505324280503,63.66932062117843,93.63780698034336
915,S4_seasonal_switch,26011605.804593824,101000000,3.882882154940343,,,
915,S5_fertilizer_policy,15099346.074787565,50000000,3.311401682718466,32.7456130526913,,
916,S1_deepen_wells,34513052.90649356,2525000000,73.16072579383224,,,
916,S2_po4_removal,34389281.867612675,151500000,4.405442387056081,74.07466138608656,1.5355786903973472,
916,S3_multi_treatment,40373336.900242075,808000000,20.013208271500474,60.17997655091616,66.69531344891118,80.77829339340127
916,S4_seasonal_switch,26011605.804593824,101000000,3.882882154940343,,,
916,S5_fertilizer_policy,6479458.5837979615,50000000,7.716694127041135,14.051856452927392,,
917,S1_deepen_wells,34513052.90649356,2525000000,73.16072579383224,,,
917,S2_po4_removal,34966632.59363806,151500000,4.332702029407441,71.91097664030505,11.930267477749132,
917,S3_multi_treatment,50647321.98742041,808000000,15.95345949783264,79.07950920948407,75.47686070942426,88.11237894344518
917,S4_seasonal_switch,26011605.804593824,101000000,3.882882154940343,,,
917,S5_fertilizer_policy,11062248.306818508,50000000,4.519876847203039,23.990449702502424,,
918,S1_deepen_wells,34513052.90649356,2525000000,73.16072579383224,,,
918,S2_po4_removal,29371928.63948483,151500000,5.157986111825759,59.65363919560554,12.308312775165325,
918,S3_multi_treatment,55769824.8414474,808000000,14.488121529826019,93.810964217161,64.11960838210564,89.73498621071293
918,S4_seasonal_switch,26011605.804593824,101000000,3.882882154940343,,,
918,S5_fertilizer_policy,13618476.910738379,50000000,3.6714825253750827,29.534085322454885,,
919,S1_deepen_wells,34513052.90649356,2525000000,73.16072579383224,,,
919,S2_po4_removal,28265758.749900885,151500000,5.359841967820207,58.563738242157534,8.324760925240772,
919,S3_multi_treatment,45712572.05574186,808000000,17.67566259484865,73.56146816470664,60.150292836164155,85.93150488973252
919,S4_seasonal_switch,26011605.804593824,101000000,3.882882154940343,,,
919,S5_fertilizer_policy,15729173.90272563,50000000,3.178806484639079,34.11150653187412,,
920,S1_deepen_wells,34513052.90649356,2525000000,73.16072579383224,,,
920,S2_po4_removal,38539598.11726011,151500000,3.9310217906021734,78.97663720217402,14.008581820634195,
920,S3_multi_treatment,51690714.080626205,808000000,15.631434279273,79.22097840096079,86.56502754584078,65.59079880155053
920,S4_seasonal_switch,26011605.804593824,101000000,3.882882154940343,,,
920,S5_fertilizer_policy,13609644.890935682,50000000,3.6738651449532735,29.51493151927026,,
921,S1_deepen_wells,34513052.90649356,2525000000,73.16072579383224,,,
921,S2_po4_removal,37439238.1172654,151500000,4.0465567041048995,75.07234519327592,18.627971627996583,
921,S3_multi_treatment,55053428.700891696,808000000,14.676651737531342,88.3726319142515,75.57549236046538,91.5133926761568
921,S4_seasonal_switch,26011605.804593824,101000000,3.882882154940343,,,
921,S5_fertilizer_policy,8461018.099355318,50000000,5.909454324865434,18.349220114633656,,
922,S1_deepen_wells,34513052.90649356,2525000000,73.16072579383224,,,
922,S2_po4_removal,21795956.254713736,151500000,6.950830614152825,46.63411043656043,1.9302387643702716,
922,S3_multi_treatment,43460381.37942011,808000000,18.591645410240556,68.00522932674163,63.33908927900794,80.3704461633988
922,S4_seasonal_switch,26011605.804593824,101000000,3.882882154940343,,,
922,S5_fertilizer_policy,8224716.300677441,50000000,6.079237042605552,17.836757705676725,,
923,S1_deepen_wells,34513052.90649356,2525000000,73.16072579383224,,,
923,S2_po4_removal,28330682.884651214,151500000,5.34755906226597,58.22585506294722,9.781461540426635,
923,S3_multi_treatment,52581199.63727776,808000000,15.366709119872638,90.34400380098471,53.73070367888001,89.22802584200328
923,S4_seasonal_switch,26011605.804593824,101000000,3.882882154940343,,,
923,S5_fertilizer_policy,6017190.904072009,50000000,8.309525291305539,13.049346907673176,,
924,S1_deepen_wells,34513052.90649356,2525000000,73.16072579383224,,,
924,S2_po4_removal,20223229.583923213,151500000,7.491385061485798,42.02940201648404,5.563666212790314,
924,S3_multi_treatment,68083858.77461958,808000000,11.867717466995389,96.34377197300581,81.28046657212539,87.91427494906607
924,S4_seasonal_switch,26011605.804593824,101000000,3.882882154940343,,,
924,S5_fertilizer_policy,11505337.348525345,50000000,4.3458091219210155,24.951366965790204,,
925,S1_deepen_wells,34513052.90649356,2525000000,73.16072579383224,,,
925,S2_po4_removal,29345904.556952037,151500000,5.16256023752758,60.42580082793323,9.786764820756853,
925,S3_multi_treatment,56401856.419121645,808000000,14.325769598712494,94.8643890455078,64.42711855005531,92.93342186449895
925,S4_seasonal_switch,26011605.804593824,101000000,3.882882154940343,,,
925,S5_fertilizer_policy,4631394.963759109,50000000,10.795883398253103,10.044002344622937,,
926,S1_deepen_wells,34513052.90649356,2525000000,73.16072579383224,,,
926,S2_po4_removal,35049741.394516006,151500000,4.32242846800873,72.14303901390328,11.772552916601422,
926,S3_multi_treatment,44847658.342937,808000000,18.016548240299617,77.36013466962474,41.97594342226514,90.33777905996784
926,S4_seasonal_switch,26011605.804593824,101000000,3.882882154940343,,,
926,S5_fertilizer_policy,10891762.534527265,50000000,4.590625240083804,23.62072103327487,,
927,S1_deepen_wells,34513052.90649356,2525000000,73.16072579383224,,,
927,S2_po4_removal,25459283.84849769,151500000,5.950677988491014,54.021149519811416,3.6269052709855294,
927,S3_multi_treatment,44463074.14749071,808000000,18.172382712894354,59.31110663350934,94.00772654239418,92.06803948764339
927,S4_seasonal_switch,26011605.804593824,101000000,3.882882154940343,,,
927,S5_fertilizer_policy,6408656.615632027,50000000,7.801947116036729,13.898309813129414,,
928,S1_deepen_wells,34513052.90649356,2525000000,73.16072579383224,,,
928,S2_po4_removal,39126870.93094749,151500000,3.8720193155075613,80.07328915734224,14.547076648989343,
928,S3_multi_treatment,45728441.2570927,808000000,17.669528586318812,77.46128770872267,47.29449511478187,91.2441400898417
928,S4_seasonal_switch,26011605.804593824,101000000,3.882882154940343,,,
928,S5_fertilizer_policy,6094729.838715635,50000000,8.203809081476313,13.217503855515943,,
929,S1_deepen_wells,34513052.90649356,2525000000,73.16072579383224,,,
929,S2_po4_removal,30118335.900061294,151500000,5.030158389318305,63.328013016717435,6.052651010719786,
929,S3_multi_treatment,51209899.96945306,808000000,15.778199146687959,78.2085898964573,81.12424557098659,91.59188651938543
929,S4_seasonal_switch,26011605.804593824,101000000,3.882882154940343,,,
929,S5_fertilizer_policy,5260896.003874473,50000000,9.504084468344685,11.409187126386685,,
930,S1_deepen_wells,34513052.90649356,2525000000,73.16072579383224,,,
930,S2_po4_removal,17038273.85930288,151500000,8.891745798373886,33.69107242303954,9.918976832265228,
930,S3_multi_treatment,47943604.82834366,808000000,16.853134070601225,80.62342755425395,50.95965804054139,97.71557811611365
930,S4_seasonal_switch,26011605.804593824,101000000,3.882882154940343,,,
930,S5_fertilizer_policy,9292383.273041219,50000000,5.380750936636297,20.152183113704165,,
931,S1_deepen_wells,34513052.90649356,2525000000,73.16072579383224,,,
931,S2_po4_removal,29070027.51855977,151500000,5.211553374116168,59.01126063589099,12.270737160014592,
931,S3_multi_treatment,45821660.984491065,808000000,17.633581643264264,72.66769396442481,60.70529815279193,99.95586033954713
931,S4_seasonal_switch,26011605.804593824,101000000,3.882882154940343,,,
931,S5_fertilizer_policy,10192158.528898299,50000000,4.905732172260929,22.103505523081857,,
932,S1_deepen_wells,34513052.90649356,2525000000,73.16072579383224,,,
932,S2_po4_removal,34370257.917249076,151500000,4.407880801033155,73.74261345336082,2.4204980885161778,
932,S3_multi_treatment,45813673.79498881,808000000,17.636655894825456,71.7710845332564,63.761962494112666,98.10431475934678
932,S4_seasonal_switch,26011605.804593824,101000000,3.882882154940343,,,
932,S5_fertilizer_policy,9050432.80843366,50000000,5.524597669341009,19.627470569682977,,
933,S1_deepen_wells,34513052.90649356,2525000000,73.16072579383224,,,
933,S2_po4_removal,24348118.622141585,151500000,6.222246669285963,49.506206306899195,10.033284779107369,
933,S3_multi_treatment,54719653.24462395,808000000,14.766175443178337,87.9726577432608,73.14424722131996,98.54126854232588
933,S4_seasonal_switch,26011605.804593824,101000000,3.882882154940343,,,
933,S5_fertilizer_policy,7186816.345722921,50000000,6.957183486364783,15.58588736043073,,
934,S1_deepen_wells,34513052.90649356,2525000000,73.16072579383224,,,
934,S2_po4_removal,25690656.374982826,151500000,5.897085609207261,50.90229043546671,14.645010148590734,
934,S3_multi_treatment,44547597.951698005,808000000,18.13790276360348,63.742069045623964,81.85293469016716,88.31772022368918
934,S4_seasonal_switch,26011605.804593824,101000000,3.882882154940343,,,
934,S5_fertilizer_policy,6729818.657944612,50000000,7.429620698764973,14.594806728472017,,
935,S1_deepen_wells,34513052.90649356,2525000000,73.16072579383224,,,
935,S2_po4_removal,30325408.53759639,151500000,4.995810685029207,63.94483857253994,5.542158122701515,
935,S3_multi_treatment,54190859.51313469,808000000,14.910263599051392,89.93008269627516,68.45362760969547,75.42063524675073
935,S4_seasonal_switch,26011605.804593824,101000000,3.882882154940343,,,
935,S5_fertilizer_policy,11064718.429057151,50000000,4.518867815804022,23.995806601179982,,
936,S1_deepen_wells,34513052.90649356,2525000000,73.16072579383224,,,
936,S2_po4_removal,37957763.766934246,151500000,3.991278330573695,81.00018756991912,4.010752074184605,
936,S3_multi_treatment,57358945.85251478,808000000,14.086730290992175,92.26406591291023,77.53475655394755,98.38759347437754
936,S4_seasonal_switch,26011605.804593824,101000000,3.882882154940343,,,
936,S5_fertilizer_policy,7726032.384507373,50000000,6.471627028157752,16.755273085506754,,
937,S1_deepen_wells,34513052.90649356,2525000000,73.16072579383224,,,
937,S2_po4_removal,36218316.562448636,151500000,4.182966365617228,77.271208498513,3.8789198477245663,
937,S3_multi_treatment,44644129.99983077,808000000,18.098683970391246,66.50091253374518,72.91603872906863,94.04647295192375
937,S4_seasonal_switch,26011605.804593824,101000000,3.882882154940343,,,
937,S5_fertilizer_policy,14403272.575108677,50000000,3.47143329679177,31.236054071539325,,
938,S1_deepen_wells,34513052.90649356,2525000000,73.16072579383224,,,
938,S2_po4_removal,17386111.240681104,151500000,8.713851988103634,34.14542754087757,10.83189586355469,
938,S3_multi_treatment,53525530.2673073,808000000,15.095600098959057,90.06572320372513,58.80643671641052,98.96701653620948
938,S4_seasonal_switch,26011605.804593824,101000000,3.882882154940343,,,
938,S5_fertilizer_policy,9904272.857545651,50000000,5.048326183976958,21.479174326827668,,
939,S1_deepen_wells,34513052.90649356,2525000000,73.16072579383224,,,
939,S2_po4_removal,26104935.663457103,151500000,5.803500225134694,53.224311124166114,10.312842894388249,
939,S3_multi_treatment,51132515.66653949,808000000,15.802077982420599,88.13323025306646,50.185374802601736,92.69081474216759
939,S4_seasonal_switch,26011605.804593824,101000000,3.882882154940343,,,
939,S5_fertilizer_policy,5395738.5637024045,50000000,9.266572019696113,11.701617160461659,,
940,S1_deepen_wells,34513052.90649356,2525000000,73.16072579383224,,,
940,S2_po4_removal,29460005.918095566,151500000,5.142565158377731,62.0599496826778,5.566836946689093,
940,S3_multi_treatment,53358271.70903365,808000000,15.142919253571028,95.35905101660474,42.95354575506079,92.35882819791816
940,S4_seasonal_switch,26011605.804593824,101000000,3.882882154940343,,,
940,S5_fertilizer_policy,8907319.031736366,50000000,5.613361306791899,19.317102933162346,,
941,S1_deepen_wells,34513052.90649356,2525000000,73.16072579383224,,,
941,S2_po4_removal,32872440.16639165,151500000,4.608723880343134,65.2697486804556,18.319653191261352,
941,S3_multi_treatment,55846824.740457535,808000000,14.468145749648224,92.84730036361417,65.94006899099779,97.61184318315763
941,S4_seasonal_switch,26011605.804593824,101000000,3.882882154940343,,,
941,S5_fertilizer_policy,9209639.216781192,50000000,5.42909432422644,19.972737935397706,,
942,S1_deepen_wells,34513052.90649356,2525000000,73.16072579383224,,,
942,S2_po4_removal,29444335.808059566,151500000,5.145302002653125,59.180201156880585,14.226911442430193,
942,S3_multi_treatment,37432875.532597646,808000000,21.585304054356442,62.02068822570529,39.08411106137759,93.43640361210295
942,S4_seasonal_switch,26011605.804593824,101000000,3.882882154940343,,,
942,S5_fertilizer_policy,11326507.248387843,50000000,4.41442352028837,24.563542139981735,,
943,S1_deepen_wells,34513052.90649356,2525000000,73.16072579383224,,,
943,S2_po4_removal,29448695.31757687,151500000,5.144540305307689,60.522379161961396,10.171240818608009,
943,S3_multi_treatment,46712934.559177786,808000000,17.29713638470719,68.00238232675005,84.1271398846773,83.70616739142716
943,S4_seasonal_switch,26011605.804593824,101000000,3.882882154940343,,,
943,S5_fertilizer_policy,8595600.0612581,50000000,5.816929550428818,18.641084995835342,,
944,S1_deepen_wells,34513052.90649356,2525000000,73.16072579383224,,,
944,S2_po4_removal,31845407.695732206,151500000,4.757357840964411,63.319609552413944,17.47620567706432,
944,S3_multi_treatment,50829496.58045238,808000000,15.89628177255516,75.76605940006694,89.53591384193062,74.62936665353666
944,S4_seasonal_switch,26011605.804593824,101000000,3.882882154940343,,,
944,S5_fertilizer_policy,9421969.844251059,50000000,5.3067459168857525,20.43321460319019,,
945,S1_deepen_wells,34513052.90649356,2525000000,73.16072579383224,,,
945,S2_po4_removal,37648965.85286251,151500000,4.024014911646803,78.00612088725556,11.084187209685894,
945,S3_multi_treatment,43385673.17407462,808000000,18.623659399223648,66.50233178865854,64.93494075252279,92.44933945088353
945,S4_seasonal_switch,26011605.804593824,101000000,3.882882154940343,,,
945,S5_fertilizer_policy,16847822.320639662,50000000,2.9677425989201462,36.53749425701031,,
946,S1_deepen_wells,34513052.90649356,2525000000,73.16072579383224,,,
946,S2_po4_removal,29917571.21963899,151500000,5.063913741117791,62.44450342107949,7.416331961741404,
946,S3_multi_treatment,48876942.6760529,808000000,16.531312225383463,71.51598949032194,87.03706223275815,87.00829067618226
946,S4_seasonal_switch,26011605.804593824,101000000,3.882882154940343,,,
946,S5_fertilizer_policy,17884186.5251462,50000000,2.7957659650718307,38.78503405471703,,
947,S1_deepen_wells,34513052.90649356,2525000000,73.16072579383224,,,
947,S2_po4_removal,30104144.99790132,151500000,5.032529573936136,64.50931807836814,2.3641147201267496,
947,S3_multi_treatment,57952178.48995832,808000000,13.942530221534405,92.19223773494342,84.81967695588682,83.06806958658012
947,S4_seasonal_switch,26011605.804593824,101000000,3.882882154940343,,,
947,S5_fertilizer_policy,10483659.573060133,50000000,4.769326936987255,22.735677297230264,,
948,S1_deepen_wells,34513052.90649356,2525000000,73.16072579383224,,,
948,S2_po4_removal,27720066.373013973,151500000,5.465354879073746,56.972474464486176,9.565855572612069,
948,S3_multi_treatment,68084008.13117139,808000000,11.867691432667982,96.36256848453625,84.21959746610214,87.91083857564801
948,S4_seasonal_switch,26011605.804593824,101000000,3.882882154940343,,,
948,S5_fertilizer_policy,9578620.202140078,50000000,5.219958506009966,20.77293871962487,,
949,S1_deepen_wells,34513052.90649356,2525000000,73.16072579383224,,,
949,S2_po4_removal,27496066.661956646,151500000,5.509878989696162,55.934395624908596,11.246571180596959,
949,S3_multi_treatment,48405194.705078855,808000000,16.69242330132021,72.12555074178123,79.4020296306239,99.97227192551708
949,S4_seasonal_switch,26011605.804593824,101000000,3.882882154940343,,,
949,S5_fertilizer_policy,4230604.384471722,50000000,11.818642315864647,9.174816807745731,,
950,S1_deepen_wells,34513052.90649356,2525000000,73.16072579383224,,,
950,S2_po4_removal,21784453.088808604,151500000,6.954500963709324,45.50132143457518,5.30156312184166,
950,S3_multi_treatment,52212682.954777576,808000000,15.475167225170646,86.34614876927934,61.36608309035647,99.43026230806595
950,S4_seasonal_switch,26011605.804593824,101000000,3.882882154940343,,,
950,S5_fertilizer_policy,9244772.547701254,50000000,5.408461889355263,20.04893080188757,,
951,S1_deepen_wells,34513052.90649356,2525000000,73.16072579383224,,,
951,S2_po4_removal,29202695.999785952,151500000,5.1878771741181176,60.76979541511336,7.794820493231837,
951,S3_multi_treatment,51405666.41054405,808000000,15.718111570561556,86.93710655330868,58.44254018783567,79.00831149466636
951,S4_seasonal_switch,26011605.804593824,101000000,3.882882154940343,,,
951,S5_fertilizer_policy,8870339.861989342,50000000,5.636762601876965,19.236907037423038,,
952,S1_deepen_wells,34513052.90649356,2525000000,73.16072579383224,,,
952,S2_po4_removal,39377710.87150854,151500000,3.847354166786184,82.67559549980754,8.283325447547012,
952,S3_multi_treatment,68068117.2331741,808000000,11.87046201428072,94.36270009033355,81.42930909219578,90.2011711184467
952,S4_seasonal_switch,26011605.804593824,101000000,3.882882154940343,,,
952,S5_fertilizer_policy,13712452.170139216,50000000,3.6463208315783224,29.737887359021464,,
953,S1_deepen_wells,34513052.90649356,2525000000,73.16072579383224,,,
953,S2_po4_removal,26099297.845636666,151500000,5.804753863343035,54.051405655353946,7.758667367008182,
953,S3_multi_treatment,68087859.79263589,808000000,11.867020089349175,96.8472998086787,91.5273894393936,98.97333760101658
953,S4_seasonal_switch,26011605.804593824,101000000,3.882882154940343,,,
953,S5_fertilizer_policy,8202822.983215816,50000000,6.095462513613589,17.789278159311785,,
954,S1_deepen_wells,34513052.90649356,2525000000,73.16072579383224,,,
954,S2_po4_removal,32496637.65518699,151500000,4.662020779119533,69.09294675102485,4.20496297091776,
954,S3_multi_treatment,57374730.941459954,808000000,14.082854712197447,97.9883687613044,64.1188192408985,79.4291491811044
954,S4_seasonal_switch,26011605.804593824,101000000,3.882882154940343,,,
954,S5_fertilizer_policy,7646519.618225664,50000000,6.538922607459712,16.582835533276814,,
955,S1_deepen_wells,34513052.90649356,2525000000,73.16072579383224,,,
955,S2_po4_removal,38753127.70900218,151500000,3.909361874933445,80.4481701422939,10.93970415092422,
955,S3_multi_treatment,68077008.57063484,808000000,11.868911648220283,95.48167428379729,81.91964052976407,84.8050873184219
955,S4_seasonal_switch,26011605.804593824,101000000,3.882882154940343,,,
955,S5_fertilizer_policy,10996116.649317615,50000000,4.54705980252609,23.84703146065728,,
956,S1_deepen_wells,34513052.90649356,2525000000,73.16072579383224,,,
956,S2_po4_removal,32105223.910887025,151500000,4.718858227574163,67.85656498085744,5.3842775286632305,
956,S3_multi_treatment,53475841.00172576,808000000,15.109626793413579,86.14456591037477,71.60330772332628,93.17145529676871
956,S4_seasonal_switch,26011605.804593824,101000000,3.882882154940343,,,
956,S5_fertilizer_policy,4522560.238533065,50000000,11.05568469248692,9.80797491791876,,
957,S1_deepen_wells,34513052.90649356,2525000000,73.16072579383224,,,
957,S2_po4_removal,23778561.509998083,151500000,6.371285325073149,51.311440783355586,0.7808466923934785,
957,S3_multi_treatment,68056567.11823554,808000000,11.872476591366286,92.90911893847075,81.16929816126749,97.5335450759209
957,S4_seasonal_switch,26011605.804593824,101000000,3.882882154940343,,,
957,S5_fertilizer_policy,5478663.949071057,50000000,9.126312631107412,11.881455583137566,,
958,S1_deepen_wells,34513052.90649356,2525000000,73.16072579383224,,,
958,S2_po4_removal,41443600.64001481,151500000,3.6555704055724116,85.43884870310927,13.508391153657495,
958,S3_multi_treatment,47622045.983640894,808000000,16.966931666009557,73.5454347161378,76.38256712708004,68.51923186416786
958,S4_seasonal_switch,26011605.804593824,101000000,3.882882154940343,,,
958,S5_fertilizer_policy,8333619.401958227,50000000,5.9997940376604,18.07293341799671,,
959,S1_deepen_wells,34513052.90649356,2525000000,73.16072579383224,,,
959,S2_po4_removal,29402365.980684385,151500000,5.152646562508831,61.879502823519395,5.735562329957321,
959,S3_multi_treatment,68108675.26910815,808000000,11.863393272699318,99.46692605725492,67.98477758464995,69.76280680540583
959,S4_seasonal_switch,26011605.804593824,101000000,3.882882154940343,,,
959,S5_fertilizer_policy,12617950.13381549,50000000,3.9626087811206707,27.36426534987474,,
960,S1_deepen_wells,34513052.90649356,2525000000,73.16072579383224,,,
960,S2_po4_removal,30320339.592127383,151500000,4.996645883192439,58.8246348965741,21.090224866087066,
960,S3_multi_treatment,56856767.372662485,808000000,14.211149126787983,90.06474989252425,83.82032793655267,84.25585076969422
960,S4_seasonal_switch,26011605.804593824,101000000,3.882882154940343,,,
960,S5_fertilizer_policy,17976722.211407192,50000000,2.781374680656317,38.985714121314565,,
961,S1_deepen_wells,34513052.90649356,2525000000,73.16072579383224,,,
961,S2_po4_removal,37565779.40138298,151500000,4.032925774845564,74.52776077439334,21.12034247986688,
961,S3_multi_treatment,40383753.975435376,808000000,20.00804582187902,61.09621953440271,60.94094721986056,95.53202345701195
961,S4_seasonal_switch,26011605.804593824,101000000,3.882882154940343,,,
961,S5_fertilizer_policy,6234751.424169838,50000000,8.019565913432954,13.521165526266296,,
962,S1_deepen_wells,34513052.90649356,2525000000,73.16072579383224,,,
962,S2_po4_removal,29050860.804393657,151500000,5.214991769782158,61.08364302206309,5.837685428274838,
962,S3_multi_treatment,49728223.57475526,808000000,16.248318196714845,87.82360097766527,41.37709674044463,95.03771633926839
962,S4_seasonal_switch,26011605.804593824,101000000,3.882882154940343,,,
962,S5_fertilizer_policy,11571626.395983703,50000000,4.320913784198397,25.095126535704825,,
963,S1_deepen_wells,34513052.90649356,2525000000,73.16072579383224,,,
963,S2_po4_removal,38506643.77918991,151500000,3.934385995018214,79.65493771450363,11.72692990990633,
963,S3_multi_treatment,56573195.19028112,808000000,14.282382271008952,92.02532885206924,74.06352270058014,93.58501632507952
963,S4_seasonal_switch,26011605.804593824,101000000,3.882882154940343,,,
963,S5_fertilizer_policy,5418025.404764786,50000000,9.22845432877232,11.749950132630191,,
964,S1_deepen_wells,34513052.90649356,2525000000,73.16072579383224,,,
964,S2_po4_removal,25461378.853598677,151500000,5.950188356691735,52.366245865488516,8.67684244998018,
964,S3_multi_treatment,68081576.60002404,808000000,11.868115286855954,96.056560460829,95.16924248314871,82.78821607704032
964,S4_seasonal_switch,26011605.804593824,101000000,3.882882154940343,,,
964,S5_fertilizer_policy,4333709.841042787,50000000,11.53745909023962,9.398419298063795,,
965,S1_deepen_wells,34513052.90649356,2525000000,73.16072579383224,,,
965,S2_po4_removal,31232598.833656438,151500000,4.850701051388099,63.22303652949686,13.72579844204993,
965,S3_multi_treatment,68106277.70094252,808000000,11.86381090371671,99.16519227240369,65.25714494938003,93.12756947854899
965,S4_seasonal_switch,26011605.804593824,101000000,3.882882154940343,,,
965,S5_fertilizer_policy,2559220.1801613495,50000000,19.53720136610039,5.5501233842262065,,
966,S1_deepen_wells,34513052.90649356,2525000000,73.16072579383224,,,
966,S2_po4_removal,29721526.285541482,151500000,5.097315613757683,61.444440100286876,9.165851176879997,
966,S3_multi_treatment,42767848.59422864,808000000,18.892696887003023,78.05692278170052,28.906043615164105,76.8403246667123
966,S4_seasonal_switch,26011605.804593824,101000000,3.882882154940343,,,
966,S5_fertilizer_policy,9083857.486860573,50000000,5.504269532224932,19.699957919847492,,
967,S1_deepen_wells,34513052.90649356,2525000000,73.16072579383224,,,
967,S2_po4_removal,32034997.085675187,151500000,4.729202865067371,64.37313425706171,15.521391740379839,
967,S3_multi_treatment,53212967.726034574,808000000,15.184268694803203,89.62949541073378,59.062851727778934,94.145946210664
967,S4_seasonal_switch,26011605.804593824,101000000,3.882882154940343,,,
967,S5_fertilizer_policy,5414175.537574537,50000000,9.235016421798395,11.741601012033055,,
968,S1_deepen_wells,34513052.90649356,2525000000,73.16072579383224,,,
968,S2_po4_removal,24097077.943778113,151500000,6.287069343157328,49.5506445426175,8.241284935534102,
968,S3_multi_treatment,53640162.054753505,808000000,15.063340024499354,82.79119383532813,82.36742322539712,95.7243539517988
968,S4_seasonal_switch,26011605.804593824,101000000,3.882882154940343,,,
968,S5_fertilizer_policy,11155981.087150194,50000000,4.481900749866953,24.193725880152208,,
969,S1_deepen_wells,34513052.90649356,2525000000,73.16072579383224,,,
969,S2_po4_removal,29568614.40292059,151500000,5.123676001031548,57.39002524985079,20.494864361917962,
969,S3_multi_treatment,44034325.77486618,808000000,18.34932148458575,67.88890107054195,65.39956334412688,90.48869575714724
969,S4_seasonal_switch,26011605.804593824,101000000,3.882882154940343,,,
969,S5_fertilizer_policy,13268395.351252198,50000000,3.768353193913631,28.77487129907682,,
970,S1_deepen_wells,34513052.90649356,2525000000,73.16072579383224,,,
970,S2_po4_removal,38799349.629054576,151500000,3.9047046264546266,82.53787278935988,4.8854831428680585,
970,S3_multi_treatment,36418953.530675985,808000000,22.18624978665065,45.016024273262694,83.61143281251809,96.00736652489329
970,S4_seasonal_switch,26011605.804593824,101000000,3.882882154940343,,,
970,S5_fertilizer_policy,7699361.695214301,50000000,6.494044828557482,16.6974329600395,,
971,S1_deepen_wells,34513052.90649356,2525000000,73.16072579383224,,,
971,S2_po4_removal,41731931.84194069,151500000,3.6303136067078046,87.88149561045189,7.9779339871030155,
971,S3_multi_treatment,56733133.378799394,808000000,14.242118350930738,91.4031198419956,76.81866127746468,94.52745920395816
971,S4_seasonal_switch,26011605.804593824,101000000,3.882882154940343,,,
971,S5_fertilizer_policy,10085289.198133469,50000000,4.957716037459167,21.871740403248737,,
972,S1_deepen_wells,34513052.90649356,2525000000,73.16072579383224,,,
972,S2_po4_removal,24904849.88228897,151500000,6.083152507084128,49.84983404995288,12.661779097611994,
972,S3_multi_treatment,56629400.59915017,808000000,14.268206822802314,87.21754744471177,88.19426944597518,97.81912634850751
972,S4_seasonal_switch,26011605.804593824,101000000,3.882882154940343,,,
972,S5_fertilizer_policy,13948375.844716504,50000000,3.5846467399958586,30.24952973872537,,
973,S1_deepen_wells,34513052.90649356,2525000000,73.16072579383224,,,
973,S2_po4_removal,33010276.047023334,151500000,4.5894799481284965,69.8669632803859,5.239326352433055,
973,S3_multi_treatment,47041739.95331449,808000000,17.17623541990329,73.0537973657003,70.36756141766615,86.41581241893192
973,S4_seasonal_switch,26011605.804593824,101000000,3.882882154940343,,,
973,S5_fertilizer_policy,7323760.741153747,50000000,6.827093588549325,15.882875598219362,,
974,S1_deepen_wells,34513052.90649356,2525000000,73.16072579383224,,,
974,S2_po4_removal,43382814.26136725,151500000,3.4921662547584424,87.39050625857777,20.367247902542836,
974,S3_multi_treatment,52246895.64256054,808000000,15.465033664924578,90.11062495564846,50.64375536499646,96.96198228480671
974,S4_seasonal_switch,26011605.804593824,101000000,3.882882154940343,,,
974,S5_fertilizer_policy,13520424.78984537,50000000,3.6981086598368513,29.321441887841527,,
975,S1_deepen_wells,34513052.90649356,2525000000,73.16072579383224,,,
975,S2_po4_removal,20119300.243829302,151500000,7.530082963321046,39.721919140242036,11.899778086139108,
975,S3_multi_treatment,39400811.284924135,808000000,20.50719194985621,58.69667559265278,64.39550814543075,82.70062456908582
975,S4_seasonal_switch,26011605.804593824,101000000,3.882882154940343,,,
975,S5_fertilizer_policy,6581565.3421679735,50000000,7.596976919707973,14.273293088864355,,
976,S1_deepen_wells,34513052.90649356,2525000000,73.16072579383224,,,
976,S2_po4_removal,26474745.264937684,151500000,5.7224346630689515,55.350427271295146,6.283359359605516,
976,S3_multi_treatment,57795190.89036899,808000000,13.980401959960398,97.66296332525411,67.16353684884648,82.93134808452662
976,S4_seasonal_switch,26011605.804593824,101000000,3.882882154940343,,,
976,S5_fertilizer_policy,4311695.90885067,50000000,11.596365109460619,9.350678177239093,,
977,S1_deepen_wells,34513052.90649356,2525000000,73.16072579383224,,,
977,S2_po4_removal,30821870.167369306,151500000,4.915340930881961,64.21687802739126,7.990750541254819,
977,S3_multi_treatment,53547439.0869541,808000000,15.089423766613987,87.97150636273527,66.23588226898208,94.53411513970119
977,S4_seasonal_switch,26011605.804593824,101000000,3.882882154940343,,,
977,S5_fertilizer_policy,7674452.851895556,50000000,6.515122441289117,16.643413710406744,,
978,S1_deepen_wells,34513052.90649356,2525000000,73.16072579383224,,,
978,S2_po4_removal,19947816.106569245,151500000,7.594816354363112,39.33551409492984,11.943937899926379,
978,S3_multi_treatment,53382222.54612689,808000000,15.136125126708947,93.03966850031303,50.15100963665798,92.45031170686305
978,S4_seasonal_switch,26011605.804593824,101000000,3.882882154940343,,,
978,S5_fertilizer_policy,5273400.527386509,50000000,9.481547957590838,11.436305405966838,,
979,S1_deepen_wells,34513052.90649356,2525000000,73.16072579383224,,,
979,S2_po4_removal,36472763.4593131,151500000,4.153784512901102,74.73134893440042,13.287327106120115,
979,S3_multi_treatment,47946908.091905504,808000000,16.851972987522178,75.04821882598942,71.36125410060734,81.12046038381794
979,S4_seasonal_switch,26011605.804593824,101000000,3.882882154940343,,,
979,S5_fertilizer_policy,8415022.484950535,50000000,5.941754771234447,18.24947045766444,,
980,S1_deepen_wells,34513052.90649356,2525000000,73.16072579383224,,,
980,S2_po4_removal,28078304.425621502,151500000,5.395624953113479,57.33865740701307,10.815735537856714,
980,S3_multi_treatment,52619180.40688658,808000000,15.355617357625212,84.9799741885357,69.47991786661208,93.23851462406078
980,S4_seasonal_switch,26011605.804593824,101000000,3.882882154940343,,,
980,S5_fertilizer_policy,5105521.224690288,50000000,9.793319388860851,11.072229328869332,,
981,S1_deepen_wells,34513052.90649356,2525000000,73.16072579383224,,,
981,S2_po4_removal,19449768.43017716,151500000,7.789295823437218,38.873717506595554,10.062336589987183,
981,S3_multi_treatment,44488555.95978564,808000000,18.161974075543657,58.30158898994577,95.91720409249504,98.53762981205367
981,S4_seasonal_switch,26011605.804593824,101000000,3.882882154940343,,,
981,S5_fertilizer_policy,4072599.2642296255,50000000,12.277171593866116,8.832154648592297,,
982,S1_deepen_wells,34513052.90649356,2525000000,73.16072579383224,,,
982,S2_po4_removal,29680457.409396663,151500000,5.104368774048474,61.467260037088465,8.82536868749109,
982,S3_multi_treatment,51319206.70626366,808000000,15.744592558196757,79.3817471901978,77.235565743956,96.64764226343159
982,S4_seasonal_switch,26011605.804593824,101000000,3.882882154940343,,,
982,S5_fertilizer_policy,2700969.1279170513,50000000,18.51187393561928,5.8575311468435,,
983,S1_deepen_wells,34513052.90649356,2525000000,73.16072579383224,,,
983,S2_po4_removal,16620524.030490942,151500000,9.115236061273873,35.52156566555583,1.5915399017530303,
983,S3_multi_treatment,68082083.79080907,808000000,11.868026873012342,96.12039038541705,93.53151707108276,96.86522532415384
983,S4_seasonal_switch,26011605.804593824,101000000,3.882882154940343,,,
983,S5_fertilizer_policy,4999924.415550761,50000000,10.000151171183717,10.84322389813378,,
984,S1_deepen_wells,34513052.90649356,2525000000,73.16072579383224,,,
984,S2_po4_removal,37762587.9038288,151500000,4.011907244965041,80.17365832118864,5.23791754934758,
984,S3_multi_treatment,47595634.792427026,808000000,16.976346749525053,70.02773645684142,82.73282678905497,88.84146713174772
984,S4_seasonal_switch,26011605.804593824,101000000,3.882882154940343,,,
984,S5_fertilizer_policy,10467297.264315546,50000000,4.776782271241772,22.70019272537229,,
985,S1_deepen_wells,34513052.90649356,2525000000,73.16072579383224,,,
985,S2_po4_removal,22527779.28935986,151500000,6.725030374900524,44.91560236490173,11.989645926496477,
985,S3_multi_treatment,56072866.99404345,808000000,14.409821421933586,96.34532232335901,58.167429141686064,90.9003582104923
985,S4_seasonal_switch,26011605.804593824,101000000,3.882882154940343,,,
985,S5_fertilizer_policy,6095840.298495114,50000000,8.20231461974874,13.219912084724625,,
986,S1_deepen_wells,34513052.90649356,2525000000,73.16072579383224,,,
986,S2_po4_removal,19773038.72939852,151500000,7.661948275797896,32.50296330725336,31.582916733861445,
986,S3_multi_treatment,56866476.505036175,808000000,14.20872277761824,90.71014819592864,82.49698531583529,81.45264756056837
986,S4_seasonal_switch,26011605.804593824,101000000,3.882882154940343,,,
986,S5_fertilizer_policy,10500408.88700714,50000000,4.761719332841253,22.772001158587578,,
987,S1_deepen_wells,34513052.90649356,2525000000,73.16072579383224,,,
987,S2_po4_removal,28628071.791884355,151500000,5.292008525804664,60.717621330484306,4.161304287186888,
987,S3_multi_treatment,56665593.31440502,808000000,14.25909361818325,91.59587792004261,75.20250840525614,97.36568180873077
987,S4_seasonal_switch,26011605.804593824,101000000,3.882882154940343,,,
987,S5_fertilizer_policy,16173603.71651651,50000000,3.0914569737441955,35.07533149749803,,
988,S1_deepen_wells,34513052.90649356,2525000000,73.16072579383224,,,
988,S2_po4_removal,21292635.67513124,151500000,7.1151360644818915,41.358573325160705,14.662746494606862,
988,S3_multi_treatment,53157526.6449451,808000000,15.200105253144523,95.9898445090495,39.16216675883093,95.01776831735876
988,S4_seasonal_switch,26011605.804593824,101000000,3.882882154940343,,,
988,S5_fertilizer_policy,8686525.984434076,50000000,5.75604103292825,18.83827400534818,,
989,S1_deepen_wells,34513052.90649356,2525000000,73.16072579383224,,,
989,S2_po4_removal,32479908.185738124,151500000,4.664422052354305,65.10820942866593,16.22068671876045,
989,S3_multi_treatment,49152420.288607314,808000000,16.43866151973152,72.96556987678727,82.14746174576484,98.17187910502652
989,S4_seasonal_switch,26011605.804593824,101000000,3.882882154940343,,,
989,S5_fertilizer_policy,2200752.0831298158,50000000,22.719505928578805,4.7727216650398985,,
990,S1_deepen_wells,34513052.90649356,2525000000,73.16072579383224,,,
990,S2_po4_removal,19761170.399028517,151500000,7.666549953308834,41.71233273007757,3.479148428389979,
990,S3_multi_treatment,45065719.57175808,808000000,17.929370876091813,66.63804806453699,74.61808655267419,97.2693625470751
990,S4_seasonal_switch,26011605.804593824,101000000,3.882882154940343,,,
990,S5_fertilizer_policy,5938431.287441529,50000000,8.419732009990408,12.878542694193595,,
991,S1_deepen_wells,34513052.90649356,2525000000,73.16072579383224,,,
991,S2_po4_removal,33355862.810878508,151500000,4.541930180579547,70.36044027498298,6.018338685200651,
991,S3_multi_treatment,40867721.06050708,808000000,19.77110489727842,64.7912181894014,55.07645291200565,84.90527251641107
991,S4_seasonal_switch,26011605.804593824,101000000,3.882882154940343,,,
991,S5_fertilizer_policy,13977436.406001769,50000000,3.5771938821721636,30.31255272596126,,
992,S1_deepen_wells,34513052.90649356,2525000000,73.16072579383224,,,
992,S2_po4_removal,29446342.791439332,151500000,5.1449513127329425,62.25449014526711,4.884651043965052,
992,S3_multi_treatment,53841975.41324004,808000000,15.006878811532394,92.54478536303469,54.30526319988939,94.32649257931541
992,S4_seasonal_switch,26011605.804593824,101000000,3.882882154940343,,,
992,S5_fertilizer_policy,7312638.979040079,50000000,6.837476886704373,15.858756082259209,,
993,S1_deepen_wells,34513052.90649356,2525000000,73.16072579383224,,,
993,S2_po4_removal,34484280.2785585,151500000,4.393306131843473,67.7440907822359,21.42737136554262,
993,S3_multi_treatment,48839992.748258196,808000000,16.54381900023554,77.43364945465353,67.30983387743562,94.17928241139953
993,S4_seasonal_switch,26011605.804593824,101000000,3.882882154940343,,,
993,S5_fertilizer_policy,5388802.627072372,50000000,9.278499039621348,11.68657535031171,,
994,S1_deepen_wells,34513052.90649356,2525000000,73.16072579383224,,,
994,S2_po4_removal,23795148.930899695,151500000,6.366843949577742,48.38985546063155,9.781123384047765,
994,S3_multi_treatment,38411583.409716085,808000000,21.035321334751824,65.7986287442383,32.72935968898468,99.83896392959572
994,S4_seasonal_switch,26011605.804593824,101000000,3.882882154940343,,,
994,S5_fertilizer_policy,21453328.420527704,50000000,2.330640682876849,46.525352003417105,,
995,S1_deepen_wells,34513052.90649356,2525000000,73.16072579383224,,,
995,S2_po4_removal,40637635.7802013,151500000,3.728071210132036,82.62974162423943,16.73786488742576,
995,S3_multi_treatment,53684546.53252724,808000000,15.0508861895748,89.32977666740989,62.00212295101326,99.42082629382648
995,S4_seasonal_switch,26011605.804593824,101000000,3.882882154940343,,,
995,S5_fertilizer_policy,11371093.149641044,50000000,4.397114625833345,24.6602345836684,,
996,S1_deepen_wells,34513052.90649356,2525000000,73.16072579383224,,,
996,S2_po4_removal,26663755.01567883,151500000,5.681870385882068,55.323635634580604,7.612278789355267,
996,S3_multi_treatment,50899779.45225339,808000000,15.874332044168199,77.38480961109306,81.76764441283278,90.70133354464791
996,S4_seasonal_switch,26011605.804593824,101000000,3.882882154940343,,,
996,S5_fertilizer_policy,10860769.064210743,50000000,4.603725546910294,23.553506189590976,,
997,S1_deepen_wells,34513052.90649356,2525000000,73.16072579383224,,,
997,S2_po4_removal,26237141.011910103,151500000,5.774257184928342,56.100707221422255,2.432056194068393,
997,S3_multi_treatment,68108310.9959479,808000000,11.86345672333692,99.42108230568334,79.38282653633995,99.00759656679988
997,S4_seasonal_switch,26011605.804593824,101000000,3.882882154940343,,,
997,S5_fertilizer_policy,5696159.066321194,50000000,8.777844757817128,12.353132364042342,,
998,S1_deepen_wells,34513052.90649356,2525000000,73.16072579383224,,,
998,S2_po4_removal,41610313.710356124,151500000,3.6409242442768255,87.91841628767038,7.062948101825397,
998,S3_multi_treatment,49270435.967607595,808000000,16.39928659310448,81.458713202711,60.07499568395941,83.61413570216564
998,S4_seasonal_switch,26011605.804593824,101000000,3.882882154940343,,,
998,S5_fertilizer_policy,16064227.8958297,50000000,3.1125056444810575,34.838130609208505,,
999,S1_deepen_wells,34513052.90649356,2525000000,73.16072579383224,,,
999,S2_po4_removal,19973905.863667287,151500000,7.584896065600262,40.472687120405354,8.655537981549845,
999,S3_multi_treatment,54511220.09486206,808000000,14.822636488302669,90.64721645854074,65.56657021008652,89.12484239707995
999,S4_seasonal_switch,26011605.804593824,101000000,3.882882154940343,,,
999,S5_fertilizer_policy,16579011.41629915,50000000,3.0158613649812693,35.954530080000275,,
