ID_norm,Depth_bin,As,B,Br,CO3,Ca,Cl,Depth,EC,Eh,Fe,HCO3,I,K,Mg,Mn,NO3,Na,PO4,SO4,Salinity,TDS,Temperature,pH,District,Upazila,Latitude,Longitude,Period,pair_key,CBE,CBE_flag
BABAPZ-1,Deep (>150m),1.25,0.0,0.305,9.75,41.5,195.0,175.0,987.0,-54.2,1.54,161.64999999999998,0.61,4.948,16.825,0.045,0.5599999999999999,228.0,2.3890000000000002,11.925,0.5,523.3,26.9,7.890000000000001,Bagerhat,Bagerhat Sadar,22.70538,89.6917,2012-2013,BABAPZ-1_Deep (>150m),21.235243161822524,FAIL
BABAPZ-1,Deep (>150m),5.222099999999999,0.2,0.24,12.0,68.5503,560.75,175.0,1344.0,-19.25,5.333695,423.95,0.46549999999999997,5.816,20.73525,0.1028,1.2,372.608,0.5599999999999999,43.8455,0.63,846.5,26.950000000000003,7.6,Bagerhat,Bagerhat Sadar,22.71,89.69,2020-2021,BABAPZ-1_Deep (>150m),-5.3210114216494,PASS
BABAPZ-1,Medium (50–150m),,,,,,,,,,,,,,,,,,,,,,,,,,,,2012-2013,BABAPZ-1_Medium (50–150m),,NO_DATA
BABAPZ-1,Medium (50–150m),,,,,,,,,,,,,,,,,,,,,,,,,,,,2020-2021,BABAPZ-1_Medium (50–150m),,NO_DATA
BABAPZ-1,Shallow (<50m),,,,,,,,,,,,,,,,,,,,,,,,,,,,2012-2013,BABAPZ-1_Shallow (<50m),,NO_DATA
BABAPZ-1,Shallow (<50m),,,,,,,,,,,,,,,,,,,,,,,,,,,,2020-2021,BABAPZ-1_Shallow (<50m),,NO_DATA
BABAPZ-2,Deep (>150m),0.0,0.45,0.265,4.5,11.675,270.5,240.0,1236.5,-56.900000000000006,0.72,314.15,0.6100000000000001,6.425,18.07,0.22,0.44999999999999996,369.4,0.479,7.035,0.6,614.5,26.9,7.904999999999999,Bagerhat,Bagerhat Sadar,22.70534,89.6918,2012-2013,BABAPZ-2_Deep (>150m),16.665131671288872,FAIL
BABAPZ-2,Deep (>150m),8.665825,0.1,0.7310000000000001,0.0,105.8545,362.95,240.0,1278.0,-68.8,3.479415,317.2,0.51779,6.79235,27.473750000000003,0.502575,1.6,243.32150000000001,0.675,42.809,0.6499999999999999,846.0,27.45,7.84,Bagerhat,Bagerhat Sadar,22.70538,89.6917,2020-2021,BABAPZ-2_Deep (>150m),5.942687818377223,PASS
BABAPZ-2,Medium (50–150m),,,,,,,,,,,,,,,,,,,,,,,,,,,,2012-2013,BABAPZ-2_Medium (50–150m),,NO_DATA
BABAPZ-2,Medium (50–150m),,,,,,,,,,,,,,,,,,,,,,,,,,,,2020-2021,BABAPZ-2_Medium (50–150m),,NO_DATA
BABAPZ-2,Shallow (<50m),,,,,,,,,,,,,,,,,,,,,,,,,,,,2012-2013,BABAPZ-2_Shallow (<50m),,NO_DATA
BABAPZ-2,Shallow (<50m),,,,,,,,,,,,,,,,,,,,,,,,,,,,2020-2021,BABAPZ-2_Shallow (<50m),,NO_DATA
BABAPZ-3,Deep (>150m),0.0,0.5,0.305,18.75,7.37,255.0,278.0,1204.0,-62.55,0.8300000000000001,289.75,0.645,5.399,19.295,0.185,8.625,262.49,0.3531,6.785,0.6499999999999999,682.5,28.0,8.085,Bagerhat,Bagerhat Sadar,22.70528,89.69202,2012-2013,BABAPZ-3_Deep (>150m),2.612786248145832,PASS
BABAPZ-3,Deep (>150m),3.5274349999999997,0.25,0.304,24.0,36.6434,390.85,278.0,3520.5,-13.95,3.40932,393.45,0.220055,7.448650000000001,24.296300000000002,0.8361200000000001,1.25,317.039,0.835,43.8905,1.85,2250.5,27.049999999999997,7.59,Bagerhat,Bagerhat Sadar,22.70534,89.6918,2020-2021,BABAPZ-3_Deep (>150m),-3.418953236341524,PASS
BABAPZ-3,Medium (50–150m),,,,,,,,,,,,,,,,,,,,,,,,,,,,2012-2013,BABAPZ-3_Medium (50–150m),,NO_DATA
BABAPZ-3,Medium (50–150m),,,,,,,,,,,,,,,,,,,,,,,,,,,,2020-2021,BABAPZ-3_Medium (50–150m),,NO_DATA
BABAPZ-3,Shallow (<50m),,,,,,,,,,,,,,,,,,,,,,,,,,,,2012-2013,BABAPZ-3_Shallow (<50m),,NO_DATA
BABAPZ-3,Shallow (<50m),,,,,,,,,,,,,,,,,,,,,,,,,,,,2020-2021,BABAPZ-3_Shallow (<50m),,NO_DATA
BHBHLW-1,Deep (>150m),,,,,,,,,,,,,,,,,,,,,,,,,,,,2012-2013,BHBHLW-1_Deep (>150m),,NO_DATA
BHBHLW-1,Deep (>150m),,,,,,,,,,,,,,,,,,,,,,,,,,,,2020-2021,BHBHLW-1_Deep (>150m),,NO_DATA
BHBHLW-1,Medium (50–150m),7.5,,0.12,18.0,24.96,575.0,98.0,2390.0,-23.3,2.28,225.7,0.2,2.59,59.85,0.1,2.8,405.2,0.43,0.0,1.33,1338.4,28.3,7.4,Bhola,Bhola Sadar,22.7056,90.566,2012-2013,BHBHLW-1_Medium (50–150m),7.570859713816001,PASS
BHBHLW-1,Medium (50–150m),4.47147,0.2,0.20500000000000002,3.0,92.09525,1051.9,98.0,2268.0,47.550000000000004,7.374015,220.25,0.331375,11.174,42.40845,0.179065,1.75,587.1065,1.405,20.7855,7.235,1409.0,28.6,7.949999999999999,Bhola,Bhola Sadar,22.635745,90.56574499999999,2020-2021,BHBHLW-1_Medium (50–150m),0.43208312552610745,PASS
BHBHLW-1,Shallow (<50m),,,,,,,,,,,,,,,,,,,,,,,,,,,,2012-2013,BHBHLW-1_Shallow (<50m),,NO_DATA
BHBHLW-1,Shallow (<50m),,,,,,,,,,,,,,,,,,,,,,,,,,,,2020-2021,BHBHLW-1_Shallow (<50m),,NO_DATA
BHBHLW-2,Deep (>150m),,,,,,,,,,,,,,,,,,,,,,,,,,,,2012-2013,BHBHLW-2_Deep (>150m),,NO_DATA
BHBHLW-2,Deep (>150m),,,,,,,,,,,,,,,,,,,,,,,,,,,,2020-2021,BHBHLW-2_Deep (>150m),,NO_DATA
BHBHLW-2,Medium (50–150m),7.5,,0.86,12.0,60.31,1970.0,98.0,5690.0,-4.1,3.3,225.7,1.28,13.32,96.21,0.1,11.8,1302.1,0.44,0.0,3.3,3243.3,27.8,7.1,Bhola,Bhola Sadar,22.7203,90.572,2012-2013,BHBHLW-2_Medium (50–150m),6.3778629775490785,PASS
BHBHLW-2,Medium (50–150m),2.586725,0.4,0.36,18.0,53.60235,80.25,98.0,1462.5,30.049999999999997,0.998895,171.3,0.17081000000000002,9.02195,9.91967,0.12412999999999999,2.75,25.902699999999996,0.46499999999999997,2.0275,1.1800000000000002,941.0,26.35,7.994999999999999,Bhola,Bhola Sadar,22.720155,90.572015,2020-2021,BHBHLW-2_Medium (50–150m),-8.284666505835187,PASS
BHBHLW-2,Shallow (<50m),,,,,,,,,,,,,,,,,,,,,,,,,,,,2012-2013,BHBHLW-2_Shallow (<50m),,NO_DATA
BHBHLW-2,Shallow (<50m),,,,,,,,,,,,,,,,,,,,,,,,,,,,2020-2021,BHBHLW-2_Shallow (<50m),,NO_DATA
BHBHLW-3,Deep (>150m),,,,,,,,,,,,,,,,,,,,,,,,,,,,2012-2013,BHBHLW-3_Deep (>150m),,NO_DATA
BHBHLW-3,Deep (>150m),,,,,,,,,,,,,,,,,,,,,,,,,,,,2020-2021,BHBHLW-3_Deep (>150m),,NO_DATA
BHBHLW-3,Medium (50–150m),0.0,,0.77,48.0,64.22,1580.0,98.0,3970.0,-38.5,1.1,237.9,1.22,16.27,92.84,0.0,10.2,970.3,2.63,0.0,2.3,2262.9,28.5,7.5,Bhola,Bhola Sadar,22.7261,90.569,2012-2013,BHBHLW-3_Medium (50–150m),3.0754594530523005,PASS
BHBHLW-3,Medium (50–150m),4.969825,0.3,0.265,18.0,69.44839999999999,137.35,98.0,1209.5,30.95,3.01861,222.65,0.140685,13.517,13.546600000000002,0.43177,0.75,54.5287,0.675,1.6005,0.58,773.0,26.65,8.05,Bhola,Bhola Sadar,22.726619999999997,90.573295,2020-2021,BHBHLW-3_Medium (50–150m),-4.919486660528974,PASS
BHBHLW-3,Shallow (<50m),,,,,,,,,,,,,,,,,,,,,,,,,,,,2012-2013,BHBHLW-3_Shallow (<50m),,NO_DATA
BHBHLW-3,Shallow (<50m),,,,,,,,,,,,,,,,,,,,,,,,,,,,2020-2021,BHBHLW-3_Shallow (<50m),,NO_DATA
BHBHLW-4,Deep (>150m),,,,,,,,,,,,,,,,,,,,,,,,,,,,2012-2013,BHBHLW-4_Deep (>150m),,NO_DATA
BHBHLW-4,Deep (>150m),,,,,,,,,,,,,,,,,,,,,,,,,,,,2020-2021,BHBHLW-4_Deep (>150m),,NO_DATA
BHBHLW-4,Medium (50–150m),7.5,,1.13,18.0,90.45,1950.0,98.0,5220.0,2.6,7.25,201.3,0.21,24.56,108.66,0.0,10.3,1355.4,1.1,0.0,3.1,2923.2,29.0,7.0,Bhola,Bhola Sadar,22.0,90.58,2012-2013,BHBHLW-4_Medium (50–150m),10.722481687484168,FAIL
BHBHLW-4,Medium (50–150m),3.48666,0.2,0.445,15.0,47.55435,1535.25,98.0,3113.5,51.300000000000004,9.545985,256.2,0.339385,25.2025,48.7187,0.49712500000000004,1.3,905.0699999999999,3.485,9.9475,2.325,5644.5,26.34,8.09,Bhola,Bhola Sadar,22.73326,90.58069,2020-2021,BHBHLW-4_Medium (50–150m),-1.6679447833469914,PASS
BHBHLW-4,Shallow (<50m),,,,,,,,,,,,,,,,,,,,,,,,,,,,2012-2013,BHBHLW-4_Shallow (<50m),,NO_DATA
BHBHLW-4,Shallow (<50m),,,,,,,,,,,,,,,,,,,,,,,,,,,,2020-2021,BHBHLW-4_Shallow (<50m),,NO_DATA
BHBHLW-5,Deep (>150m),,,,,,,,,,,,,,,,,,,,,,,,,,,,2012-2013,BHBHLW-5_Deep (>150m),,NO_DATA
BHBHLW-5,Deep (>150m),,,,,,,,,,,,,,,,,,,,,,,,,,,,2020-2021,BHBHLW-5_Deep (>150m),,NO_DATA
BHBHLW-5,Medium (50–150m),7.5,,0.18,24.0,131.42,2070.0,98.0,5760.0,-16.8,3.5,201.3,0.27,17.06,7.11,0.0,9.6,973.6,3.5,0.0,3.3,3283.2,26.9,7.3,Bhola,Bhola Sadar,22.7305,90.577,2012-2013,BHBHLW-5_Medium (50–150m),-11.25629523366852,FAIL
BHBHLW-5,Medium (50–150m),37.27776,0.5,0.545,3.0,405.9458,1817.15,98.0,9648.5,51.5,3.97713,80.4,0.629985,25.4729,83.96442499999999,5.420255,3.75,671.5324499999999,1.045,2.1385,5.6899999999999995,6235.5,26.65,8.01,Bhola,Bhola Sadar,22.73351,90.58149499999999,2020-2021,BHBHLW-5_Medium (50–150m),4.136186178018403,PASS
BHBHLW-5,Shallow (<50m),,,,,,,,,,,,,,,,,,,,,,,,,,,,2012-2013,BHBHLW-5_Shallow (<50m),,NO_DATA
BHBHLW-5,Shallow (<50m),,,,,,,,,,,,,,,,,,,,,,,,,,,,2020-2021,BHBHLW-5_Shallow (<50m),,NO_DATA
BHLMPZ-1,Deep (>150m),6.25,0.6000000000000001,0.97,0.0,177.1,5987.5,179.0,16100.0,-8.649999999999999,21.47,222.65,1.435,2.535,35.995,0.1975,9.319700000000001,2023.25,0.15845,32.12,9.2,8686.5,28.35,7.015,Bhola,Lalmohan,22.34398,90.73842,2012-2013,BHLMPZ-1_Deep (>150m),-26.53686255832493,FAIL
BHLMPZ-1,Deep (>150m),2.866555,0.35,0.21500000000000002,0.0,260.7975,2336.7,180.0,24283.0,26.25,2.3598,265.35,0.421495,21.549300000000002,40.862449999999995,0.458665,1.9,1106.27765,2.87,2.104,15.700000000000001,15778.5,27.1,8.08,Bhola,Lalmohan,22.343989999999998,90.73841,2020-2021,BHLMPZ-1_Deep (>150m),-3.890451993699017,PASS
BHLMPZ-1,Medium (50–150m),,,,,,,,,,,,,,,,,,,,,,,,,,,,2012-2013,BHLMPZ-1_Medium (50–150m),,NO_DATA
BHLMPZ-1,Medium (50–150m),,,,,,,,,,,,,,,,,,,,,,,,,,,,2020-2021,BHLMPZ-1_Medium (50–150m),,NO_DATA
BHLMPZ-1,Shallow (<50m),,,,,,,,,,,,,,,,,,,,,,,,,,,,2012-2013,BHLMPZ-1_Shallow (<50m),,NO_DATA
BHLMPZ-1,Shallow (<50m),,,,,,,,,,,,,,,,,,,,,,,,,,,,2020-2021,BHLMPZ-1_Shallow (<50m),,NO_DATA
BHLMPZ-2,Deep (>150m),0.0,0.30000000000000004,0.295,2.25,41.46,173.75,300.0,652.5,-62.85,2.148,347.70000000000005,0.515,4.984999999999999,17.634999999999998,0.050925,1.0438,464.25,0.7538499999999999,13.78,0.32,351.85,28.049999999999997,8.07,Bhola,Lalmohan,22.34398,90.73836,2012-2013,BHLMPZ-2_Deep (>150m),36.991677876779576,FAIL
BHLMPZ-2,Deep (>150m),55.755,0.45,0.125,18.0,20.14985,2971.6,302.0,11586.5,-133.35,1.8694700000000002,218.4,0.09160499999999999,19.708,35.35125,0.67928,1.0,1542.42,3.28,2.802,6.5,7544.5,26.490000000000002,8.185,Bhola,Lalmohan,22.343989999999998,90.73838,2020-2021,BHLMPZ-2_Deep (>150m),-10.373348630638649,FAIL
BHLMPZ-2,Medium (50–150m),,,,,,,,,,,,,,,,,,,,,,,,,,,,2012-2013,BHLMPZ-2_Medium (50–150m),,NO_DATA
BHLMPZ-2,Medium (50–150m),,,,,,,,,,,,,,,,,,,,,,,,,,,,2020-2021,BHLMPZ-2_Medium (50–150m),,NO_DATA
BHLMPZ-2,Shallow (<50m),,,,,,,,,,,,,,,,,,,,,,,,,,,,2012-2013,BHLMPZ-2_Shallow (<50m),,NO_DATA
BHLMPZ-2,Shallow (<50m),,,,,,,,,,,,,,,,,,,,,,,,,,,,2020-2021,BHLMPZ-2_Shallow (<50m),,NO_DATA
BNAMLW-1,Deep (>150m),,,,,,,,,,,,,,,,,,,,,,,,,,,,2012-2013,BNAMLW-1_Deep (>150m),,NO_DATA
BNAMLW-1,Deep (>150m),,,,,,,,,,,,,,,,,,,,,,,,,,,,2020-2021,BNAMLW-1_Deep (>150m),,NO_DATA
BNAMLW-1,Medium (50–150m),,,0.2494,18.0,17.18,97.5,98.0,1000.0,-45.2,1.665,512.4000000000001,0.3911,2.7960000000000003,7.16,0.22065,0.70505,502.34999999999997,3.059,5.9005,0.5,577.0,27.5,7.9,Barguna,Amtoli,22.1335,90.22451,2012-2013,BNAMLW-1_Medium (50–150m),32.35334617428872,FAIL
BNAMLW-1,Medium (50–150m),16.516000000000002,1.4,0.33999999999999997,6.0,45.55425,400.15,98.0,1496.5,-69.14999999999999,1.7968,420.54999999999995,0.089875,8.6253,24.2199,0.08777,3.3,254.67899999999997,2.555,24.0,0.7150000000000001,927.0,27.8,8.26,Barguna,Amtoli,22.1335,90.2245,2020-2021,BNAMLW-1_Medium (50–150m),-9.757436849161822,PASS
BNAMLW-1,Shallow (<50m),,,,,,,,,,,,,,,,,,,,,,,,,,,,2012-2013,BNAMLW-1_Shallow (<50m),,NO_DATA
BNAMLW-1,Shallow (<50m),,,,,,,,,,,,,,,,,,,,,,,,,,,,2020-2021,BNAMLW-1_Shallow (<50m),,NO_DATA
BNAMLW-2,Deep (>150m),,,,,,,,,,,,,,,,,,,,,,,,,,,,2012-2013,BNAMLW-2_Deep (>150m),,NO_DATA
BNAMLW-2,Deep (>150m),,,,,,,,,,,,,,,,,,,,,,,,,,,,2020-2021,BNAMLW-2_Deep (>150m),,NO_DATA
BNAMLW-2,Medium (50–150m),20.0,,0.11,21.0,10.0,300.0,119.0,1806.5,-28.700000000000003,2.155,466.4,0.4,6.1375,10.0,0.2,0.5,408.79999999999995,0.56,0.0,0.925,964.71,28.15,7.4399999999999995,Barguna,Amtoli,22.13202,90.22833,2012-2013,BNAMLW-2_Medium (50–150m),6.948347788876817,PASS
BNAMLW-2,Medium (50–150m),14.809,1.65,0.8714999999999999,6.0,38.0676,494.3,119.0,1471.5,-69.60000000000001,2.89857,531.95,0.083945,8.6357,21.699150000000003,0.254635,2.05,338.9775,2.585,29.0,0.71,907.0,27.4,8.280000000000001,Barguna,Amtoli,22.132,90.2283,2020-2021,BNAMLW-2_Medium (50–150m),-11.37193070064801,FAIL
BNAMLW-2,Shallow (<50m),,,,,,,,,,,,,,,,,,,,,,,,,,,,2012-2013,BNAMLW-2_Shallow (<50m),,NO_DATA
BNAMLW-2,Shallow (<50m),,,,,,,,,,,,,,,,,,,,,,,,,,,,2020-2021,BNAMLW-2_Shallow (<50m),,NO_DATA
BNAMLW-3,Deep (>150m),,,,,,,,,,,,,,,,,,,,,,,,,,,,2012-2013,BNAMLW-3_Deep (>150m),,NO_DATA
BNAMLW-3,Deep (>150m),,,,,,,,,,,,,,,,,,,,,,,,,,,,2020-2021,BNAMLW-3_Deep (>150m),,NO_DATA
BNAMLW-3,Medium (50–150m),3.75,,0.165,9.0,55.0,697.5,101.0,3120.0,-26.35,8.565,201.3,0.45,28.064999999999998,80.0,0.35,6.05,453.75,0.75,0.0,1.7,1687.1,28.049999999999997,7.475,Barguna,Amtoli,22.13289,90.23818,2012-2013,BNAMLW-3_Medium (50–150m),12.538420310744092,FAIL
BNAMLW-3,Medium (50–150m),36.7312,1.6,0.728,18.0,39.00515,1027.175,101.0,4465.5,-68.7,6.934559999999999,329.4,0.189845,35.5595,54.14705,0.131285,2.3,719.3845,4.665,64.0,2.3200000000000003,2805.0,26.775,8.25,Barguna,Amtoli,22.1329,90.2282,2020-2021,BNAMLW-3_Medium (50–150m),3.1424925108410258,PASS
BNAMLW-3,Shallow (<50m),,,,,,,,,,,,,,,,,,,,,,,,,,,,2012-2013,BNAMLW-3_Shallow (<50m),,NO_DATA
BNAMLW-3,Shallow (<50m),,,,,,,,,,,,,,,,,,,,,,,,,,,,2020-2021,BNAMLW-3_Shallow (<50m),,NO_DATA
BNAMLW-4,Deep (>150m),,,,,,,,,,,,,,,,,,,,,,,,,,,,2012-2013,BNAMLW-4_Deep (>150m),,NO_DATA
BNAMLW-4,Deep (>150m),,,,,,,,,,,,,,,,,,,,,,,,,,,,2020-2021,BNAMLW-4_Deep (>150m),,NO_DATA
BNAMLW-4,Medium (50–150m),1.25,,0.16,3.0,125.0,1865.0,113.0,4410.0,-23.8,7.57,210.45,0.35,11.39,125.0,0.25,2.55,636.4000000000001,0.33999999999999997,0.0,2.435,2399.15,27.6,7.3100000000000005,Barguna,Amtoli,22.13129,90.24446,2012-2013,BNAMLW-4_Medium (50–150m),-11.317619265071729,FAIL
BNAMLW-4,Medium (50–150m),7.459950000000001,0.95,0.47150000000000003,12.0,130.90449999999998,1028.0,113.0,4074.5,-47.3,8.989335,262.3,0.12115999999999999,36.286,50.35555,1.308645,1.75,522.6855,4.494999999999999,28.5,2.05,2559.0,27.35,8.265,Barguna,Amtoli,22.1313,90.2445,2020-2021,BNAMLW-4_Medium (50–150m),0.3623826827866256,PASS
BNAMLW-4,Shallow (<50m),,,,,,,,,,,,,,,,,,,,,,,,,,,,2012-2013,BNAMLW-4_Shallow (<50m),,NO_DATA
BNAMLW-4,Shallow (<50m),,,,,,,,,,,,,,,,,,,,,,,,,,,,2020-2021,BNAMLW-4_Shallow (<50m),,NO_DATA
BNAMLW-5,Deep (>150m),,,,,,,,,,,,,,,,,,,,,,,,,,,,2012-2013,BNAMLW-5_Deep (>150m),,NO_DATA
BNAMLW-5,Deep (>150m),,,,,,,,,,,,,,,,,,,,,,,,,,,,2020-2021,BNAMLW-5_Deep (>150m),,NO_DATA
BNAMLW-5,Medium (50–150m),3.75,,0.115,6.0,45.0,2455.0,101.0,6315.0,-28.9,1.7999999999999998,170.8,0.4,16.555,82.5,0.25,4.7,1177.0,0.39999999999999997,2.0,3.3499999999999996,3536.3999999999996,27.45,7.585,Barguna,Amtoli,22.12954,90.24976,2012-2013,BNAMLW-5_Medium (50–150m),-8.751368273167907,PASS
BNAMLW-5,Medium (50–150m),0.29235,1.0,0.9945,12.0,47.434075,368.25,101.0,1119.5,-55.25,2.810165,345.95,0.10627,7.769500000000001,25.04598,0.099305,1.5,194.27800000000002,3.485,32.5,0.51,699.0,27.3,8.215,Barguna,Amtoli,22.1295,90.2498,2020-2021,BNAMLW-5_Medium (50–150m),-13.419148105244943,FAIL
BNAMLW-5,Shallow (<50m),,,,,,,,,,,,,,,,,,,,,,,,,,,,2012-2013,BNAMLW-5_Shallow (<50m),,NO_DATA
BNAMLW-5,Shallow (<50m),,,,,,,,,,,,,,,,,,,,,,,,,,,,2020-2021,BNAMLW-5_Shallow (<50m),,NO_DATA
BNAMPZ-1,Deep (>150m),,,,,,,,,,,,,,,,,,,,,,,,,,,,2012-2013,BNAMPZ-1_Deep (>150m),,NO_DATA
BNAMPZ-1,Deep (>150m),,,,,,,,,,,,,,,,,,,,,,,,,,,,2020-2021,BNAMPZ-1_Deep (>150m),,NO_DATA
BNAMPZ-1,Medium (50–150m),1.25,0.9500000000000001,0.30500000000000005,0.75,44.795,5250.0,67.0,13800.0,-34.35,8.24,219.6,0.485,6.425000000000001,22.22,0.38749999999999996,21.226300000000002,1527.535,0.872,8.155,7.800000000000001,7400.0,29.15,7.609999999999999,Barguna,Amtali,22.424505,90.22582,2012-2013,BNAMPZ-1_Medium (50–150m),-36.40505679850932,FAIL
BNAMPZ-1,Medium (50–150m),1.96402,1.2,0.125,24.0,36.77615,457.8,98.0,1875.5,-49.2,2.64839,414.8,0.07639000000000001,12.506499999999999,40.27615,0.651225,1.8499999999999999,350.6905,1.3,29.114,0.9199999999999999,1178.5,26.85,8.265,Barguna,Amtali,22.70528,90.22582,2020-2021,BNAMPZ-1_Medium (50–150m),-0.823195854576719,PASS
BNAMPZ-1,Shallow (<50m),,,,,,,,,,,,,,,,,,,,,,,,,,,,2012-2013,BNAMPZ-1_Shallow (<50m),,NO_DATA
BNAMPZ-1,Shallow (<50m),3.955775,1.6,0.125,6.0,33.748205,319.05,30.0,1045.5,-78.1,0.085205,283.75,0.109295,2.193,14.568835,0.077395,2.8,207.137,1.72,21.806,0.45499999999999996,647.5,27.25,8.094999999999999,Barguna,Amtali,22.70528,90.22595,2020-2021,BNAMPZ-1_Shallow (<50m),-9.288533468090614,PASS
BNAMPZ-2,Deep (>150m),,,,,,,,,,,,,,,,,,,,,,,,,,,,2012-2013,BNAMPZ-2_Deep (>150m),,NO_DATA
BNAMPZ-2,Deep (>150m),,,,,,,,,,,,,,,,,,,,,,,,,,,,2020-2021,BNAMPZ-2_Deep (>150m),,NO_DATA
BNAMPZ-2,Medium (50–150m),3.75,0.45,0.305,3.0,48.230000000000004,498.5,128.0,1866.5,-48.25,2.95,393.45,0.805,11.34,46.379999999999995,0.22749999999999998,1.47515,191.79999999999998,0.5643,4.125,1.0150000000000001,1045.0,28.8,7.9,Barguna,Amtali,22.42454,90.22588,2012-2013,BNAMPZ-2_Medium (50–150m),-16.149741919358696,FAIL
BNAMPZ-2,Medium (50–150m),2.7909,0.8999999999999999,0.22499999999999998,0.0,639.5845,10357.5,127.0,17140.5,-52.6,7.67561,298.9,0.042905,129.47,254.8837,0.252195,6.75,4724.83,3.88,33.5,19.130000000000003,19915.0,26.799999999999997,8.254999999999999,Barguna,Amtali,22.70528,90.22588,2020-2021,BNAMPZ-2_Medium (50–150m),-6.423807198232244,PASS
BNAMPZ-2,Shallow (<50m),,,,,,,,,,,,,,,,,,,,,,,,,,,,2012-2013,BNAMPZ-2_Shallow (<50m),,NO_DATA
BNAMPZ-2,Shallow (<50m),,,,,,,,,,,,,,,,,,,,,,,,,,,,2020-2021,BNAMPZ-2_Shallow (<50m),,NO_DATA
BNAMPZ-3,Deep (>150m),0.0,0.8500000000000001,0.325,3.0,5.261,50.25,299.0,914.0,-72.0,0.405,506.3,0.33999999999999997,2.71,2.2962499999999997,0.185,0.1257,321.55,1.5693,8.355,0.445,493.4,28.0,8.19,Barguna,Amtali,22.424535,90.22629,2012-2013,BNAMPZ-3_Deep (>150m),18.266660879621117,FAIL
BNAMPZ-3,Deep (>150m),4.6194749999999996,1.5,0.21500000000000002,24.0,57.004549999999995,520.25,336.0,1857.5,-74.1,3.4527850000000004,411.75,0.16023,14.259999999999998,38.2679,0.868285,1.25,367.3915,0.8099999999999999,28.4815,0.88,1149.5,26.814999999999998,8.245,Barguna,Amtali,22.70528,90.22673,2020-2021,BNAMPZ-3_Deep (>150m),-0.8090845126861207,PASS
BNAMPZ-3,Medium (50–150m),,,,,,,,,,,,,,,,,,,,,,,,,,,,2012-2013,BNAMPZ-3_Medium (50–150m),,NO_DATA
BNAMPZ-3,Medium (50–150m),,,,,,,,,,,,,,,,,,,,,,,,,,,,2020-2021,BNAMPZ-3_Medium (50–150m),,NO_DATA
BNAMPZ-3,Shallow (<50m),,,,,,,,,,,,,,,,,,,,,,,,,,,,2012-2013,BNAMPZ-3_Shallow (<50m),,NO_DATA
BNAMPZ-3,Shallow (<50m),,,,,,,,,,,,,,,,,,,,,,,,,,,,2020-2021,BNAMPZ-3_Shallow (<50m),,NO_DATA
BNAMPZ-4,Deep (>150m),0.0,0.8500000000000001,0.32999999999999996,3.0,37.074999999999996,179.0,336.0,882.0,-96.30000000000001,0.305,420.9,0.415,2.358,62.35,0.056874999999999995,0.3086,195.0125,1.2791000000000001,19.82,0.42500000000000004,456.85,28.35,8.615,Barguna,Amtali,22.424615,90.22629,2012-2013,BNAMPZ-4_Deep (>150m),10.810820770102007,FAIL
BNAMPZ-4,Deep (>150m),2.166095,0.75,0.15000000000000002,18.0,88.13786,623.2,299.0,939.5,-21.1,0.464035,280.7,0.129295,14.994349999999999,43.71510000000001,0.079495,2.35,260.7855,2.005,26.5,0.395,537.0,26.85,8.205,Barguna,Amtali,22.70528,90.22585,2020-2021,BNAMPZ-4_Deep (>150m),-8.545687355220428,PASS
BNAMPZ-4,Medium (50–150m),,,,,,,,,,,,,,,,,,,,,,,,,,,,2012-2013,BNAMPZ-4_Medium (50–150m),,NO_DATA
BNAMPZ-4,Medium (50–150m),,,,,,,,,,,,,,,,,,,,,,,,,,,,2020-2021,BNAMPZ-4_Medium (50–150m),,NO_DATA
BNAMPZ-4,Shallow (<50m),,,,,,,,,,,,,,,,,,,,,,,,,,,,2012-2013,BNAMPZ-4_Shallow (<50m),,NO_DATA
BNAMPZ-4,Shallow (<50m),,,,,,,,,,,,,,,,,,,,,,,,,,,,2020-2021,BNAMPZ-4_Shallow (<50m),,NO_DATA
BNBN1LW-1,Deep (>150m),,,,,,,,,,,,,,,,,,,,,,,,,,,,2012-2013,BNBN1LW-1_Deep (>150m),,NO_DATA
BNBN1LW-1,Deep (>150m),,,,,,,,,,,,,,,,,,,,,,,,,,,,2020-2021,BNBN1LW-1_Deep (>150m),,NO_DATA
BNBN1LW-1,Medium (50–150m),5.0,,0.07,9.0,70.0,2070.0,102.0,5685.0,-39.650000000000006,3.87,161.65,0.4,14.51,85.0,0.2,4.35,1026.25,0.365,0.0,3.2,3061.2,28.15,7.535,Barguna,Barguna Sadar 1,22.1498,90.20628,2012-2013,BNBN1LW-1_Medium (50–150m),-4.932834902861306,PASS
BNBN1LW-1,Medium (50–150m),15.133,1.4,0.861,18.0,405.7685,5262.0,102.0,16417.5,-100.05,2.76301,482.54999999999995,0.28435,59.6935,125.95490000000001,0.676195,4.35,2299.3740000000003,5.0,64.0,8.31,10823.0,26.85,8.395,Barguna,Barguna Sadar,22.1498,90.2063,2020-2021,BNBN1LW-1_Medium (50–150m),-9.014226918284765,PASS
BNBN1LW-1,Shallow (<50m),,,,,,,,,,,,,,,,,,,,,,,,,,,,2012-2013,BNBN1LW-1_Shallow (<50m),,NO_DATA
BNBN1LW-1,Shallow (<50m),,,,,,,,,,,,,,,,,,,,,,,,,,,,2020-2021,BNBN1LW-1_Shallow (<50m),,NO_DATA
BNBN1LW-2,Deep (>150m),,,,,,,,,,,,,,,,,,,,,,,,,,,,2012-2013,BNBN1LW-2_Deep (>150m),,NO_DATA
BNBN1LW-2,Deep (>150m),,,,,,,,,,,,,,,,,,,,,,,,,,,,2020-2021,BNBN1LW-2_Deep (>150m),,NO_DATA
BNBN1LW-2,Medium (50–150m),5.0,,0.14,9.0,25.0,428.75,122.0,1929.0,-53.85,1.6349999999999998,295.85,0.25,6.455,47.5,0.15000000000000002,1.45,254.35,0.375,0.0,1.025,1044.38,28.299999999999997,7.875,Barguna,Barguna Sadar 1,22.1521,90.20354,2012-2013,BNBN1LW-2_Medium (50–150m),-2.4564417883363805,PASS
BNBN1LW-2,Medium (50–150m),8.6028,1.15,0.8420000000000001,18.0,75.2919,296.85,122.0,2024.5,-31.35,4.102555,341.6,0.054065,12.047,44.8464,1.51552,1.2000000000000002,210.067,1.0699999999999998,52.2735,1.0,1315.0,26.65,8.32,Barguna,Barguna Sadar,22.1521,90.2035,2020-2021,BNBN1LW-2_Medium (50–150m),4.2129982541023185,PASS
BNBN1LW-2,Shallow (<50m),,,,,,,,,,,,,,,,,,,,,,,,,,,,2012-2013,BNBN1LW-2_Shallow (<50m),,NO_DATA
BNBN1LW-2,Shallow (<50m),,,,,,,,,,,,,,,,,,,,,,,,,,,,2020-2021,BNBN1LW-2_Shallow (<50m),,NO_DATA
BNBN1LW-3,Deep (>150m),,,,,,,,,,,,,,,,,,,,,,,,,,,,2012-2013,BNBN1LW-3_Deep (>150m),,NO_DATA
BNBN1LW-3,Deep (>150m),,,,,,,,,,,,,,,,,,,,,,,,,,,,2020-2021,BNBN1LW-3_Deep (>150m),,NO_DATA
BNBN1LW-3,Medium (50–150m),5.0,,0.04,6.0,40.0,562.5,122.0,2495.0,-52.150000000000006,0.285,244.0,0.4,9.595,60.0,0.15000000000000002,1.7000000000000002,345.9,0.585,0.0,1.35,1356.95,28.299999999999997,7.585,Barguna,Barguna Sadar 1,22.15702,90.19723,2012-2013,BNBN1LW-3_Medium (50–150m),5.0277115800092735,PASS
BNBN1LW-3,Medium (50–150m),2.762775,0.95,0.566,18.0,376.59715,4408.7,122.0,13394.0,-68.5,6.09589,463.6,0.08010500000000001,65.041,151.83215,0.26555,1.8,2071.8585,2.83,26.5,8.315,8569.5,26.45,8.31,Barguna,Barguna Sadar,22.15702,90.1973,2020-2021,BNBN1LW-3_Medium (50–150m),-3.868200784924028,PASS
BNBN1LW-3,Shallow (<50m),,,,,,,,,,,,,,,,,,,,,,,,,,,,2012-2013,BNBN1LW-3_Shallow (<50m),,NO_DATA
BNBN1LW-3,Shallow (<50m),,,,,,,,,,,,,,,,,,,,,,,,,,,,2020-2021,BNBN1LW-3_Shallow (<50m),,NO_DATA
BNBN1LW-4,Deep (>150m),,,,,,,,,,,,,,,,,,,,,,,,,,,,2012-2013,BNBN1LW-4_Deep (>150m),,NO_DATA
BNBN1LW-4,Deep (>150m),,,,,,,,,,,,,,,,,,,,,,,,,,,,2020-2021,BNBN1LW-4_Deep (>150m),,NO_DATA
BNBN1LW-4,Medium (50–150m),5.0,,0.19,6.0,100.0,1970.0,116.0,5280.0,-53.35,2.685,268.4,0.35,13.205,132.5,0.25,3.1500000000000004,808.45,0.52,0.5,2.9,2848.6,27.85,7.99,Barguna,Barguna Sadar 1,22.16174,90.18841,2012-2013,BNBN1LW-4_Medium (50–150m),-7.822520652991387,PASS
BNBN1LW-4,Medium (50–150m),4.12242,1.15,1.2355,18.0,140.2185,1654.4,116.0,5386.0,-19.75,5.87744,283.65,0.17324,21.466,51.7175,0.274355,1.25,743.2055,1.725,30.86,2.895,3503.5,27.725,8.295,Barguna,Barguna Sadar,22.16176,90.18824,2020-2021,BNBN1LW-4_Medium (50–150m),-8.538382285955356,PASS
BNBN1LW-4,Shallow (<50m),,,,,,,,,,,,,,,,,,,,,,,,,,,,2012-2013,BNBN1LW-4_Shallow (<50m),,NO_DATA
BNBN1LW-4,Shallow (<50m),,,,,,,,,,,,,,,,,,,,,,,,,,,,2020-2021,BNBN1LW-4_Shallow (<50m),,NO_DATA
BNBN1LW-5,Deep (>150m),,,,,,,,,,,,,,,,,,,,,,,,,,,,2012-2013,BNBN1LW-5_Deep (>150m),,NO_DATA
BNBN1LW-5,Deep (>150m),,,,,,,,,,,,,,,,,,,,,,,,,,,,2020-2021,BNBN1LW-5_Deep (>150m),,NO_DATA
BNBN1LW-5,Medium (50–150m),2.5,,0.065,9.0,85.0,4900.0,122.0,6679.0,-12.6,3.4299999999999997,268.05,0.25,20.384999999999998,210.0,0.6,3.4000000000000004,1964.1,0.7100000000000001,0.5,3.5100000000000002,3501.43,28.35,7.26,Barguna,Barguna Sadar 1,22.16312,90.18497,2012-2013,BNBN1LW-5_Medium (50–150m),-14.113737586358754,FAIL
BNBN1LW-5,Medium (50–150m),3.7537700000000003,1.35,0.519,18.0,29.488599999999998,356.65,122.0,1131.0,-2.9000000000000004,0.32137,457.15,0.08033499999999999,3.52345,15.089445,0.0672,1.75,236.41250000000002,3.3550000000000004,27.1415,0.52,698.0,28.1,7.77,Barguna,Barguna Sadar,22.1631,90.185,2020-2021,BNBN1LW-5_Medium (50–150m),-17.99774207557406,FAIL
BNBN1LW-5,Shallow (<50m),,,,,,,,,,,,,,,,,,,,,,,,,,,,2012-2013,BNBN1LW-5_Shallow (<50m),,NO_DATA
BNBN1LW-5,Shallow (<50m),,,,,,,,,,,,,,,,,,,,,,,,,,,,2020-2021,BNBN1LW-5_Shallow (<50m),,NO_DATA
BNBNPZ-1,Deep (>150m),,,,,,,,,,,,,,,,,,,,,,,,,,,,2012-2013,BNBNPZ-1_Deep (>150m),,NO_DATA
BNBNPZ-1,Deep (>150m),,,,,,,,,,,,,,,,,,,,,,,,,,,,2020-2021,BNBNPZ-1_Deep (>150m),,NO_DATA
BNBNPZ-1,Medium (50–150m),,,,,,,,,,,,,,,,,,,,,,,,,,,,2012-2013,BNBNPZ-1_Medium (50–150m),,NO_DATA
BNBNPZ-1,Medium (50–150m),,,,,,,,,,,,,,,,,,,,,,,,,,,,2020-2021,BNBNPZ-1_Medium (50–150m),,NO_DATA
BNBNPZ-1,Shallow (<50m),1.25,1.2,0.345,0.75,48.5845,8857.5,21.0,24800.0,-2.6500000000000004,,240.95,0.455,4.78125,39.675,0.105,,394.6,0.30805,105.97999999999999,14.25,13888.0,28.7,7.075,Barguna,Barguna sadar,22.4311,90.10717,2012-2013,BNBNPZ-1_Shallow (<50m),-83.5277781482121,FAIL
BNBNPZ-1,Shallow (<50m),6.6382,1.1500000000000001,0.275,12.0,126.092,2454.6,21.0,9382.5,-91.80000000000001,5.8972999999999995,314.15,0.228645,43.7525,37.2333,0.66263,6.65,872.945,2.435,53.668,5.145,6365.5,28.915,8.205,Barguna,Barguna Sadar,22.70528,90.10717,2020-2021,BNBNPZ-1_Shallow (<50m),-21.964381780721574,FAIL
BNBNPZ-2,Deep (>150m),,,,,,,,,,,,,,,,,,,,,,,,,,,,2012-2013,BNBNPZ-2_Deep (>150m),,NO_DATA
BNBNPZ-2,Deep (>150m),,,,,,,,,,,,,,,,,,,,,,,,,,,,2020-2021,BNBNPZ-2_Deep (>150m),,NO_DATA
BNBNPZ-2,Medium (50–150m),1.25,0.5,0.16,1.5,37.24,270.0,86.0,1351.0,-38.4,1.655,207.4,0.48000000000000004,5.8260000000000005,30.355,0.279075,1.4737,392.95000000000005,0.24214999999999998,107.005,0.715,706.0,28.1,7.465,Barguna,Barguna sadar,22.431089999999998,90.10721,2012-2013,BNBNPZ-2_Medium (50–150m),23.84279101314697,FAIL
BNBNPZ-2,Medium (50–150m),5.1560299999999994,1.1,0.25,0.0,571.0975,13591.0,88.0,19756.5,-89.05,15.19565,94.55,0.11465,140.752,255.1565,1.7394349999999998,5.15,7793.035,4.18,82.313,12.05,12135.0,27.15,8.225,Barguna,Barguna Sadar,22.70528,90.10721,2020-2021,BNBNPZ-2_Medium (50–150m),0.7500821067240293,PASS
BNBNPZ-2,Shallow (<50m),,,,,,,,,,,,,,,,,,,,,,,,,,,,2012-2013,BNBNPZ-2_Shallow (<50m),,NO_DATA
BNBNPZ-2,Shallow (<50m),,,,,,,,,,,,,,,,,,,,,,,,,,,,2020-2021,BNBNPZ-2_Shallow (<50m),,NO_DATA
BNBNPZ-3,Deep (>150m),0.0,0.44999999999999996,0.87,1.5,35.705,930.5,182.0,2720.0,-51.0,3.525,298.9,0.63,14.15,76.39,0.13755,1.4903499999999998,288.65000000000003,0.25855,5.205,1.49,1500.0,29.25,7.32,Barguna,Barguna sadar,22.4311,90.10725,2012-2013,BNBNPZ-3_Deep (>150m),-19.482493219920965,FAIL
BNBNPZ-3,Deep (>150m),3.15637,0.9,0.40499999999999997,6.0,87.7799,4901.4,213.0,1532.05,-116.80000000000001,9.44713,186.05,0.068485,106.19800000000001,52.6665,1.069105,14.4,2751.4645,1.945,28.3915,1.46,919.375,27.25,8.350000000000001,Barguna,Barguna Sadar,22.70528,90.10725,2020-2021,BNBNPZ-3_Deep (>150m),-3.9784583047417668,PASS
BNBNPZ-3,Medium (50–150m),,,,,,,,,,,,,,,,,,,,,,,,,,,,2012-2013,BNBNPZ-3_Medium (50–150m),,NO_DATA
BNBNPZ-3,Medium (50–150m),,,,,,,,,,,,,,,,,,,,,,,,,,,,2020-2021,BNBNPZ-3_Medium (50–150m),,NO_DATA
BNBNPZ-3,Shallow (<50m),,,,,,,,,,,,,,,,,,,,,,,,,,,,2012-2013,BNBNPZ-3_Shallow (<50m),,NO_DATA
BNBNPZ-3,Shallow (<50m),,,,,,,,,,,,,,,,,,,,,,,,,,,,2020-2021,BNBNPZ-3_Shallow (<50m),,NO_DATA
BNBNPZ-4,Deep (>150m),0.0,0.75,0.20500000000000002,2.25,7.386,110.0,280.0,1178.0,-106.10000000000001,0.215,552.0,0.355,3.585,5.415,0.124675,0.4663,223.6,1.7732999999999999,5.29,0.625,641.95,29.299999999999997,8.715,Barguna,Barguna sadar,22.431089999999998,90.10671,2012-2013,BNBNPZ-4_Deep (>150m),-7.611963444530599,PASS
BNBNPZ-4,Deep (>150m),2.93534,1.55,0.24,24.0,33.33721,648.65,284.0,4494.5,-99.9,1.973185,445.3,0.14964999999999998,10.1492,29.891914999999997,0.11962999999999999,2.2,449.437,1.735,82.1805,2.39,2880.5,27.25,8.305,Barguna,Barguna Sadar,22.70528,90.10671,2020-2021,BNBNPZ-4_Deep (>150m),-8.022653133490795,PASS
BNBNPZ-4,Medium (50–150m),,,,,,,,,,,,,,,,,,,,,,,,,,,,2012-2013,BNBNPZ-4_Medium (50–150m),,NO_DATA
BNBNPZ-4,Medium (50–150m),,,,,,,,,,,,,,,,,,,,,,,,,,,,2020-2021,BNBNPZ-4_Medium (50–150m),,NO_DATA
BNBNPZ-4,Shallow (<50m),,,,,,,,,,,,,,,,,,,,,,,,,,,,2012-2013,BNBNPZ-4_Shallow (<50m),,NO_DATA
BNBNPZ-4,Shallow (<50m),,,,,,,,,,,,,,,,,,,,,,,,,,,,2020-2021,BNBNPZ-4_Shallow (<50m),,NO_DATA
BNPGPZ-1,Deep (>150m),,,,,,,,,,,,,,,,,,,,,,,,,,,,2012-2013,BNPGPZ-1_Deep (>150m),,NO_DATA
BNPGPZ-1,Deep (>150m),,,,,,,,,,,,,,,,,,,,,,,,,,,,2020-2021,BNPGPZ-1_Deep (>150m),,NO_DATA
BNPGPZ-1,Medium (50–150m),1.25,3.55,0.13,0.0,66.87,17691.5,61.0,43950.0,-18.4,0.24,36.599999999999994,0.065,135.0225,573.3199999999999,0.23,131.5,4837.15,1.4344999999999999,5.845000000000001,26.8,24011.0,27.700000000000003,7.3149999999999995,Barguna,Pathar ghata,22.373855,89.97512,2012-2013,BNPGPZ-1_Medium (50–150m),-30.995368399071932,FAIL
BNPGPZ-1,Medium (50–150m),4.63772,0.8999999999999999,0.14500000000000002,18.0,420.6655,11505.0,61.0,35845.0,-79.15,1.3253650000000001,387.35,0.123945,89.719,150.3885,0.371545,4.1,7809.150000000001,1.9649999999999999,23.6005,18.05,23140.0,28.5,8.184999999999999,Barguna,Patharghata,22.70528,89.97512,2020-2021,BNPGPZ-1_Medium (50–150m),6.122744867627692,PASS
BNPGPZ-1,Shallow (<50m),,,,,,,,,,,,,,,,,,,,,,,,,,,,2012-2013,BNPGPZ-1_Shallow (<50m),,NO_DATA
BNPGPZ-1,Shallow (<50m),5.4253,1.0,0.5775,24.0,75.416,2475.5,30.0,4082.1,-106.0,3.51767,616.1,0.18510500000000002,40.635,35.46035,0.14256,3.0,1755.5749999999998,3.0250000000000004,70.5,2.8000000000000003,2545.4,28.45,8.225,Barguna,Patharghata,22.70528,89.97512,2020-2021,BNPGPZ-1_Shallow (<50m),1.1292601954055548,PASS
BNPGPZ-2,Deep (>150m),,,,,,,,,,,,,,,,,,,,,,,,,,,,2012-2013,BNPGPZ-2_Deep (>150m),,NO_DATA
BNPGPZ-2,Deep (>150m),,,,,,,,,,,,,,,,,,,,,,,,,,,,2020-2021,BNPGPZ-2_Deep (>150m),,NO_DATA
BNPGPZ-2,Medium (50–150m),1.25,3.1,0.39,0.0,76.64999999999999,13100.0,121.0,35700.0,-26.05,5.145,70.15,0.48,39.194,62.584999999999994,0.14,9.93,920.1,0.74515,4.1,21.3,19122.5,27.799999999999997,7.375,Barguna,Pathar ghata,22.373869999999997,89.97512,2012-2013,BNPGPZ-2_Medium (50–150m),-76.16370985267186,FAIL
BNPGPZ-2,Medium (50–150m),3.98557,0.35,0.16999999999999998,0.0,234.514,8803.5,120.0,20104.5,-86.65,2.88401,128.1,0.17755500000000002,156.175,70.8047,0.472945,6.9,3611.365,3.6,7.057,12.75,12066.5,28.15,8.245,Barguna,Patharghata,22.70528,89.97512,2020-2021,BNPGPZ-2_Medium (50–150m),-16.776544319560056,FAIL
BNPGPZ-2,Shallow (<50m),,,,,,,,,,,,,,,,,,,,,,,,,,,,2012-2013,BNPGPZ-2_Shallow (<50m),,NO_DATA
BNPGPZ-2,Shallow (<50m),,,,,,,,,,,,,,,,,,,,,,,,,,,,2020-2021,BNPGPZ-2_Shallow (<50m),,NO_DATA
BNPGPZ-3,Deep (>150m),37.5,2.75,6.745,3.75,28.68,3950.0,297.0,10990.0,-37.9,1.135,366.0,2.23,22.595,66.165,0.0575,5.18065,1584.7,1.1940499999999998,9.055,6.165,5928.5,27.6,7.675,Barguna,Pathar ghata,22.37389,89.97511,2012-2013,BNPGPZ-3_Deep (>150m),-21.321281808239487,FAIL
BNPGPZ-3,Deep (>150m),4.09859,1.0,0.29000000000000004,0.0,443.9933,9248.95,299.0,30791.5,-71.2,1.10297,347.7,0.11952499999999999,135.9145,267.28775,1.7271100000000001,7.1,3782.9249999999997,1.865,8.1345,8.3,16005.0,27.89,8.175,Barguna,Patharghata,22.70528,89.97511,2020-2021,BNPGPZ-3_Deep (>150m),-11.403316636105393,FAIL
BNPGPZ-3,Medium (50–150m),,,,,,,,,,,,,,,,,,,,,,,,,,,,2012-2013,BNPGPZ-3_Medium (50–150m),,NO_DATA
BNPGPZ-3,Medium (50–150m),,,,,,,,,,,,,,,,,,,,,,,,,,,,2020-2021,BNPGPZ-3_Medium (50–150m),,NO_DATA
BNPGPZ-3,Shallow (<50m),,,,,,,,,,,,,,,,,,,,,,,,,,,,2012-2013,BNPGPZ-3_Shallow (<50m),,NO_DATA
BNPGPZ-3,Shallow (<50m),,,,,,,,,,,,,,,,,,,,,,,,,,,,2020-2021,BNPGPZ-3_Shallow (<50m),,NO_DATA
BSBBLW-1,Deep (>150m),,,,,,,,,,,,,,,,,,,,,,,,,,,,2012-2013,BSBBLW-1_Deep (>150m),,NO_DATA
BSBBLW-1,Deep (>150m),,,,,,,,,,,,,,,,,,,,,,,,,,,,2020-2021,BSBBLW-1_Deep (>150m),,NO_DATA
BSBBLW-1,Medium (50–150m),12.5,,0.27,24.0,84.8,1700.0,101.0,4910.0,16.1,16.6,469.7,0.44,21.07,245.72,0.2,18.2,659.7,1.65,0.0,2.7,2705.45,31.2,6.71,Barishal,Babuganj,22.81105,90.29211,2012-2013,BSBBLW-1_Medium (50–150m),-2.2568732350021414,PASS
BSBBLW-1,Medium (50–150m),1.954145,0.9500000000000001,0.14,12.0,67.329465,777.45,101.0,1683.5,-24.9,0.34803999999999996,289.75,0.076145,8.612400000000001,34.140474999999995,0.056765,1.4500000000000002,452.5095,0.7,1.1215000000000002,0.795,1049.0,26.4,7.125,Barishal,Babuganj,22.8112,90.29238,2020-2021,BSBBLW-1_Medium (50–150m),-1.9903762118966315,PASS
BSBBLW-1,Shallow (<50m),,,,,,,,,,,,,,,,,,,,,,,,,,,,2012-2013,BSBBLW-1_Shallow (<50m),,NO_DATA
BSBBLW-1,Shallow (<50m),,,,,,,,,,,,,,,,,,,,,,,,,,,,2020-2021,BSBBLW-1_Shallow (<50m),,NO_DATA
BSBBLW-2,Deep (>150m),,,,,,,,,,,,,,,,,,,,,,,,,,,,2012-2013,BSBBLW-2_Deep (>150m),,NO_DATA
BSBBLW-2,Deep (>150m),,,,,,,,,,,,,,,,,,,,,,,,,,,,2020-2021,BSBBLW-2_Deep (>150m),,NO_DATA
BSBBLW-2,Medium (50–150m),7.5,,0.49,36.0,56.3,1650.0,101.0,5510.0,-65.1,13.8,457.5,0.79,17.66,254.5,0.05,14.3,694.4,1.12,0.0,2.97,2975.4,26.0,8.09,Barishal,Babuganj,22.80508,90.29412,2012-2013,BSBBLW-2_Medium (50–150m),-0.5437537377458638,PASS
BSBBLW-2,Medium (50–150m),23.036949999999997,1.0499999999999998,0.095,12.0,143.33,931.25,101.0,3177.0,-14.5,3.39061,488.0,0.145775,22.1285,36.74765,0.34903,2.35,564.2715,2.59,1.8239999999999998,1.6400000000000001,2016.5,26.55,7.324999999999999,Barishal,Babuganj,22.8051,90.2941,2020-2021,BSBBLW-2_Medium (50–150m),0.8515837872167779,PASS
BSBBLW-2,Shallow (<50m),,,,,,,,,,,,,,,,,,,,,,,,,,,,2012-2013,BSBBLW-2_Shallow (<50m),,NO_DATA
BSBBLW-2,Shallow (<50m),,,,,,,,,,,,,,,,,,,,,,,,,,,,2020-2021,BSBBLW-2_Shallow (<50m),,NO_DATA
BSBBLW-3,Deep (>150m),,,,,,,,,,,,,,,,,,,,,,,,,,,,2012-2013,BSBBLW-3_Deep (>150m),,NO_DATA
BSBBLW-3,Deep (>150m),,,,,,,,,,,,,,,,,,,,,,,,,,,,2020-2021,BSBBLW-3_Deep (>150m),,NO_DATA
BSBBLW-3,Medium (50–150m),7.5,,0.12,12.0,263.96,2660.0,101.0,6310.0,-4.7,17.0,176.9,0.2,8.97,211.6,0.5,119.0,1121.8,0.37,0.0,3.59,3596.7,29.3,7.25,Barishal,Babuganj,22.79717,90.29608,2012-2013,BSBBLW-3_Medium (50–150m),-0.01433756936562654,PASS
BSBBLW-3,Medium (50–150m),14.78465,0.55,0.109,12.0,238.7165,1914.65,101.0,5996.5,-3.5500000000000007,4.92925,408.70000000000005,0.096495,22.450000000000003,37.39445,1.135785,3.4,949.0715,1.815,1.5755,3.16,3827.0,26.15,7.34,Barishal,Babuganj,22.7972,90.2961,2020-2021,BSBBLW-3_Medium (50–150m),-3.5369567343090513,PASS
BSBBLW-3,Shallow (<50m),,,,,,,,,,,,,,,,,,,,,,,,,,,,2012-2013,BSBBLW-3_Shallow (<50m),,NO_DATA
BSBBLW-3,Shallow (<50m),,,,,,,,,,,,,,,,,,,,,,,,,,,,2020-2021,BSBBLW-3_Shallow (<50m),,NO_DATA
BSBBLW-4,Deep (>150m),,,,,,,,,,,,,,,,,,,,,,,,,,,,2012-2013,BSBBLW-4_Deep (>150m),,NO_DATA
BSBBLW-4,Deep (>150m),,,,,,,,,,,,,,,,,,,,,,,,,,,,2020-2021,BSBBLW-4_Deep (>150m),,NO_DATA
BSBBLW-4,Medium (50–150m),22.5,,0.2,6.0,172.1,2130.0,101.0,4760.0,0.6,17.4,219.6,0.31,3.43,117.38,0.8,191.0,865.4,0.44,0.0,2.66,2665.6,27.3,6.97,Barishal,Babuganj,22.79266,90.30013,2012-2013,BSBBLW-4_Medium (50–150m),-8.368136765039948,PASS
BSBBLW-4,Medium (50–150m),46.801105,0.75,0.1225,12.0,168.39249999999998,1542.1,101.0,4898.5,-49.95,7.03718,337.35,0.21178,16.333,36.47565,0.148555,3.7,635.9885,3.965,3.2155,2.5700000000000003,3138.5,26.15,7.584999999999999,Barishal,Babuganj,22.7927,90.3001,2020-2021,BSBBLW-4_Medium (50–150m),-11.109228142505922,FAIL
BSBBLW-4,Shallow (<50m),,,,,,,,,,,,,,,,,,,,,,,,,,,,2012-2013,BSBBLW-4_Shallow (<50m),,NO_DATA
BSBBLW-4,Shallow (<50m),,,,,,,,,,,,,,,,,,,,,,,,,,,,2020-2021,BSBBLW-4_Shallow (<50m),,NO_DATA
BSBBLW-5,Deep (>150m),,,,,,,,,,,,,,,,,,,,,,,,,,,,2012-2013,BSBBLW-5_Deep (>150m),,NO_DATA
BSBBLW-5,Deep (>150m),,,,,,,,,,,,,,,,,,,,,,,,,,,,2020-2021,BSBBLW-5_Deep (>150m),,NO_DATA
BSBBLW-5,Medium (50–150m),7.5,,0.82,18.0,306.68,2820.0,101.0,7710.0,17.2,13.9,256.2,1.29,17.23,243.76,0.5,51.4,1413.9,3.48,0.0,4.31,4317.6,29.1,6.67,Barishal,Babuganj,22.78393,90.3009,2012-2013,BSBBLW-5_Medium (50–150m),6.848928462217698,PASS
BSBBLW-5,Medium (50–150m),0.37002500000000005,0.35,0.30500000000000005,12.0,344.7405,2493.4,101.0,7694.5,-10.05,2.5571099999999998,623.95,0.21777999999999997,40.4065,137.88365,1.54253,11.85,1367.335,2.88,1.893,4.12,4872.0,26.5,7.3999999999999995,Barishal,Babuganj,22.7839,90.3009,2020-2021,BSBBLW-5_Medium (50–150m),4.650894013576483,PASS
BSBBLW-5,Shallow (<50m),,,,,,,,,,,,,,,,,,,,,,,,,,,,2012-2013,BSBBLW-5_Shallow (<50m),,NO_DATA
BSBBLW-5,Shallow (<50m),,,,,,,,,,,,,,,,,,,,,,,,,,,,2020-2021,BSBBLW-5_Shallow (<50m),,NO_DATA
BSBSPZ-1,Deep (>150m),,,,,,,,,,,,,,,,,,,,,,,,,,,,2012-2013,BSBSPZ-1_Deep (>150m),,NO_DATA
BSBSPZ-1,Deep (>150m),,,,,,,,,,,,,,,,,,,,,,,,,,,,2020-2021,BSBSPZ-1_Deep (>150m),,NO_DATA
BSBSPZ-1,Medium (50–150m),25.0,0.65,0.645,1.5,43.35,2152.5,106.0,7275.0,89.4,6.355,381.25,1.0150000000000001,25.57,117.39,0.0907,6.69695,214.79999999999998,0.90445,11.96,3.95,3715.0,28.4,7.324999999999999,Barishal,Barisal Sadar,22.69474,90.35957,2012-2013,BSBSPZ-1_Medium (50–150m),-50.695758118091724,FAIL
BSBSPZ-1,Medium (50–150m),15.098615,0.7000000000000001,0.10500000000000001,12.0,112.782,2265.0,105.0,6674.5,-8.5,3.24902,250.10000000000002,0.11613000000000001,21.978,37.0494,0.57637,2.5999999999999996,1535.13,4.575,1.0,3.5650000000000004,4245.0,27.2,7.3149999999999995,Barishal,Barishal Sadar,22.70528,90.35957,2020-2021,BSBSPZ-1_Medium (50–150m),5.220710975393292,PASS
BSBSPZ-1,Shallow (<50m),,,,,,,,,,,,,,,,,,,,,,,,,,,,2012-2013,BSBSPZ-1_Shallow (<50m),,NO_DATA
BSBSPZ-1,Shallow (<50m),,,,,,,,,,,,,,,,,,,,,,,,,,,,2020-2021,BSBSPZ-1_Shallow (<50m),,NO_DATA
BSBSPZ-2,Deep (>150m),6.25,0.7,0.225,2.25,49.675,2552.5,152.0,7680.0,89.55,1.27,384.3,0.645,26.345,130.125,0.06325,4.40275,1589.45,0.6830999999999999,46.8,4.300000000000001,3975.0,28.35,7.405,Barishal,Barisal Sadar,22.69473,90.35956,2012-2013,BSBSPZ-2_Deep (>150m),2.2204575964818862,PASS
BSBSPZ-2,Deep (>150m),6.222955,0.8500000000000001,0.285,51.0,136.08259999999999,802.85,151.0,2635.0,-52.550000000000004,0.213035,1177.3,0.129175,39.261,82.1867,0.04854,4.050000000000001,484.262,1.875,50.591,1.31,1645.0,27.2,7.325,Barishal,Barishal Sadar,22.70528,90.35956,2020-2021,BSBSPZ-2_Deep (>150m),-11.418746279884617,FAIL
BSBSPZ-2,Medium (50–150m),,,,,,,,,,,,,,,,,,,,,,,,,,,,2012-2013,BSBSPZ-2_Medium (50–150m),,NO_DATA
BSBSPZ-2,Medium (50–150m),,,,,,,,,,,,,,,,,,,,,,,,,,,,2020-2021,BSBSPZ-2_Medium (50–150m),,NO_DATA
BSBSPZ-2,Shallow (<50m),,,,,,,,,,,,,,,,,,,,,,,,,,,,2012-2013,BSBSPZ-2_Shallow (<50m),,NO_DATA
BSBSPZ-2,Shallow (<50m),,,,,,,,,,,,,,,,,,,,,,,,,,,,2020-2021,BSBSPZ-2_Shallow (<50m),,NO_DATA
BSBSPZ-3,Deep (>150m),1.25,0.5,0.47,1.5,9.735000000000001,247.5,237.0,906.0,48.0,0.476,378.2,1.15,2.825,6.7,0.1357,0.2651,441.45,0.54985,119.22,0.4,462.0,28.200000000000003,8.155,Barishal,Barisal Sadar,22.69471,90.35959,2012-2013,BSBSPZ-3_Deep (>150m),12.754305567652102,FAIL
BSBSPZ-3,Deep (>150m),37.51405,0.9,0.37,12.0,33.65098,291.25,236.0,1017.0,-33.8,0.480445,159.6,0.097185,3.3211500000000003,17.27529,0.28369,1.245,164.675,1.1800000000000002,47.27,0.45,660.5,27.5,7.35,Barishal,Barishal Sadar,22.70528,90.35959,2020-2021,BSBSPZ-3_Deep (>150m),-8.371640377928303,PASS
BSBSPZ-3,Medium (50–150m),,,,,,,,,,,,,,,,,,,,,,,,,,,,2012-2013,BSBSPZ-3_Medium (50–150m),,NO_DATA
BSBSPZ-3,Medium (50–150m),,,,,,,,,,,,,,,,,,,,,,,,,,,,2020-2021,BSBSPZ-3_Medium (50–150m),,NO_DATA
BSBSPZ-3,Shallow (<50m),,,,,,,,,,,,,,,,,,,,,,,,,,,,2012-2013,BSBSPZ-3_Shallow (<50m),,NO_DATA
BSBSPZ-3,Shallow (<50m),,,,,,,,,,,,,,,,,,,,,,,,,,,,2020-2021,BSBSPZ-3_Shallow (<50m),,NO_DATA
BSBSPZ-4,Deep (>150m),0.0,0.0,0.17,1.5,24.595,302.5,293.0,1192.5,90.65,9.58,335.5,0.345,6.5600000000000005,40.974999999999994,0.4425,5.55195,325.79999999999995,0.4895,7.95,0.6,609.5,28.05,7.43,Barishal,Barisal Sadar,22.694699999999997,90.3596,2012-2013,BSBSPZ-4_Deep (>150m),14.698996870521682,FAIL
BSBSPZ-4,Deep (>150m),146.8685,1.1,0.19,6.0,54.4631,380.15,291.0,1011.5,-71.7,2.665325,274.5,0.28882,4.646,18.90025,0.730235,1.1,211.177,1.145,0.5,0.45,635.0,27.2,7.449999999999999,Barishal,Barishal Sadar,22.70528,90.3596,2020-2021,BSBSPZ-4_Deep (>150m),-6.119873669218252,PASS
BSBSPZ-4,Medium (50–150m),,,,,,,,,,,,,,,,,,,,,,,,,,,,2012-2013,BSBSPZ-4_Medium (50–150m),,NO_DATA
BSBSPZ-4,Medium (50–150m),,,,,,,,,,,,,,,,,,,,,,,,,,,,2020-2021,BSBSPZ-4_Medium (50–150m),,NO_DATA
BSBSPZ-4,Shallow (<50m),,,,,,,,,,,,,,,,,,,,,,,,,,,,2012-2013,BSBSPZ-4_Shallow (<50m),,NO_DATA
BSBSPZ-4,Shallow (<50m),,,,,,,,,,,,,,,,,,,,,,,,,,,,2020-2021,BSBSPZ-4_Shallow (<50m),,NO_DATA
BSMLLW-1,Deep (>150m),,,,,,,,,,,,,,,,,,,,,,,,,,,,2012-2013,BSMLLW-1_Deep (>150m),,NO_DATA
BSMLLW-1,Deep (>150m),,,,,,,,,,,,,,,,,,,,,,,,,,,,2020-2021,BSMLLW-1_Deep (>150m),,NO_DATA
BSMLLW-1,Medium (50–150m),72.5,,0.59,18.0,600.5,3740.0,101.0,10000.0,8.1,20.8,122.0,0.94,13.52,364.7,0.4,77.0,2050.8,0.58,0.0,5.7,5700.0,30.9,6.9,Barishal,Muladi,22.98999,90.41668,2012-2013,BSMLLW-1_Medium (50–150m),15.766148466084296,FAIL
BSMLLW-1,Medium (50–150m),3.3924700000000003,0.75,0.14,0.0,434.3385,3697.05,101.0,10372.0,-11.399999999999999,7.363175,189.10000000000002,0.028589999999999997,24.606,98.4905,1.4077700000000002,13.5,1980.6349999999998,2.05,3.51,5.625,6193.0,26.85,7.195,Barishal,Muladi,22.99,90.4167,2020-2021,BSMLLW-1_Medium (50–150m),4.069490774386072,PASS
BSMLLW-1,Shallow (<50m),,,,,,,,,,,,,,,,,,,,,,,,,,,,2012-2013,BSMLLW-1_Shallow (<50m),,NO_DATA
BSMLLW-1,Shallow (<50m),,,,,,,,,,,,,,,,,,,,,,,,,,,,2020-2021,BSMLLW-1_Shallow (<50m),,NO_DATA
BSMLLW-2,Deep (>150m),,,,,,,,,,,,,,,,,,,,,,,,,,,,2012-2013,BSMLLW-2_Deep (>150m),,NO_DATA
BSMLLW-2,Deep (>150m),,,,,,,,,,,,,,,,,,,,,,,,,,,,2020-2021,BSMLLW-2_Deep (>150m),,NO_DATA
BSMLLW-2,Medium (50–150m),72.5,,0.24,0.0,461.45,4750.0,101.0,10560.0,9.7,27.1,85.4,0.39,13.5,244.05,0.7,12.0,1540.4,0.39,0.0,5.8,5913.6,28.5,6.8,Barishal,Muladi,22.9841,90.41405,2012-2013,BSMLLW-2_Medium (50–150m),-9.768228699678637,PASS
BSMLLW-2,Medium (50–150m),27.466800000000003,0.2,0.22499999999999998,12.0,45.871399999999994,522.7,101.0,2004.0,-48.45,1.5657899999999998,228.75,0.07963,15.026,27.33895,0.17218,2.4,300.54999999999995,1.14,1.905,0.97,1313.5,27.1,7.425,Barishal,Muladi,22.9841,90.4141,2020-2021,BSMLLW-2_Medium (50–150m),-2.558301565050001,PASS
BSMLLW-2,Shallow (<50m),,,,,,,,,,,,,,,,,,,,,,,,,,,,2012-2013,BSMLLW-2_Shallow (<50m),,NO_DATA
BSMLLW-2,Shallow (<50m),,,,,,,,,,,,,,,,,,,,,,,,,,,,2020-2021,BSMLLW-2_Shallow (<50m),,NO_DATA
BSMLLW-3,Deep (>150m),,,,,,,,,,,,,,,,,,,,,,,,,,,,2012-2013,BSMLLW-3_Deep (>150m),,NO_DATA
BSMLLW-3,Deep (>150m),,,,,,,,,,,,,,,,,,,,,,,,,,,,2020-2021,BSMLLW-3_Deep (>150m),,NO_DATA
BSMLLW-3,Medium (50–150m),72.5,,0.24,0.0,390.42,3700.0,104.0,9470.0,4.5,18.9,91.5,0.39,12.45,245.06,0.4,96.0,1816.5,0.56,0.0,5.2,5303.2,28.8,7.08,Barishal,Muladi,22.97955,90.41701,2012-2013,BSMLLW-3_Medium (50–150m),5.39049123395893,PASS
BSMLLW-3,Medium (50–150m),10.437909999999999,0.6,0.37,0.0,304.8365,2868.0,104.0,8173.5,-18.15,5.46626,118.95,0.28463,28.7535,38.9073,0.320295,2.2,1508.0700000000002,2.02,2.175,4.54,5199.5,26.79,7.379999999999999,Barishal,Muladi,22.9796,90.417,2020-2021,BSMLLW-3_Medium (50–150m),1.1691522424893017,PASS
BSMLLW-3,Shallow (<50m),,,,,,,,,,,,,,,,,,,,,,,,,,,,2012-2013,BSMLLW-3_Shallow (<50m),,NO_DATA
BSMLLW-3,Shallow (<50m),,,,,,,,,,,,,,,,,,,,,,,,,,,,2020-2021,BSMLLW-3_Shallow (<50m),,NO_DATA
BSMLLW-4,Deep (>150m),,,,,,,,,,,,,,,,,,,,,,,,,,,,2012-2013,BSMLLW-4_Deep (>150m),,NO_DATA
BSMLLW-4,Deep (>150m),,,,,,,,,,,,,,,,,,,,,,,,,,,,2020-2021,BSMLLW-4_Deep (>150m),,NO_DATA
BSMLLW-4,Medium (50–150m),67.5,,1.06,6.0,342.8,3160.0,101.0,8190.0,1.1,17.9,183.0,1.67,16.77,256.82,0.7,4.1,1519.3,0.4,0.0,4.67,4668.3,27.6,7.02,Barishal,Muladi,22.97226,90.41495,2012-2013,BSMLLW-4_Medium (50–150m),6.57657993868145,PASS
BSMLLW-4,Medium (50–150m),76.2188,0.55,0.32,18.0,159.739,519.9,98.0,1534.5,-27.25,8.329625,402.6,0.09313500000000001,9.41,32.64605,1.7411150000000002,2.45,236.285,3.4699999999999998,9.0765,0.725,964.0,26.765,7.445,Barishal,Muladi,22.9723,90.415,2020-2021,BSMLLW-4_Medium (50–150m),-1.5153314549057466,PASS
BSMLLW-4,Shallow (<50m),,,,,,,,,,,,,,,,,,,,,,,,,,,,2012-2013,BSMLLW-4_Shallow (<50m),,NO_DATA
BSMLLW-4,Shallow (<50m),,,,,,,,,,,,,,,,,,,,,,,,,,,,2020-2021,BSMLLW-4_Shallow (<50m),,NO_DATA
BSMLLW-5,Deep (>150m),,,,,,,,,,,,,,,,,,,,,,,,,,,,2012-2013,BSMLLW-5_Deep (>150m),,NO_DATA
BSMLLW-5,Deep (>150m),,,,,,,,,,,,,,,,,,,,,,,,,,,,2020-2021,BSMLLW-5_Deep (>150m),,NO_DATA
BSMLLW-5,Medium (50–150m),17.5,,0.21,0.0,318.6,3930.0,98.0,9930.0,5.8,20.6,146.4,0.34,14.85,233.6,0.6,108.0,1603.5,0.73,0.0,5.8,5660.1,28.6,6.95,Barishal,Muladi,22.96194,90.41435,2012-2013,BSMLLW-5_Medium (50–150m),-4.074988357454419,PASS
BSMLLW-5,Medium (50–150m),66.18315,0.45,0.19,12.0,162.04649999999998,1658.4,98.0,4552.5,-71.1,5.193715,314.15,0.09789,15.907,35.79485,0.5694950000000001,5.55,915.04,1.975,1.5859999999999999,2.4450000000000003,2847.5,27.049999999999997,7.745000000000001,Barishal,Muladi,22.9619,90.4144,2020-2021,BSMLLW-5_Medium (50–150m),-1.0230851298818118,PASS
BSMLLW-5,Shallow (<50m),,,,,,,,,,,,,,,,,,,,,,,,,,,,2012-2013,BSMLLW-5_Shallow (<50m),,NO_DATA
BSMLLW-5,Shallow (<50m),,,,,,,,,,,,,,,,,,,,,,,,,,,,2020-2021,BSMLLW-5_Shallow (<50m),,NO_DATA
BSMLPZ-1,Deep (>150m),,,,,,,,,,,,,,,,,,,,,,,,,,,,2012-2013,BSMLPZ-1_Deep (>150m),,NO_DATA
BSMLPZ-1,Deep (>150m),,,,,,,,,,,,,,,,,,,,,,,,,,,,2020-2021,BSMLPZ-1_Deep (>150m),,NO_DATA
BSMLPZ-1,Medium (50–150m),,,,,,,,,,,,,,,,,,,,,,,,,,,,2012-2013,BSMLPZ-1_Medium (50–150m),,NO_DATA
BSMLPZ-1,Medium (50–150m),,,,,,,,,,,,,,,,,,,,,,,,,,,,2020-2021,BSMLPZ-1_Medium (50–150m),,NO_DATA
BSMLPZ-1,Shallow (<50m),177.5,0.11,0.26,1.5,64.705,250.0,27.0,1078.5,15.7,14.31,399.55,0.245,10.02,46.735,0.175,5.04945,338.75,0.2024,7.745000000000001,0.5800000000000001,603.97,27.4,6.725,Barishal,Muladi,22.96616,90.37233,2012-2013,BSMLPZ-1_Shallow (<50m),23.80713067189577,FAIL
BSMLPZ-1,Shallow (<50m),4.38181,0.75,0.28,0.0,258.66999999999996,1769.6,26.0,5128.0,-79.85,3.937125,186.05,0.12451000000000001,11.869499999999999,37.4164,1.220105,8.0,735.9205,1.04,1.5635,2.79,3390.5,26.2,7.325,Barishal,Nazirpur,22.70528,90.35957,2020-2021,BSMLPZ-1_Shallow (<50m),-4.595293371147646,PASS
BSMLPZ-2,Deep (>150m),,,,,,,,,,,,,,,,,,,,,,,,,,,,2012-2013,BSMLPZ-2_Deep (>150m),,NO_DATA
BSMLPZ-2,Deep (>150m),,,,,,,,,,,,,,,,,,,,,,,,,,,,2020-2021,BSMLPZ-2_Deep (>150m),,NO_DATA
BSMLPZ-2,Medium (50–150m),152.5,0.8,0.605,0.0,48.06,2025.0,115.0,7080.0,28.9,38.8,112.85000000000001,0.8,14.17,139.51,0.28500000000000003,17.90925,1103.8,0.19169999999999998,13.08,3.5,3372.5,28.0,6.5600000000000005,Barishal,Muladi,22.96616,90.37238,2012-2013,BSMLPZ-2_Medium (50–150m),3.3430522425174374,PASS
BSMLPZ-2,Medium (50–150m),7.416855,0.25,0.33,0.0,226.475,2300.5,116.0,6677.0,-42.85,13.60137,30.5,0.063945,10.4475,37.22385,0.28906,4.15,1128.745,1.98,4.13885,5.33,4214.5,25.979999999999997,7.385,Barishal,Nazirpur,22.70528,90.35956,2020-2021,BSMLPZ-2_Medium (50–150m),-1.0609160402890112,PASS
BSMLPZ-2,Shallow (<50m),,,,,,,,,,,,,,,,,,,,,,,,,,,,2012-2013,BSMLPZ-2_Shallow (<50m),,NO_DATA
BSMLPZ-2,Shallow (<50m),,,,,,,,,,,,,,,,,,,,,,,,,,,,2020-2021,BSMLPZ-2_Shallow (<50m),,NO_DATA
BSMLPZ-3,Deep (>150m),7.5,0.7,0.62,0.75,21.4215,1887.5,176.0,5985.0,8.15,6.38,250.10000000000002,1.275,13.129999999999999,77.06,0.365,4.949949999999999,958.65,0.18105,8.54,3.2,3075.0,27.6,6.85,Barishal,Muladi,22.96616,90.37242,2012-2013,BSMLPZ-3_Deep (>150m),-7.399362707766947,PASS
BSMLPZ-3,Deep (>150m),13.04285,0.6,0.085,12.0,151.93099999999998,211.0,157.0,930.5,9.95,5.22832,500.20000000000005,0.064065,4.28265,29.81925,0.68883,3.85,90.384,1.42,2.7395,0.43000000000000005,586.0,26.875,7.305,Barishal,Nazirpur,22.70528,90.35959,2020-2021,BSMLPZ-3_Deep (>150m),-1.4632001454229182,PASS
BSMLPZ-3,Medium (50–150m),,,,,,,,,,,,,,,,,,,,,,,,,,,,2012-2013,BSMLPZ-3_Medium (50–150m),,NO_DATA
BSMLPZ-3,Medium (50–150m),,,,,,,,,,,,,,,,,,,,,,,,,,,,2020-2021,BSMLPZ-3_Medium (50–150m),,NO_DATA
BSMLPZ-3,Shallow (<50m),,,,,,,,,,,,,,,,,,,,,,,,,,,,2012-2013,BSMLPZ-3_Shallow (<50m),,NO_DATA
BSMLPZ-3,Shallow (<50m),,,,,,,,,,,,,,,,,,,,,,,,,,,,2020-2021,BSMLPZ-3_Shallow (<50m),,NO_DATA
BSMLPZ-4,Deep (>150m),0.0,0.55,0.375,1.5,18.064999999999998,217.5,283.0,975.5,-63.5,0.9925,240.95,0.6499999999999999,5.62,7.525,0.0852,2.4,394.75,0.66915,0.14,0.45,512.65,27.15,8.045,Barishal,Muladi,22.96617,90.37244,2012-2013,BSMLPZ-4_Deep (>150m),29.848736509913053,FAIL
BSMLPZ-4,Deep (>150m),2.1901200000000003,0.75,0.135,12.0,70.91454999999999,167.7,277.0,643.5,34.35,2.263855,311.1,0.091725,12.0645,17.054450000000003,0.26989,1.75,81.38749999999999,1.22,1.318,0.325,412.0,26.924999999999997,7.375,Barishal,Nazirpur,22.70528,90.3596,2020-2021,BSMLPZ-4_Deep (>150m),-7.5040576358533135,PASS
BSMLPZ-4,Medium (50–150m),,,,,,,,,,,,,,,,,,,,,,,,,,,,2012-2013,BSMLPZ-4_Medium (50–150m),,NO_DATA
BSMLPZ-4,Medium (50–150m),,,,,,,,,,,,,,,,,,,,,,,,,,,,2020-2021,BSMLPZ-4_Medium (50–150m),,NO_DATA
BSMLPZ-4,Shallow (<50m),,,,,,,,,,,,,,,,,,,,,,,,,,,,2012-2013,BSMLPZ-4_Shallow (<50m),,NO_DATA
BSMLPZ-4,Shallow (<50m),,,,,,,,,,,,,,,,,,,,,,,,,,,,2020-2021,BSMLPZ-4_Shallow (<50m),,NO_DATA
CDFGLW-1,Deep (>150m),,,,,,,,,,,,,,,,,,,,,,,,,,,,2012-2013,CDFGLW-1_Deep (>150m),,NO_DATA
CDFGLW-1,Deep (>150m),,,,,,,,,,,,,,,,,,,,,,,,,,,,2020-2021,CDFGLW-1_Deep (>150m),,NO_DATA
CDFGLW-1,Medium (50–150m),0.0,2.6,0.06,0.0,150.0,1900.0,98.0,5580.0,7.1,14.45,176.9,0.1,16.735,300.0,0.8,2.6,659.45,0.58,0.0,3.2,3180.6,27.2,6.84,Chandpur,Faridganj,23.13298,90.73804,2012-2013,CDFGLW-1_Medium (50–150m),4.459307994903057,PASS
CDFGLW-1,Medium (50–150m),1.93641,0.7,0.26,0.0,355.4125,2590.1,98.0,5780.0,-83.35,12.4916,125.05000000000001,0.12523,14.2385,60.35425,1.98623,3.9000000000000004,1294.03,0.54,4.8635,2.995,3649.5,26.74,7.07,Chandpur,Faridgonj,23.133,90.738,2020-2021,CDFGLW-1_Medium (50–150m),2.955003391166228,PASS
CDFGLW-1,Shallow (<50m),,,,,,,,,,,,,,,,,,,,,,,,,,,,2012-2013,CDFGLW-1_Shallow (<50m),,NO_DATA
CDFGLW-1,Shallow (<50m),,,,,,,,,,,,,,,,,,,,,,,,,,,,2020-2021,CDFGLW-1_Shallow (<50m),,NO_DATA
CDFGLW-2,Deep (>150m),,,,,,,,,,,,,,,,,,,,,,,,,,,,2012-2013,CDFGLW-2_Deep (>150m),,NO_DATA
CDFGLW-2,Deep (>150m),,,,,,,,,,,,,,,,,,,,,,,,,,,,2020-2021,CDFGLW-2_Deep (>150m),,NO_DATA
CDFGLW-2,Medium (50–150m),7.5,0.3,0.19,12.0,40.0,1730.0,80.0,5230.0,-1.3,7.0,61.0,0.3,21.087,240.0,0.3,27.9,958.55,0.96,0.0,1.8,2928.8,28.5,7.03,Chandpur,Faridganj,23.13072,90.74527,2012-2013,CDFGLW-2_Medium (50–150m),11.802702310514242,FAIL
CDFGLW-2,Medium (50–150m),1.575955,0.35,0.060000000000000005,18.0,20.8462,106.325,79.0,395.5,-109.25,1.5284650000000002,157.64999999999998,0.06382,5.7985500000000005,12.36729,0.09874,1.0,60.717999999999996,0.655,3.0545,0.165,247.5,26.75,7.135,Chandpur,Faridgonj,23.1307,90.7453,2020-2021,CDFGLW-2_Medium (50–150m),-12.310706152018682,FAIL
CDFGLW-2,Shallow (<50m),,,,,,,,,,,,,,,,,,,,,,,,,,,,2012-2013,CDFGLW-2_Shallow (<50m),,NO_DATA
CDFGLW-2,Shallow (<50m),,,,,,,,,,,,,,,,,,,,,,,,,,,,2020-2021,CDFGLW-2_Shallow (<50m),,NO_DATA
CDFGLW-3,Deep (>150m),,,,,,,,,,,,,,,,,,,,,,,,,,,,2012-2013,CDFGLW-3_Deep (>150m),,NO_DATA
CDFGLW-3,Deep (>150m),,,,,,,,,,,,,,,,,,,,,,,,,,,,2020-2021,CDFGLW-3_Deep (>150m),,NO_DATA
CDFGLW-3,Medium (50–150m),7.5,1.3,0.08,0.0,190.0,2200.0,92.0,6020.0,16.5,23.05,61.0,0.12,12.614,250.0,1.2,15.7,603.4,0.56,0.0,2.9,3250.8,27.0,6.71,Chandpur,Faridganj,23.12368,90.755,2012-2013,CDFGLW-3_Medium (50–150m),-4.828162345657754,PASS
CDFGLW-3,Medium (50–150m),5.7496,1.0,0.055,0.0,352.976,1951.55,91.0,5777.5,-86.7,10.14175,140.3,0.101495,14.313,60.2139,1.62935,2.95,556.7565,0.375,5.089,3.045,3676.5,26.79,6.445,Chandpur,Faridgonj,23.1237,90.755,2020-2021,CDFGLW-3_Medium (50–150m),-9.454728024017184,PASS
CDFGLW-3,Shallow (<50m),,,,,,,,,,,,,,,,,,,,,,,,,,,,2012-2013,CDFGLW-3_Shallow (<50m),,NO_DATA
CDFGLW-3,Shallow (<50m),,,,,,,,,,,,,,,,,,,,,,,,,,,,2020-2021,CDFGLW-3_Shallow (<50m),,NO_DATA
CDFGLW-4,Deep (>150m),,,,,,,,,,,,,,,,,,,,,,,,,,,,2012-2013,CDFGLW-4_Deep (>150m),,NO_DATA
CDFGLW-4,Deep (>150m),,,,,,,,,,,,,,,,,,,,,,,,,,,,2020-2021,CDFGLW-4_Deep (>150m),,NO_DATA
CDFGLW-4,Medium (50–150m),12.5,0.9,0.09,0.0,200.0,2400.0,95.0,6320.0,4.3,3.1,54.9,0.15,12.915,250.0,0.3,2.1,767.05,0.31,0.0,3.6,3539.2,27.3,6.93,Chandpur,Faridganj,23.11444,90.75957,2012-2013,CDFGLW-4_Medium (50–150m),-3.2099295309386737,PASS
CDFGLW-4,Medium (50–150m),9.603200000000001,0.35,0.060000000000000005,0.0,383.211,2532.05,95.0,6170.0,-52.95,8.91053,204.35,0.095685,14.5155,49.610299999999995,0.80321,2.0,1078.2675,0.58,1.2189999999999999,3.36,4020.5,26.375,6.635,Chandpur,Faridgonj,23.1144,90.7596,2020-2021,CDFGLW-4_Medium (50–150m),-2.7583640208241644,PASS
CDFGLW-4,Shallow (<50m),,,,,,,,,,,,,,,,,,,,,,,,,,,,2012-2013,CDFGLW-4_Shallow (<50m),,NO_DATA
CDFGLW-4,Shallow (<50m),,,,,,,,,,,,,,,,,,,,,,,,,,,,2020-2021,CDFGLW-4_Shallow (<50m),,NO_DATA
CDFGLW-5,Deep (>150m),,,,,,,,,,,,,,,,,,,,,,,,,,,,2012-2013,CDFGLW-5_Deep (>150m),,NO_DATA
CDFGLW-5,Deep (>150m),,,,,,,,,,,,,,,,,,,,,,,,,,,,2020-2021,CDFGLW-5_Deep (>150m),,NO_DATA
CDFGLW-5,Medium (50–150m),52.5,0.2,0.08,0.0,270.0,2500.0,92.0,7490.0,9.3,3.05,79.3,0.13,14.587,238.22,0.7,12.2,1079.0,0.54,1.0,4.3,4194.4,27.8,6.95,Chandpur,Faridganj,23.10885,90.76363,2012-2013,CDFGLW-5_Medium (50–150m),5.5499014632141765,PASS
CDFGLW-5,Medium (50–150m),100.34571000000001,0.8,0.07,18.0,227.1255,1278.9,91.0,4189.5,-84.6,5.57861,234.85000000000002,0.304295,12.3915,47.559,0.29537,1.85,596.785,0.605,1.7615,2.015,2592.5,26.375,6.715,Chandpur,Faridgonj,23.1089,90.7636,2020-2021,CDFGLW-5_Medium (50–150m),1.3675468721034982,PASS
CDFGLW-5,Shallow (<50m),,,,,,,,,,,,,,,,,,,,,,,,,,,,2012-2013,CDFGLW-5_Shallow (<50m),,NO_DATA
CDFGLW-5,Shallow (<50m),,,,,,,,,,,,,,,,,,,,,,,,,,,,2020-2021,CDFGLW-5_Shallow (<50m),,NO_DATA
CDHCLW-1,Deep (>150m),,,,,,,,,,,,,,,,,,,,,,,,,,,,2012-2013,CDHCLW-1_Deep (>150m),,NO_DATA
CDHCLW-1,Deep (>150m),,,,,,,,,,,,,,,,,,,,,,,,,,,,2020-2021,CDHCLW-1_Deep (>150m),,NO_DATA
CDHCLW-1,Medium (50–150m),102.5,1.5,0.17,12.0,60.0,2800.0,86.0,8581.0,-17.9,3.72,189.1,0.27,15.12,290.0,0.2,27.3,468.83,0.85,0.0,3.62,4580.0,27.7,7.33,Chandpur,Haimchar,23.0904,90.65055,2012-2013,CDHCLW-1_Medium (50–150m),-26.901792352085746,FAIL
CDHCLW-1,Medium (50–150m),39.44645,0.7,0.13,0.0,93.7091,63.2,86.0,521.0,-29.049999999999997,2.134905,375.15,0.083135,7.2815,17.4147,1.080035,1.0,26.3587,0.615,2.3295,0.26,310.0,26.35,7.140000000000001,Chandpur,Haimchar,23.090469,90.650538,2020-2021,CDHCLW-1_Medium (50–150m),-2.9351783325064518,PASS
CDHCLW-1,Shallow (<50m),,,,,,,,,,,,,,,,,,,,,,,,,,,,2012-2013,CDHCLW-1_Shallow (<50m),,NO_DATA
CDHCLW-1,Shallow (<50m),,,,,,,,,,,,,,,,,,,,,,,,,,,,2020-2021,CDHCLW-1_Shallow (<50m),,NO_DATA
CDHCLW-2,Deep (>150m),,,,,,,,,,,,,,,,,,,,,,,,,,,,2012-2013,CDHCLW-2_Deep (>150m),,NO_DATA
CDHCLW-2,Deep (>150m),,,,,,,,,,,,,,,,,,,,,,,,,,,,2020-2021,CDHCLW-2_Deep (>150m),,NO_DATA
CDHCLW-2,Medium (50–150m),52.5,1.4,0.11,12.0,50.0,2600.0,92.0,7660.0,-26.4,3.1,122.0,0.18,1.08,230.0,0.1,31.2,72.825,1.3,0.0,3.15,4020.0,27.2,7.42,Chandpur,Haimchar,23.09298,90.65435,2012-2013,CDHCLW-2_Medium (50–150m),-51.03276818925722,FAIL
CDHCLW-2,Medium (50–150m),4.791945,0.65,0.182,18.0,39.1469,136.15,92.0,681.0,-1.75,1.015295,138.55,0.079295,7.36365,17.89844,0.491525,2.25,68.03389999999999,0.625,2.3645,0.295,427.5,27.875,7.235,Chandpur,Haimchar,23.093,90.6544,2020-2021,CDHCLW-2_Medium (50–150m),-1.3977148051060626,PASS
CDHCLW-2,Shallow (<50m),,,,,,,,,,,,,,,,,,,,,,,,,,,,2012-2013,CDHCLW-2_Shallow (<50m),,NO_DATA
CDHCLW-2,Shallow (<50m),,,,,,,,,,,,,,,,,,,,,,,,,,,,2020-2021,CDHCLW-2_Shallow (<50m),,NO_DATA
CDHCLW-3,Deep (>150m),,,,,,,,,,,,,,,,,,,,,,,,,,,,2012-2013,CDHCLW-3_Deep (>150m),,NO_DATA
CDHCLW-3,Deep (>150m),,,,,,,,,,,,,,,,,,,,,,,,,,,,2020-2021,CDHCLW-3_Deep (>150m),,NO_DATA
CDHCLW-3,Medium (50–150m),7.5,1.9,0.07,6.0,120.0,2250.0,98.0,4970.0,9.7,14.26,128.1,0.12,18.278,240.0,0.6,13.5,1427.8,0.75,0.0,2.57,3340.0,27.5,7.11,Chandpur,Haimchar,23.09442,90.65895,2012-2013,CDHCLW-3_Medium (50–150m),14.748379220491284,FAIL
CDHCLW-3,Medium (50–150m),6.5934349999999995,0.6499999999999999,0.055,18.0,30.19135,147.05,98.0,571.5,-55.05,1.030375,162.89999999999998,0.07103999999999999,6.58525,13.62744,0.09779499999999999,2.2,65.29305000000001,0.36,0.8645,0.26,354.5,28.265,7.325,Chandpur,Haimchar,23.0945,90.6591,2020-2021,CDHCLW-3_Medium (50–150m),-13.718930883975188,FAIL
CDHCLW-3,Shallow (<50m),,,,,,,,,,,,,,,,,,,,,,,,,,,,2012-2013,CDHCLW-3_Shallow (<50m),,NO_DATA
CDHCLW-3,Shallow (<50m),,,,,,,,,,,,,,,,,,,,,,,,,,,,2020-2021,CDHCLW-3_Shallow (<50m),,NO_DATA
CDHCLW-4,Deep (>150m),,,,,,,,,,,,,,,,,,,,,,,,,,,,2012-2013,CDHCLW-4_Deep (>150m),,NO_DATA
CDHCLW-4,Deep (>150m),,,,,,,,,,,,,,,,,,,,,,,,,,,,2020-2021,CDHCLW-4_Deep (>150m),,NO_DATA
CDHCLW-4,Medium (50–150m),7.5,0.0,0.09,0.0,160.0,2420.0,101.0,7110.0,13.2,18.45,67.1,0.14,15.621,350.0,0.4,17.3,1141.0,0.41,0.0,4.1,3981.6,27.6,6.75,Chandpur,Haimchar,23.09676,90.66627,2012-2013,CDHCLW-4_Medium (50–150m),11.352315490366701,FAIL
CDHCLW-4,Medium (50–150m),4.207125,1.05,0.055,6.0,286.661,2452.55,101.0,7441.0,-49.0,11.4247,137.25,0.108945,17.7195,96.32215,0.9621850000000001,2.7,989.2249999999999,0.985,3.822,3.955,4273.5,27.55,6.605,Chandpur,Haimchar,23.0968,90.6663,2020-2021,CDHCLW-4_Medium (50–150m),-4.0771325671573,PASS
CDHCLW-4,Shallow (<50m),,,,,,,,,,,,,,,,,,,,,,,,,,,,2012-2013,CDHCLW-4_Shallow (<50m),,NO_DATA
CDHCLW-4,Shallow (<50m),,,,,,,,,,,,,,,,,,,,,,,,,,,,2020-2021,CDHCLW-4_Shallow (<50m),,NO_DATA
CDHCLW-5,Deep (>150m),,,,,,,,,,,,,,,,,,,,,,,,,,,,2012-2013,CDHCLW-5_Deep (>150m),,NO_DATA
CDHCLW-5,Deep (>150m),,,,,,,,,,,,,,,,,,,,,,,,,,,,2020-2021,CDHCLW-5_Deep (>150m),,NO_DATA
CDHCLW-5,Medium (50–150m),7.5,0.9,0.08,0.0,60.0,887.5,89.0,2670.0,-22.4,1.1,91.5,0.12,21.038,65.0,0.1,13.1,564.3,0.41,0.0,1.34,1778.0,27.2,7.38,Chandpur,Haimchar,23.09128,90.67039,2012-2013,CDHCLW-5_Medium (50–150m),11.145408249030691,FAIL
CDHCLW-5,Medium (50–150m),6.070225000000001,0.44999999999999996,0.055,3.0,22.79185,97.55,89.0,601.5,-38.85,1.591845,105.55,0.064295,7.46675,20.7982,0.09168,2.4499999999999997,42.1344,0.855,1.0436,0.22,381.5,26.45,6.835,Chandpur,Haimchar,23.0913,90.6704,2020-2021,CDHCLW-5_Medium (50–150m),2.7414521376764474,PASS
CDHCLW-5,Shallow (<50m),,,,,,,,,,,,,,,,,,,,,,,,,,,,2012-2013,CDHCLW-5_Shallow (<50m),,NO_DATA
CDHCLW-5,Shallow (<50m),,,,,,,,,,,,,,,,,,,,,,,,,,,,2020-2021,CDHCLW-5_Shallow (<50m),,NO_DATA
CDKAPZ-1,Deep (>150m),,,,,,,,,,,,,,,,,,,,,,,,,,,,2012-2013,CDKAPZ-1_Deep (>150m),,NO_DATA
CDKAPZ-1,Deep (>150m),,,,,,,,,,,,,,,,,,,,,,,,,,,,2020-2021,CDKAPZ-1_Deep (>150m),,NO_DATA
CDKAPZ-1,Medium (50–150m),,,,,,,,,,,,,,,,,,,,,,,,,,,,2012-2013,CDKAPZ-1_Medium (50–150m),,NO_DATA
CDKAPZ-1,Medium (50–150m),,,,,,,,,,,,,,,,,,,,,,,,,,,,2020-2021,CDKAPZ-1_Medium (50–150m),,NO_DATA
CDKAPZ-1,Shallow (<50m),,,,,,,,,,,,,,,,,,,,,,,,,,,,2012-2013,CDKAPZ-1_Shallow (<50m),,NO_DATA
CDKAPZ-1,Shallow (<50m),3.96376,0.55,0.125,18.0,37.2144,548.55,25.0,2491.5,-84.2,6.48571,247.05,0.073135,14.385200000000001,17.074995,0.07613,4.7,334.874,0.645,44.5,1.2,961.0,26.450000000000003,7.1899999999999995,Chandpur,Kachua,23.38784,90.60608,2020-2021,CDKAPZ-1_Shallow (<50m),-6.854925402157249,PASS
CDKAPZ-2,Deep (>150m),,,,,,,,,,,,,,,,,,,,,,,,,,,,2012-2013,CDKAPZ-2_Deep (>150m),,NO_DATA
CDKAPZ-2,Deep (>150m),4.303535,0.7,0.065,6.0,34.4669,134.2,183.0,972.5,-26.55,4.30992,158.6,0.06185,10.2122,22.386200000000002,0.518965,0.8,95.9214,0.35,42.7815,0.42000000000000004,595.0,26.025,7.3149999999999995,Chandpur,Kachua,23.38784,90.60611,2020-2021,CDKAPZ-2_Deep (>150m),4.273826730413339,PASS
CDKAPZ-2,Medium (50–150m),,,,,,,,,,,,,,,,,,,,,,,,,,,,2012-2013,CDKAPZ-2_Medium (50–150m),,NO_DATA
CDKAPZ-2,Medium (50–150m),,,,,,,,,,,,,,,,,,,,,,,,,,,,2020-2021,CDKAPZ-2_Medium (50–150m),,NO_DATA
CDKAPZ-2,Shallow (<50m),,,,,,,,,,,,,,,,,,,,,,,,,,,,2012-2013,CDKAPZ-2_Shallow (<50m),,NO_DATA
CDKAPZ-2,Shallow (<50m),,,,,,,,,,,,,,,,,,,,,,,,,,,,2020-2021,CDKAPZ-2_Shallow (<50m),,NO_DATA
CDKAPZ-3,Deep (>150m),,,,,,,,,,,,,,,,,,,,,,,,,,,,2012-2013,CDKAPZ-3_Deep (>150m),,NO_DATA
CDKAPZ-3,Deep (>150m),4.915875000000001,0.7,0.060000000000000005,6.0,31.280450000000002,252.35,281.0,871.0,-26.95,4.11096,173.85000000000002,0.05685,9.5028,15.20293,0.11993499999999999,0.8500000000000001,144.4135,0.405,33.5,0.45499999999999996,507.5,26.4,7.505,Chandpur,Kachua,23.38784,90.60612,2020-2021,CDKAPZ-3_Deep (>150m),-6.883564470488983,PASS
CDKAPZ-3,Medium (50–150m),,,,,,,,,,,,,,,,,,,,,,,,,,,,2012-2013,CDKAPZ-3_Medium (50–150m),,NO_DATA
CDKAPZ-3,Medium (50–150m),,,,,,,,,,,,,,,,,,,,,,,,,,,,2020-2021,CDKAPZ-3_Medium (50–150m),,NO_DATA
CDKAPZ-3,Shallow (<50m),,,,,,,,,,,,,,,,,,,,,,,,,,,,2012-2013,CDKAPZ-3_Shallow (<50m),,NO_DATA
CDKAPZ-3,Shallow (<50m),,,,,,,,,,,,,,,,,,,,,,,,,,,,2020-2021,CDKAPZ-3_Shallow (<50m),,NO_DATA
CDKAPZ-4,Deep (>150m),,,,,,,,,,,,,,,,,,,,,,,,,,,,2012-2013,CDKAPZ-4_Deep (>150m),,NO_DATA
CDKAPZ-4,Deep (>150m),83.3226,0.5,0.12000000000000001,18.0,45.9911,244.85,336.0,796.5,41.95,4.227455,235.5,0.10697000000000001,13.048,21.794145,0.39652,4.0,126.7296,2.62,27.0,0.36,503.0,26.1,7.01,Chandpur,Kachua,23.38784,90.60613,2020-2021,CDKAPZ-4_Deep (>150m),-8.90541160490642,PASS
CDKAPZ-4,Medium (50–150m),,,,,,,,,,,,,,,,,,,,,,,,,,,,2012-2013,CDKAPZ-4_Medium (50–150m),,NO_DATA
CDKAPZ-4,Medium (50–150m),,,,,,,,,,,,,,,,,,,,,,,,,,,,2020-2021,CDKAPZ-4_Medium (50–150m),,NO_DATA
CDKAPZ-4,Shallow (<50m),,,,,,,,,,,,,,,,,,,,,,,,,,,,2012-2013,CDKAPZ-4_Shallow (<50m),,NO_DATA
CDKAPZ-4,Shallow (<50m),,,,,,,,,,,,,,,,,,,,,,,,,,,,2020-2021,CDKAPZ-4_Shallow (<50m),,NO_DATA
CDUM2LW-1,Deep (>150m),,,,,,,,,,,,,,,,,,,,,,,,,,,,2012-2013,CDUM2LW-1_Deep (>150m),,NO_DATA
CDUM2LW-1,Deep (>150m),,,,,,,,,,,,,,,,,,,,,,,,,,,,2020-2021,CDUM2LW-1_Deep (>150m),,NO_DATA
CDUM2LW-1,Medium (50–150m),22.5,0.1,0.05,6.0,90.0,495.0,95.0,1991.0,14.2,0.07,103.7,0.09,5.6,60.0,0.3,1.6,415.8,0.74,9.0,0.9,1336.0,28.7,7.22,Chandpur,Uttar Matlab2,23.3744,90.70399,2012-2013,CDUM2LW-1_Medium (50–150m),26.440962610511104,FAIL
CDUM2LW-1,Medium (50–150m),1.8574,0.1,0.02,0.0,159.9,690.0,80.0,2712.0,59.2,0.11685,201.3,0.11,6.49,51.88,0.5057,1.4,181.69,2.02,39.0,1.39,1763.0,27.3,6.61,Chandpur,Matlab,23.3744,90.704,2020-2021,CDUM2LW-1_Medium (50–150m),-7.54486733133153,PASS
CDUM2LW-1,Shallow (<50m),,,,,,,,,,,,,,,,,,,,,,,,,,,,2012-2013,CDUM2LW-1_Shallow (<50m),,NO_DATA
CDUM2LW-1,Shallow (<50m),,,,,,,,,,,,,,,,,,,,,,,,,,,,2020-2021,CDUM2LW-1_Shallow (<50m),,NO_DATA
CDUM2LW-2,Deep (>150m),,,,,,,,,,,,,,,,,,,,,,,,,,,,2012-2013,CDUM2LW-2_Deep (>150m),,NO_DATA
CDUM2LW-2,Deep (>150m),,,,,,,,,,,,,,,,,,,,,,,,,,,,2020-2021,CDUM2LW-2_Deep (>150m),,NO_DATA
CDUM2LW-2,Medium (50–150m),22.5,0.8,0.08,6.0,30.0,387.5,98.0,1717.0,10.0,0.75,128.1,0.12,5.166,40.0,0.1,2.0,195.65,0.93,2.0,0.8,1151.0,28.0,7.2,Chandpur,Uttar Matlab2,23.38367,90.70474,2012-2013,CDUM2LW-2_Medium (50–150m),0.48075520209862643,PASS
CDUM2LW-2,Medium (50–150m),2.7534,0.1,0.33,12.0,86.88,352.0,98.0,1565.0,20.1,3.42974,115.9,0.27,11.61,46.79,0.36984,0.4,79.47,0.9,94.0,0.77,1019.0,26.65,6.77,Chandpur,Matlab,23.3837,90.7047,2020-2021,CDUM2LW-2_Medium (50–150m),-8.154525490027256,PASS
CDUM2LW-2,Shallow (<50m),,,,,,,,,,,,,,,,,,,,,,,,,,,,2012-2013,CDUM2LW-2_Shallow (<50m),,NO_DATA
CDUM2LW-2,Shallow (<50m),,,,,,,,,,,,,,,,,,,,,,,,,,,,2020-2021,CDUM2LW-2_Shallow (<50m),,NO_DATA
CDUM2LW-3,Deep (>150m),,,,,,,,,,,,,,,,,,,,,,,,,,,,2012-2013,CDUM2LW-3_Deep (>150m),,NO_DATA
CDUM2LW-3,Deep (>150m),,,,,,,,,,,,,,,,,,,,,,,,,,,,2020-2021,CDUM2LW-3_Deep (>150m),,NO_DATA
CDUM2LW-3,Medium (50–150m),7.5,2.9,0.04,6.0,50.0,109.0,89.0,760.0,5.9,1.8,109.8,0.07,2.308,40.0,0.5,1.5,41.9,0.83,0.0,0.3,509.0,27.9,7.07,Chandpur,Uttar Matlab2,23.3889,90.70016,2012-2013,CDUM2LW-3_Medium (50–150m),20.399585209703712,FAIL
CDUM2LW-3,Medium (50–150m),0.0384,0.9,0.21,12.0,77.9,315.0,88.0,704.0,-21.3,11.0983,128.1,0.29,12.09,41.41,0.38083,1.2,96.05,2.04,56.0,0.3,456.0,26.4,7.25,Chandpur,Matlab,23.3889,90.7002,2020-2021,CDUM2LW-3_Medium (50–150m),-1.774978073551899,PASS
CDUM2LW-3,Shallow (<50m),,,,,,,,,,,,,,,,,,,,,,,,,,,,2012-2013,CDUM2LW-3_Shallow (<50m),,NO_DATA
CDUM2LW-3,Shallow (<50m),,,,,,,,,,,,,,,,,,,,,,,,,,,,2020-2021,CDUM2LW-3_Shallow (<50m),,NO_DATA
CDUM2LW-4,Deep (>150m),,,,,,,,,,,,,,,,,,,,,,,,,,,,2012-2013,CDUM2LW-4_Deep (>150m),,NO_DATA
CDUM2LW-4,Deep (>150m),,,,,,,,,,,,,,,,,,,,,,,,,,,,2020-2021,CDUM2LW-4_Deep (>150m),,NO_DATA
CDUM2LW-4,Medium (50–150m),22.5,0.0,0.06,6.0,50.0,75.0,86.0,579.0,22.8,0.66,152.5,0.09,4.895,20.0,0.0,3.0,33.9,1.15,0.0,0.2,389.0,28.8,7.36,Chandpur,Uttar Matlab2,23.39362,90.69541,2012-2013,CDUM2LW-4_Medium (50–150m),8.109863126764976,PASS
CDUM2LW-4,Medium (50–150m),6.879,1.0,0.14,36.0,35.98,98.0,85.0,627.0,35.0,14.7674,134.2,0.22,10.78,22.62,0.35347,2.3,70.04,2.97,54.0,0.26,408.0,26.0,6.67,Chandpur,Matlab,23.3936,90.6954,2020-2021,CDUM2LW-4_Medium (50–150m),0.6841105636469219,PASS
CDUM2LW-4,Shallow (<50m),,,,,,,,,,,,,,,,,,,,,,,,,,,,2012-2013,CDUM2LW-4_Shallow (<50m),,NO_DATA
CDUM2LW-4,Shallow (<50m),,,,,,,,,,,,,,,,,,,,,,,,,,,,2020-2021,CDUM2LW-4_Shallow (<50m),,NO_DATA
CDUM2LW-5,Deep (>150m),,1.2,0.06,6.0,50.0,225.0,183.0,1143.0,,,103.7,0.09,3.415,36.42,0.1,1.6,62.0,1.39,0.0,0.5,640.08,,,Chandpur,Uttar Matlab2,23.40961,90.69329,2012-2013,CDUM2LW-5_Deep (>150m),-0.21560835377509843,PASS
CDUM2LW-5,Deep (>150m),,,,,,,,,,,,,,,,,,,,,,,,,,,,2020-2021,CDUM2LW-5_Deep (>150m),,NO_DATA
CDUM2LW-5,Medium (50–150m),22.5,0.0,0.09,6.0,40.0,103.0,98.0,712.0,23.2,1.77,109.8,0.09,3.757,60.0,0.1,3.2,84.85,0.63,0.0,0.3,479.0,29.8,7.38,Chandpur,Uttar Matlab2,23.40961,90.69313,2012-2013,CDUM2LW-5_Medium (50–150m),36.86366367353357,FAIL
CDUM2LW-5,Medium (50–150m),1.3037,0.7,0.06,0.0,54.99,371.0,98.0,1028.0,66.0,0.53718,176.9,0.15,4.91,22.35,0.40485,0.7,195.54,0.51,39.0,0.49,668.0,26.4,6.49,Chandpur,Matlab,23.4096,90.6931,2020-2021,CDUM2LW-5_Medium (50–150m),-3.478402285050284,PASS
CDUM2LW-5,Shallow (<50m),,0.3,0.05,12.0,20.0,197.0,24.0,997.0,,0.01,122.0,0.07,4.107,35.7,0.1,4.0,208.3,0.29,0.0,0.4,558.32,,,Chandpur,Uttar Matlab2,23.40961,90.6932,2012-2013,CDUM2LW-5_Shallow (<50m),24.014822339025475,FAIL
CDUM2LW-5,Shallow (<50m),,,,,,,,,,,,,,,,,,,,,,,,,,,,2020-2021,CDUM2LW-5_Shallow (<50m),,NO_DATA
CDUMPZ-1,Deep (>150m),,,,,,,,,,,,,,,,,,,,,,,,,,,,2012-2013,CDUMPZ-1_Deep (>150m),,NO_DATA
CDUMPZ-1,Deep (>150m),,,,,,,,,,,,,,,,,,,,,,,,,,,,2020-2021,CDUMPZ-1_Deep (>150m),,NO_DATA
CDUMPZ-1,Medium (50–150m),1.25,0.4,0.365,1.5,55.355000000000004,385.0,100.0,1761.5,-28.749999999999996,3.8099999999999996,234.85,0.595,5.140000000000001,24.215,0.10125,0.89605,309.05,0.2941,8.530000000000001,0.875,950.05,27.4,7.295,Chandpur,Uttar Matlab,23.38783,90.60608,2012-2013,CDUMPZ-1_Medium (50–150m),10.498803174961136,FAIL
CDUMPZ-1,Medium (50–150m),34.6569,0.6,0.135,6.0,41.7267,123.6,101.0,1284.0,-102.5,1.98343,185.45,0.290685,6.804500000000001,14.782194999999998,0.645815,0.9,80.37885,0.445,6.6695,0.645,790.0,26.45,7.15,Chandpur,Uttar Matlab,23.38783,90.60608,2020-2021,CDUMPZ-1_Medium (50–150m),1.2214623302890866,PASS
CDUMPZ-1,Shallow (<50m),,,,,,,,,,,,,,,,,,,,,,,,,,,,2012-2013,CDUMPZ-1_Shallow (<50m),,NO_DATA
CDUMPZ-1,Shallow (<50m),86.74494999999999,1.0,0.07,0.0,92.1105,155.65,30.0,951.35,-165.0,1.9412850000000001,356.85,0.149985,6.7385,35.2391,0.09276,1.9,61.42035,0.185,13.5,0.735,565.64,26.8,7.16,Chandpur,Uttar Matlab,23.38781,90.60612,2020-2021,CDUMPZ-1_Shallow (<50m),-0.6823610972052578,PASS
CDUMPZ-2,Deep (>150m),1.25,0.55,0.78,1.5,36.915,306.25,176.0,1001.0,-27.05,1.3,274.5,0.79,5.015000000000001,26.005,0.0435,0.25925,249.22500000000002,0.3239,8.27,0.5700000000000001,570.595,29.05,7.28,Chandpur,Uttar Matlab,23.38783,90.60611,2012-2013,CDUMPZ-2_Deep (>150m),5.729144102609656,PASS
CDUMPZ-2,Deep (>150m),4.4696,0.9,0.1,0.0,69.52695,182.8,177.0,1359.5,-125.0,1.25587,250.10000000000002,0.097555,7.241,43.45215,0.82438,1.05,83.56065000000001,0.14,31.5,0.5449999999999999,668.0,26.5,7.0600000000000005,Chandpur,Uttar Matlab,23.38783,90.60611,2020-2021,CDUMPZ-2_Deep (>150m),4.828531966264188,PASS
CDUMPZ-2,Medium (50–150m),,,,,,,,,,,,,,,,,,,,,,,,,,,,2012-2013,CDUMPZ-2_Medium (50–150m),,NO_DATA
CDUMPZ-2,Medium (50–150m),,,,,,,,,,,,,,,,,,,,,,,,,,,,2020-2021,CDUMPZ-2_Medium (50–150m),,NO_DATA
CDUMPZ-2,Shallow (<50m),,,,,,,,,,,,,,,,,,,,,,,,,,,,2012-2013,CDUMPZ-2_Shallow (<50m),,NO_DATA
CDUMPZ-2,Shallow (<50m),,,,,,,,,,,,,,,,,,,,,,,,,,,,2020-2021,CDUMPZ-2_Shallow (<50m),,NO_DATA
CDUMPZ-3,Deep (>150m),0.0,0.35,0.585,0.0,71.65,463.75,304.0,1819.5,-20.55,2.725,259.25,1.045,7.140000000000001,39.339999999999996,1.1975,0.33415,309.85,0.27359999999999995,9.754999999999999,0.97,1025.75,27.7,7.345,Chandpur,Uttar Matlab,23.38781,90.60612,2012-2013,CDUMPZ-3_Deep (>150m),8.038297626156885,PASS
CDUMPZ-3,Deep (>150m),4.114935,0.2,0.13,18.0,60.2563,228.05,305.0,1145.5,-93.19999999999999,1.30992,201.3,0.16801,6.3447499999999994,36.42725,0.156165,1.0,87.18039999999999,0.1,24.5,0.535,626.5,26.9,7.165,Chandpur,Uttar Matlab,23.38781,90.60612,2020-2021,CDUMPZ-3_Deep (>150m),-4.069494523100301,PASS
CDUMPZ-3,Medium (50–150m),,,,,,,,,,,,,,,,,,,,,,,,,,,,2012-2013,CDUMPZ-3_Medium (50–150m),,NO_DATA
CDUMPZ-3,Medium (50–150m),,,,,,,,,,,,,,,,,,,,,,,,,,,,2020-2021,CDUMPZ-3_Medium (50–150m),,NO_DATA
CDUMPZ-3,Shallow (<50m),,,,,,,,,,,,,,,,,,,,,,,,,,,,2012-2013,CDUMPZ-3_Shallow (<50m),,NO_DATA
CDUMPZ-3,Shallow (<50m),,,,,,,,,,,,,,,,,,,,,,,,,,,,2020-2021,CDUMPZ-3_Shallow (<50m),,NO_DATA
CHANLW-1,Deep (>150m),,,,,,,,,,,,,,,,,,,,,,,,,,,,2012-2013,CHANLW-1_Deep (>150m),,NO_DATA
CHANLW-1,Deep (>150m),,,,,,,,,,,,,,,,,,,,,,,,,,,,2020-2021,CHANLW-1_Deep (>150m),,NO_DATA
CHANLW-1,Medium (50–150m),3.75,,0.02,0.0,5.97425,48.625,101.0,197.4,-59.1,1.75,67.1,0.30000000000000004,4.02845,8.93,0.0,1.4500000000000002,45.325,0.78,7.0,0.04,113.8,28.8,8.2,Chattogram,Anowara,22.22619,91.83062,2012-2013,CHANLW-1_Medium (50–150m),8.657539393635757,PASS
CHANLW-1,Medium (50–150m),1.574375,0.4,0.245,0.0,7.026625,66.1,101.0,466.5,56.89999999999999,1.910795,34.9,0.07627,4.17155,4.09177,0.31665,1.45,30.20485,0.60703,1.0,0.22999999999999998,455.13,27.96,7.145,Chattogram,Anwara,22.221093,91.840435,2020-2021,CHANLW-1_Medium (50–150m),-6.6550538801643215,PASS
CHANLW-1,Shallow (<50m),,,,,,,,,,,,,,,,,,,,,,,,,,,,2012-2013,CHANLW-1_Shallow (<50m),,NO_DATA
CHANLW-1,Shallow (<50m),,,,,,,,,,,,,,,,,,,,,,,,,,,,2020-2021,CHANLW-1_Shallow (<50m),,NO_DATA
CHANLW-2,Deep (>150m),,,,,,,,,,,,,,,,,,,,,,,,,,,,2012-2013,CHANLW-2_Deep (>150m),,NO_DATA
CHANLW-2,Deep (>150m),,,,,,,,,,,,,,,,,,,,,,,,,,,,2020-2021,CHANLW-2_Deep (>150m),,NO_DATA
CHANLW-2,Medium (50–150m),0.0,,0.02,0.0,0.5297,19.9,101.0,34.95,-4.4,1.175,33.55,0.35,1.38705,5.1092,0.0,2.35,13.05,0.245,0.0,0.11,20.5,29.85,8.45,Chattogram,Anowara,22.22602,91.84218,2012-2013,CHANLW-2_Medium (50–150m),-2.8788516962141815,PASS
CHANLW-2,Medium (50–150m),0.04265,1.1,0.275,6.0,6.414465,27.6,101.0,464.5,56.8,2.976365,57.949999999999996,0.105565,7.203100000000001,4.195465,0.077635,1.25,23.64864,0.61444,1.5,0.22000000000000003,478.43,27.0,7.720000000000001,Chattogram,Anwara,22.226561,91.845095,2020-2021,CHANLW-2_Medium (50–150m),-0.2850977535882007,PASS
CHANLW-2,Shallow (<50m),,,,,,,,,,,,,,,,,,,,,,,,,,,,2012-2013,CHANLW-2_Shallow (<50m),,NO_DATA
CHANLW-2,Shallow (<50m),,,,,,,,,,,,,,,,,,,,,,,,,,,,2020-2021,CHANLW-2_Shallow (<50m),,NO_DATA
CHANLW-3,Deep (>150m),,,,,,,,,,,,,,,,,,,,,,,,,,,,2012-2013,CHANLW-3_Deep (>150m),,NO_DATA
CHANLW-3,Deep (>150m),,,,,,,,,,,,,,,,,,,,,,,,,,,,2020-2021,CHANLW-3_Deep (>150m),,NO_DATA
CHANLW-3,Medium (50–150m),0.0,,0.225,6.0,18.052500000000002,45.625,101.0,251.5,-38.3,3.5,82.35,0.44999999999999996,2.1687000000000003,17.5,0.05,2.2,22.69,0.605,0.0,0.095,131.1,28.95,7.95,Chattogram,Anowara,22.2273,91.85301,2012-2013,CHANLW-3_Medium (50–150m),9.67550258560792,PASS
CHANLW-3,Medium (50–150m),0.0382,1.65,0.315,0.0,22.980330000000002,158.05,101.0,510.5,41.05,1.769795,17.7,0.19139,4.79665,9.75789,0.11019999999999999,1.15,57.08655,0.65499,3.0,0.20500000000000002,402.0,27.07,7.805,Chattogram,Anwara,22.227331,91.853478,2020-2021,CHANLW-3_Medium (50–150m),-2.39511439695408,PASS
CHANLW-3,Shallow (<50m),,,,,,,,,,,,,,,,,,,,,,,,,,,,2012-2013,CHANLW-3_Shallow (<50m),,NO_DATA
CHANLW-3,Shallow (<50m),,,,,,,,,,,,,,,,,,,,,,,,,,,,2020-2021,CHANLW-3_Shallow (<50m),,NO_DATA
CHANLW-4,Deep (>150m),,,,,,,,,,,,,,,,,,,,,,,,,,,,2012-2013,CHANLW-4_Deep (>150m),,NO_DATA
CHANLW-4,Deep (>150m),,,,,,,,,,,,,,,,,,,,,,,,,,,,2020-2021,CHANLW-4_Deep (>150m),,NO_DATA
CHANLW-4,Medium (50–150m),0.0,,0.060000000000000005,6.0,16.200000000000003,43.5,104.0,277.5,-34.6,3.1500000000000004,118.95,0.4,2.6871,17.5,0.05,2.7,40.24,0.8200000000000001,0.0,0.1,155.5,28.7,8.05,Chattogram,Anowara,22.22544,91.85963,2012-2013,CHANLW-4_Medium (50–150m),9.652485375904009,PASS
CHANLW-4,Medium (50–150m),1.20073,1.7000000000000002,0.44,6.0,15.806145,100.65,104.0,591.5,-82.5,4.0553,104.69999999999999,0.152535,4.52345,8.29143,0.11100499999999999,1.15,45.47885,1.04355,2.0,0.24,379.5,26.875,7.66,Chattogram,Anwara,22.225458,91.860229,2020-2021,CHANLW-4_Medium (50–150m),-13.241695927311149,FAIL
CHANLW-4,Shallow (<50m),,,,,,,,,,,,,,,,,,,,,,,,,,,,2012-2013,CHANLW-4_Shallow (<50m),,NO_DATA
CHANLW-4,Shallow (<50m),,,,,,,,,,,,,,,,,,,,,,,,,,,,2020-2021,CHANLW-4_Shallow (<50m),,NO_DATA
CHANLW-5,Deep (>150m),,,,,,,,,,,,,,,,,,,,,,,,,,,,2012-2013,CHANLW-5_Deep (>150m),,NO_DATA
CHANLW-5,Deep (>150m),,,,,,,,,,,,,,,,,,,,,,,,,,,,2020-2021,CHANLW-5_Deep (>150m),,NO_DATA
CHANLW-5,Medium (50–150m),0.0,,0.11,0.0,5.3327,48.125,104.0,241.5,-11.7,5.35,88.44999999999999,0.25,2.5141,22.5,0.05,1.6,33.01,0.41000000000000003,14.0,0.05,136.35,28.9,7.5,Chattogram,Anowara,22.23065,91.86895,2012-2013,CHANLW-5_Medium (50–150m),9.69839903661615,PASS
CHANLW-5,Medium (50–150m),9.4538,1.25,0.28500000000000003,3.0,7.112325,54.1,104.0,523.0,-79.45,5.290685,75.65,0.07662000000000001,4.0537,7.37392,0.097835,1.85,30.30475,1.07192,3.5,0.255,455.0,27.049999999999997,7.445,Chattogram,Anwara,22.230696,91.869025,2020-2021,CHANLW-5_Medium (50–150m),-7.631188299027222,PASS
CHANLW-5,Shallow (<50m),,,,,,,,,,,,,,,,,,,,,,,,,,,,2012-2013,CHANLW-5_Shallow (<50m),,NO_DATA
CHANLW-5,Shallow (<50m),,,,,,,,,,,,,,,,,,,,,,,,,,,,2020-2021,CHANLW-5_Shallow (<50m),,NO_DATA
CHBOLW-1,Deep (>150m),,,,,,,,,,,,,,,,,,,,,,,,,,,,2012-2013,CHBOLW-1_Deep (>150m),,NO_DATA
CHBOLW-1,Deep (>150m),,,,,,,,,,,,,,,,,,,,,,,,,,,,2020-2021,CHBOLW-1_Deep (>150m),,NO_DATA
CHBOLW-1,Medium (50–150m),0.0,,0.025,0.0,2.4742499999999996,48.375,89.0,340.0,-26.2,3.4,106.75,0.30000000000000004,23.355,17.5,0.05,10.75,72.535,4.54,0.0,0.115,193.0,27.85,7.65,Chattogram,Boalkhali,22.39577,91.89325,2012-2013,CHBOLW-1_Medium (50–150m),22.64549201741996,FAIL
CHBOLW-1,Medium (50–150m),1.17757,0.6,0.175,0.0,6.149475,44.55,88.0,434.0,-86.65,2.237615,83.7,0.07185,13.897,4.83265,0.056650000000000006,2.45,30.369300000000003,1.8828099999999999,5.0,0.175,275.5,27.65,7.49,Chattogram,Boalkhali,22.395733999999997,91.892304,2020-2021,CHBOLW-1_Medium (50–150m),-6.955629860436077,PASS
CHBOLW-1,Shallow (<50m),,,,,,,,,,,,,,,,,,,,,,,,,,,,2012-2013,CHBOLW-1_Shallow (<50m),,NO_DATA
CHBOLW-1,Shallow (<50m),,,,,,,,,,,,,,,,,,,,,,,,,,,,2020-2021,CHBOLW-1_Shallow (<50m),,NO_DATA
CHBOLW-2,Deep (>150m),,,,,,,,,,,,,,,,,,,,,,,,,,,,2012-2013,CHBOLW-2_Deep (>150m),,NO_DATA
CHBOLW-2,Deep (>150m),,,,,,,,,,,,,,,,,,,,,,,,,,,,2020-2021,CHBOLW-2_Deep (>150m),,NO_DATA
CHBOLW-2,Medium (50–150m),31.25,,0.05,0.0,7.7705,54.0,73.0,358.0,-4.1,5.0600000000000005,128.1,0.4,13.825,42.5,0.0,3.65,66.755,1.465,0.0,0.15000000000000002,191.45,27.3,7.6499999999999995,Chattogram,Boalkhali,22.39499,91.90049,2012-2013,CHBOLW-2_Medium (50–150m),32.537366072193514,FAIL
CHBOLW-2,Medium (50–150m),0.69706,0.65,0.29,0.0,30.0604,87.65,70.0,598.5,-95.2,2.13598,148.15,0.16859,8.2826,7.824445,0.13663,1.9,52.2611,1.2734,1.5,0.23500000000000001,393.0,26.89,7.625,Chattogram,Boalkhali,22.395042500000002,91.9005,2020-2021,CHBOLW-2_Medium (50–150m),-3.0055512169108765,PASS
CHBOLW-2,Shallow (<50m),,,,,,,,,,,,,,,,,,,,,,,,,,,,2012-2013,CHBOLW-2_Shallow (<50m),,NO_DATA
CHBOLW-2,Shallow (<50m),,,,,,,,,,,,,,,,,,,,,,,,,,,,2020-2021,CHBOLW-2_Shallow (<50m),,NO_DATA
CHBOLW-3,Deep (>150m),,,,,,,,,,,,,,,,,,,,,,,,,,,,2012-2013,CHBOLW-3_Deep (>150m),,NO_DATA
CHBOLW-3,Deep (>150m),,,,,,,,,,,,,,,,,,,,,,,,,,,,2020-2021,CHBOLW-3_Deep (>150m),,NO_DATA
CHBOLW-3,Medium (50–150m),11.25,,0.049999999999999996,6.0,6.1897,80.5,90.0,625.5,-33.1,10.95,170.8,0.45,13.870000000000001,5.0,0.0,10.7,103.07,2.045,0.0,0.305,347.95000000000005,28.549999999999997,7.95,Chattogram,Boalkhali,22.39771,91.90311,2012-2013,CHBOLW-3_Medium (50–150m),3.870938283927123,PASS
CHBOLW-3,Medium (50–150m),21.9925,1.8499999999999999,0.29,0.0,27.883770000000002,171.7,90.0,842.5,-56.650000000000006,7.653499999999999,83.0,0.13405,8.13965,8.745420000000001,0.145125,1.45,63.349599999999995,2.29249,4.0,0.37,540.0,27.4,6.975,Chattogram,Boalkhali,22.397823,91.902972,2020-2021,CHBOLW-3_Medium (50–150m),-8.760469674247476,PASS
CHBOLW-3,Shallow (<50m),,,,,,,,,,,,,,,,,,,,,,,,,,,,2012-2013,CHBOLW-3_Shallow (<50m),,NO_DATA
CHBOLW-3,Shallow (<50m),,,,,,,,,,,,,,,,,,,,,,,,,,,,2020-2021,CHBOLW-3_Shallow (<50m),,NO_DATA
CHBOLW-4,Deep (>150m),,,,,,,,,,,,,,,,,,,,,,,,,,,,2012-2013,CHBOLW-4_Deep (>150m),,NO_DATA
CHBOLW-4,Deep (>150m),,,,,,,,,,,,,,,,,,,,,,,,,,,,2020-2021,CHBOLW-4_Deep (>150m),,NO_DATA
CHBOLW-4,Medium (50–150m),0.0,,0.03,3.0,5.4825,68.375,95.0,376.0,13.9,14.85,109.8,0.4,6.3,95.0,0.05,5.0,61.06,0.65,0.0,0.13,217.5,27.9,7.0,Chattogram,Boalkhali,22.40291,91.90786,2012-2013,CHBOLW-4_Medium (50–150m),48.873963412116574,FAIL
CHBOLW-4,Medium (50–150m),2.04224,0.7,0.365,0.0,9.353465,65.5,90.0,651.5,-48.4,2.411575,106.65,0.13985999999999998,6.4789,14.951799999999999,0.079235,4.4,37.03385,0.84117,1.5,0.27,331.5,27.7,7.199999999999999,Chattogram,Boalkhali,22.403013,91.907835,2020-2021,CHBOLW-4_Medium (50–150m),-2.212349670959665,PASS
CHBOLW-4,Shallow (<50m),,,,,,,,,,,,,,,,,,,,,,,,,,,,2012-2013,CHBOLW-4_Shallow (<50m),,NO_DATA
CHBOLW-4,Shallow (<50m),,,,,,,,,,,,,,,,,,,,,,,,,,,,2020-2021,CHBOLW-4_Shallow (<50m),,NO_DATA
CHBOLW-5,Deep (>150m),,,,,,,,,,,,,,,,,,,,,,,,,,,,2012-2013,CHBOLW-5_Deep (>150m),,NO_DATA
CHBOLW-5,Deep (>150m),,,,,,,,,,,,,,,,,,,,,,,,,,,,2020-2021,CHBOLW-5_Deep (>150m),,NO_DATA
CHBOLW-5,Medium (50–150m),2.5,,0.034999999999999996,0.0,4.85555,43.375,95.0,182.4,17.1,10.95,70.15,0.4,3.3099999999999996,40.0,0.05,0.7,32.79,0.47,0.0,0.035,104.35,27.3,7.050000000000001,Chattogram,Boalkhali,22.40547,91.91731,2012-2013,CHBOLW-5_Medium (50–150m),38.77847571989252,FAIL
CHBOLW-5,Medium (50–150m),2.4599900000000003,1.0999999999999999,0.32,0.0,8.225405,57.1,100.0,343.5,-67.30000000000001,2.109145,63.4,0.178115,4.60305,8.447595,0.08143,1.25,25.02995,0.99657,3.5,0.195,464.0,27.35,7.305,Chattogram,Boalkhali,22.405442,91.917477,2020-2021,CHBOLW-5_Medium (50–150m),-7.427006989334578,PASS
CHBOLW-5,Shallow (<50m),,,,,,,,,,,,,,,,,,,,,,,,,,,,2012-2013,CHBOLW-5_Shallow (<50m),,NO_DATA
CHBOLW-5,Shallow (<50m),,,,,,,,,,,,,,,,,,,,,,,,,,,,2020-2021,CHBOLW-5_Shallow (<50m),,NO_DATA
CHCHPZ-1,Deep (>150m),,,,,,,,,,,,,,,,,,,,,,,,,,,,2012-2013,CHCHPZ-1_Deep (>150m),,NO_DATA
CHCHPZ-1,Deep (>150m),,,,,,,,,,,,,,,,,,,,,,,,,,,,2020-2021,CHCHPZ-1_Deep (>150m),,NO_DATA
CHCHPZ-1,Medium (50–150m),0.0,,0.37,36.0,3.5692,262.5,82.0,1943.0,-24.7,74.36,555.1,0.31,35.658,41.14,0.1202,12.5,27.9,,,1.0,971.0,26.0,7.06,Chattogram,Chittagong sadar,22.37139,91.844,2012-2013,CHCHPZ-1_Medium (50–150m),-36.35473410740343,FAIL
CHCHPZ-1,Medium (50–150m),0.0995,0.1,0.15,0.0,26.01,60.0,82.0,1020.0,-88.2,6.94035,146.4,0.31,7.04,10.04,0.47649,1.2,30.12,2.23,4.0,0.39,711.0,26.7,7.25,Chattogram,Chattogram,22.37076,91.84384,2020-2021,CHCHPZ-1_Medium (50–150m),-4.721341992828373,PASS
CHCHPZ-1,Shallow (<50m),,,,,,,,,,,,,,,,,,,,,,,,,,,,2012-2013,CHCHPZ-1_Shallow (<50m),,NO_DATA
CHCHPZ-1,Shallow (<50m),,,,,,,,,,,,,,,,,,,,,,,,,,,,2020-2021,CHCHPZ-1_Shallow (<50m),,NO_DATA
CHCHPZ-2,Deep (>150m),0.0,,0.32,0.0,8.9921,13.25,178.0,133.0,-12.4,49.96,48.8,0.27,4.254,1.2,0.0369,4.33,14.1,0.3131,16.3621,0.0,66.5,25.6,7.55,Chattogram,Chittagong sadar,22.37134,91.8442,2012-2013,CHCHPZ-2_Deep (>150m),31.505111755561156,FAIL
CHCHPZ-2,Deep (>150m),0.760135,0.65,0.22499999999999998,0.0,16.109795,52.15,176.5,697.5,-7.0,3.7281850000000003,103.69999999999999,0.12523,5.359249999999999,7.827389999999999,0.589755,1.5,26.957349999999998,1.20617,7.5,0.345,474.475,27.15,7.699999999999999,Chattogram,Chattogram,22.37105,91.84402,2020-2021,CHCHPZ-2_Deep (>150m),-7.5581765261799685,PASS
CHCHPZ-2,Medium (50–150m),,,,,,,,,,,,,,,,,,,,,,,,,,,,2012-2013,CHCHPZ-2_Medium (50–150m),,NO_DATA
CHCHPZ-2,Medium (50–150m),,,,,,,,,,,,,,,,,,,,,,,,,,,,2020-2021,CHCHPZ-2_Medium (50–150m),,NO_DATA
CHCHPZ-2,Shallow (<50m),,,,,,,,,,,,,,,,,,,,,,,,,,,,2012-2013,CHCHPZ-2_Shallow (<50m),,NO_DATA
CHCHPZ-2,Shallow (<50m),,,,,,,,,,,,,,,,,,,,,,,,,,,,2020-2021,CHCHPZ-2_Shallow (<50m),,NO_DATA
CHCHPZ-3,Deep (>150m),0.0,,1.06,0.0,5.7918,26.5,197.0,288.0,-1.8,10.61,85.4,0.31,4.251,6.84,0.1192,11.04,38.76,0.21,19.035,0.1,144.2,26.1,7.24,Chattogram,Chittagong sadar,22.37128,91.84386,2012-2013,CHCHPZ-3_Deep (>150m),5.2577399136910765,PASS
CHCHPZ-3,Deep (>150m),1.40096,0.9,0.24,0.0,16.310470000000002,26.65,188.5,608.5,-82.5,3.6098850000000002,77.05,0.21319,4.86855,6.2787,0.25344,1.05,18.83815,1.59146,2.5,0.26,503.165,26.0,7.35,Chattogram,Chattogram,22.37102,91.84385,2020-2021,CHCHPZ-3_Deep (>150m),6.143126176376962,PASS
CHCHPZ-3,Medium (50–150m),,,,,,,,,,,,,,,,,,,,,,,,,,,,2012-2013,CHCHPZ-3_Medium (50–150m),,NO_DATA
CHCHPZ-3,Medium (50–150m),,,,,,,,,,,,,,,,,,,,,,,,,,,,2020-2021,CHCHPZ-3_Medium (50–150m),,NO_DATA
CHCHPZ-3,Shallow (<50m),,,,,,,,,,,,,,,,,,,,,,,,,,,,2012-2013,CHCHPZ-3_Shallow (<50m),,NO_DATA
CHCHPZ-3,Shallow (<50m),,,,,,,,,,,,,,,,,,,,,,,,,,,,2020-2021,CHCHPZ-3_Shallow (<50m),,NO_DATA
CHCHPZ-4,Deep (>150m),0.0,0.4,0.24,0.0,17.954500000000003,35.75,259.0,209.45,-36.300000000000004,25.705,146.4,0.39,3.3835,6.7119,0.0582,8.91,18.53,0.28225,234.3245,0.0,102.15,27.3,7.7,Chattogram,Chittagong sadar,22.37104,91.84431,2012-2013,CHCHPZ-4_Deep (>150m),-44.22541960715192,FAIL
CHCHPZ-4,Deep (>150m),4.7876,0.3,0.26,6.0,20.98,75.0,197.0,540.0,-78.9,6.71873,85.4,0.53,6.26,7.83,0.49948,1.5,31.52,2.22,2.0,0.46,520.0,26.7,7.29,Chattogram,Chattogram,22.37076,91.84384,2020-2021,CHCHPZ-4_Deep (>150m),-5.043489593189573,PASS
CHCHPZ-4,Medium (50–150m),,,,,,,,,,,,,,,,,,,,,,,,,,,,2012-2013,CHCHPZ-4_Medium (50–150m),,NO_DATA
CHCHPZ-4,Medium (50–150m),,,,,,,,,,,,,,,,,,,,,,,,,,,,2020-2021,CHCHPZ-4_Medium (50–150m),,NO_DATA
CHCHPZ-4,Shallow (<50m),,,,,,,,,,,,,,,,,,,,,,,,,,,,2012-2013,CHCHPZ-4_Shallow (<50m),,NO_DATA
CHCHPZ-4,Shallow (<50m),,,,,,,,,,,,,,,,,,,,,,,,,,,,2020-2021,CHCHPZ-4_Shallow (<50m),,NO_DATA
CHPTLW-1,Deep (>150m),,,,,,,,,,,,,,,,,,,,,,,,,,,,2012-2013,CHPTLW-1_Deep (>150m),,NO_DATA
CHPTLW-1,Deep (>150m),,,,,,,,,,,,,,,,,,,,,,,,,,,,2020-2021,CHPTLW-1_Deep (>150m),,NO_DATA
CHPTLW-1,Medium (50–150m),0.0,,0.145,12.0,93.815,1580.0,90.0,3590.0,-16.3,4.4,149.45,0.25,36.08,107.5,0.05,18.8,45.65,0.6799999999999999,0.0,1.9449999999999998,1920.25,27.7,7.4,Chattogram,Patia,22.32239,91.85563,2012-2013,CHPTLW-1_Medium (50–150m),-48.40975025681506,FAIL
CHPTLW-1,Medium (50–150m),1.7762900000000001,1.0,0.44499999999999995,24.0,56.43375,811.65,90.0,9108.5,-36.900000000000006,4.12605,280.6,0.28452500000000003,22.754,21.1237,0.52931,1.3,532.0505,1.0253700000000001,37.5,4.55,4749.0,28.1,7.550000000000001,Chattogram,Patia,22.3216715,91.856209,2020-2021,CHPTLW-1_Medium (50–150m),-1.18162161317748,PASS
CHPTLW-1,Shallow (<50m),,,,,,,,,,,,,,,,,,,,,,,,,,,,2012-2013,CHPTLW-1_Shallow (<50m),,NO_DATA
CHPTLW-1,Shallow (<50m),,,,,,,,,,,,,,,,,,,,,,,,,,,,2020-2021,CHPTLW-1_Shallow (<50m),,NO_DATA
CHPTLW-2,Deep (>150m),,,,,,,,,,,,,,,,,,,,,,,,,,,,2012-2013,CHPTLW-2_Deep (>150m),,NO_DATA
CHPTLW-2,Deep (>150m),,,,,,,,,,,,,,,,,,,,,,,,,,,,2020-2021,CHPTLW-2_Deep (>150m),,NO_DATA
CHPTLW-2,Medium (50–150m),7.5,,0.034999999999999996,12.0,63.959999999999994,980.0,92.0,2675.0,-18.7,6.2,134.2,0.2,19.369999999999997,22.5,0.15000000000000002,1.25,28.06,0.32499999999999996,6.0,1.5,1439.0,28.45,7.65,Chattogram,Patia,22.31745,91.86151,2012-2013,CHPTLW-2_Medium (50–150m),-62.62156924066622,FAIL
CHPTLW-2,Medium (50–150m),0.2856,1.1,0.37,9.0,54.2218,652.9,91.0,8060.5,45.95,5.55236,317.2,0.398945,23.703,30.9743,0.206475,0.8500000000000001,416.4605,1.58495,41.5,4.5649999999999995,5221.0,26.55,7.58,Chattogram,Patia,22.3187985,91.8586535,2020-2021,CHPTLW-2_Medium (50–150m),-1.3466282514379015,PASS
CHPTLW-2,Shallow (<50m),,,,,,,,,,,,,,,,,,,,,,,,,,,,2012-2013,CHPTLW-2_Shallow (<50m),,NO_DATA
CHPTLW-2,Shallow (<50m),,,,,,,,,,,,,,,,,,,,,,,,,,,,2020-2021,CHPTLW-2_Shallow (<50m),,NO_DATA
CHPTLW-3,Deep (>150m),,,,,,,,,,,,,,,,,,,,,,,,,,,,2012-2013,CHPTLW-3_Deep (>150m),,NO_DATA
CHPTLW-3,Deep (>150m),,,,,,,,,,,,,,,,,,,,,,,,,,,,2020-2021,CHPTLW-3_Deep (>150m),,NO_DATA
CHPTLW-3,Medium (50–150m),3.75,,0.04,12.0,71.345,505.0,92.0,4375.0,-21.5,5.65,152.5,0.44999999999999996,40.21,72.5,0.05,3.0,62.599999999999994,0.95,84.0,2.45,2328.8,29.05,7.45,Chattogram,Patia,22.311006,91.86341,2012-2013,CHPTLW-3_Medium (50–150m),-16.914183739773645,FAIL
CHPTLW-3,Medium (50–150m),0.0069,1.9,1.03,6.0,81.3475,1026.65,91.0,3040.5,-66.9,1.20015,191.55,0.142995,16.461,27.033749999999998,0.131915,1.25,645.2750000000001,0.76457,7.5,1.455,1839.5,26.765,7.385,Chattogram,Patia,22.310067,91.863504,2020-2021,CHPTLW-3_Medium (50–150m),3.450272201210901,PASS
CHPTLW-3,Shallow (<50m),,,,,,,,,,,,,,,,,,,,,,,,,,,,2012-2013,CHPTLW-3_Shallow (<50m),,NO_DATA
CHPTLW-3,Shallow (<50m),,,,,,,,,,,,,,,,,,,,,,,,,,,,2020-2021,CHPTLW-3_Shallow (<50m),,NO_DATA
CHPTLW-4,Deep (>150m),,,,,,,,,,,,,,,,,,,,,,,,,,,,2012-2013,CHPTLW-4_Deep (>150m),,NO_DATA
CHPTLW-4,Deep (>150m),,,,,,,,,,,,,,,,,,,,,,,,,,,,2020-2021,CHPTLW-4_Deep (>150m),,NO_DATA
CHPTLW-4,Medium (50–150m),3.75,,0.025,12.0,58.93,1375.0,95.0,3435.0,-48.9,2.55,158.60000000000002,0.30000000000000004,23.98,47.5,0.0,25.3,46.86,1.41,0.0,1.8499999999999999,1823.25,28.25,7.699999999999999,Chattogram,Patia,22.30389,91.86497,2012-2013,CHPTLW-4_Medium (50–150m),-62.98379956378536,FAIL
CHPTLW-4,Medium (50–150m),0.768185,0.9,0.405,0.0,51.9958,710.45,95.0,2772.5,-104.94999999999999,1.94253,132.5,0.180685,16.336,25.3689,0.395005,1.35,356.4175,0.59014,41.5,1.5150000000000001,1765.0,27.08,7.245,Chattogram,Patia,22.30413,91.865186,2020-2021,CHPTLW-4_Medium (50–150m),-5.54305465576793,PASS
CHPTLW-4,Shallow (<50m),,,,,,,,,,,,,,,,,,,,,,,,,,,,2012-2013,CHPTLW-4_Shallow (<50m),,NO_DATA
CHPTLW-4,Shallow (<50m),,,,,,,,,,,,,,,,,,,,,,,,,,,,2020-2021,CHPTLW-4_Shallow (<50m),,NO_DATA
CHPTLW-5,Deep (>150m),,,,,,,,,,,,,,,,,,,,,,,,,,,,2012-2013,CHPTLW-5_Deep (>150m),,NO_DATA
CHPTLW-5,Deep (>150m),,,,,,,,,,,,,,,,,,,,,,,,,,,,2020-2021,CHPTLW-5_Deep (>150m),,NO_DATA
CHPTLW-5,Medium (50–150m),3.75,,0.12000000000000001,9.0,119.015,1820.0,92.0,4320.0,-43.9,4.0,140.3,0.44999999999999996,31.705,52.5,0.0,8.299999999999999,58.510000000000005,4.5200000000000005,43.0,2.35,2294.75,30.65,7.800000000000001,Chattogram,Patia,22.2972,91.86723,2012-2013,CHPTLW-5_Medium (50–150m),-60.04239888881191,FAIL
CHPTLW-5,Medium (50–150m),1.20314,1.1,0.235,0.0,80.24705,709.85,91.0,2982.5,-108.35,2.42565,207.39999999999998,0.153365,22.032500000000002,25.770500000000002,0.389945,1.9,365.1335,2.25955,4.0,1.6,1915.0,27.5,7.16,Chattogram,Patia,22.297267,91.867031,2020-2021,CHPTLW-5_Medium (50–150m),-2.019590092808336,PASS
CHPTLW-5,Shallow (<50m),,,,,,,,,,,,,,,,,,,,,,,,,,,,2012-2013,CHPTLW-5_Shallow (<50m),,NO_DATA
CHPTLW-5,Shallow (<50m),,,,,,,,,,,,,,,,,,,,,,,,,,,,2020-2021,CHPTLW-5_Shallow (<50m),,NO_DATA
CHSDPZ-1,Deep (>150m),,,,,,,,,,,,,,,,,,,,,,,,,,,,2012-2013,CHSDPZ-1_Deep (>150m),,NO_DATA
CHSDPZ-1,Deep (>150m),,,,,,,,,,,,,,,,,,,,,,,,,,,,2020-2021,CHSDPZ-1_Deep (>150m),,NO_DATA
CHSDPZ-1,Medium (50–150m),,,,,,,,,,,,,,,,,,,,,,,,,,,,2012-2013,CHSDPZ-1_Medium (50–150m),,NO_DATA
CHSDPZ-1,Medium (50–150m),,,,,,,,,,,,,,,,,,,,,,,,,,,,2020-2021,CHSDPZ-1_Medium (50–150m),,NO_DATA
CHSDPZ-1,Shallow (<50m),82.5,2.3,0.28,3.0,67.42,4250.0,30.0,12140.0,-38.6,0.75,207.4,0.56,4.83,14.24,0.0665,,298.14,4.68,5.37,6.9,6710.0,26.7,7.76,Chattogram,Sandwip,22.46622,91.51917,2012-2013,CHSDPZ-1_Shallow (<50m),-75.00614830461635,FAIL
CHSDPZ-1,Shallow (<50m),4.1373,1.1,0.29,24.0,57.19,275.0,30.0,598.0,-111.5,1.79194,292.8,0.17,6.4,21.02,0.05595,1.6,134.47,1.51,8.0,0.39,595.0,27.1,6.9,Chattogram,Sandwip,22.27396,91.3184,2020-2021,CHSDPZ-1_Shallow (<50m),-12.089930334100156,FAIL
CHSDPZ-2,Deep (>150m),,,,,,,,,,,,,,,,,,,,,,,,,,,,2012-2013,CHSDPZ-2_Deep (>150m),,NO_DATA
CHSDPZ-2,Deep (>150m),,,,,,,,,,,,,,,,,,,,,,,,,,,,2020-2021,CHSDPZ-2_Deep (>150m),,NO_DATA
CHSDPZ-2,Medium (50–150m),7.5,0.9,0.23,3.0,26.76,150.0,121.0,632.0,-42.7,0.64,213.5,0.43,4.63,34.98,0.04,0.3,76.41,0.65,6.31,0.3,307.0,26.1,7.75,Chattogram,Sandwip,22.46619,91.51918,2012-2013,CHSDPZ-2_Medium (50–150m),-1.956211600584287,PASS
CHSDPZ-2,Medium (50–150m),112.90326999999999,0.65,0.20500000000000002,6.0,71.24105,323.9,122.0,709.5,-7.949999999999999,1.0339200000000002,277.55,0.40778000000000003,13.952,35.6851,0.051144999999999996,1.3,148.342,2.9645900000000003,2.0,0.36,620.5,27.6,7.279999999999999,Chattogram,Sandwip,22.37003,91.4188,2020-2021,CHSDPZ-2_Medium (50–150m),-2.5610697771183366,PASS
CHSDPZ-2,Shallow (<50m),,,,,,,,,,,,,,,,,,,,,,,,,,,,2012-2013,CHSDPZ-2_Shallow (<50m),,NO_DATA
CHSDPZ-2,Shallow (<50m),,,,,,,,,,,,,,,,,,,,,,,,,,,,2020-2021,CHSDPZ-2_Shallow (<50m),,NO_DATA
CHSDPZ-3,Deep (>150m),0.0,0.1,0.48,3.0,27.12,143.0,182.0,675.0,-45.9,1.22,231.8,0.83,4.21,26.69,0.1212,0.59,12.15,0.94,6.67,0.3,328.0,26.4,7.75,Chattogram,Sandwip,22.46616,91.5192,2012-2013,CHSDPZ-3_Deep (>150m),-31.403904693577605,FAIL
CHSDPZ-3,Deep (>150m),3.2218299999999997,0.8,0.515,6.0,21.241,186.25,183.0,858.5,-81.4,1.5305849999999999,149.75,0.48858999999999997,5.70875,7.672509999999999,0.06933,1.2000000000000002,112.5145,1.2487,1.0,0.31,474.0,27.35,7.300000000000001,Chattogram,Sandwip,22.37013,91.4188,2020-2021,CHSDPZ-3_Deep (>150m),-8.111177240794,PASS
CHSDPZ-3,Medium (50–150m),,,,,,,,,,,,,,,,,,,,,,,,,,,,2012-2013,CHSDPZ-3_Medium (50–150m),,NO_DATA
CHSDPZ-3,Medium (50–150m),,,,,,,,,,,,,,,,,,,,,,,,,,,,2020-2021,CHSDPZ-3_Medium (50–150m),,NO_DATA
CHSDPZ-3,Shallow (<50m),,,,,,,,,,,,,,,,,,,,,,,,,,,,2012-2013,CHSDPZ-3_Shallow (<50m),,NO_DATA
CHSDPZ-3,Shallow (<50m),,,,,,,,,,,,,,,,,,,,,,,,,,,,2020-2021,CHSDPZ-3_Shallow (<50m),,NO_DATA
CHSDPZ-4,Deep (>150m),0.0,1.0,0.6,3.0,14.94,178.0,292.0,801.0,-53.1,0.34,213.5,1.03,3.48,13.56,0.1691,0.56,18.93,1.4,5.69,0.4,391.0,26.1,7.92,Chattogram,Sandwip,22.46613,91.51921,2012-2013,CHSDPZ-4_Deep (>150m),-51.79194896786618,FAIL
CHSDPZ-4,Deep (>150m),2.614535,1.4,0.21500000000000002,6.0,6.060644999999999,152.6,292.0,816.5,-8.8,0.25787,128.15,0.07905000000000001,5.11345,6.980265,0.050245,1.65,105.459,1.2730000000000001,1.5,0.445,587.0,28.7035,7.34,Chattogram,Sandwip,22.370179999999998,91.4188,2020-2021,CHSDPZ-4_Deep (>150m),-8.910165256118905,PASS
CHSDPZ-4,Medium (50–150m),,,,,,,,,,,,,,,,,,,,,,,,,,,,2012-2013,CHSDPZ-4_Medium (50–150m),,NO_DATA
CHSDPZ-4,Medium (50–150m),,,,,,,,,,,,,,,,,,,,,,,,,,,,2020-2021,CHSDPZ-4_Medium (50–150m),,NO_DATA
CHSDPZ-4,Shallow (<50m),,,,,,,,,,,,,,,,,,,,,,,,,,,,2012-2013,CHSDPZ-4_Shallow (<50m),,NO_DATA
CHSDPZ-4,Shallow (<50m),,,,,,,,,,,,,,,,,,,,,,,,,,,,2020-2021,CHSDPZ-4_Shallow (<50m),,NO_DATA
CHSKPZ-1,Deep (>150m),,,,,,,,,,,,,,,,,,,,,,,,,,,,2012-2013,CHSKPZ-1_Deep (>150m),,NO_DATA
CHSKPZ-1,Deep (>150m),,,,,,,,,,,,,,,,,,,,,,,,,,,,2020-2021,CHSKPZ-1_Deep (>150m),,NO_DATA
CHSKPZ-1,Medium (50–150m),,,,,,,,,,,,,,,,,,,,,,,,,,,,2012-2013,CHSKPZ-1_Medium (50–150m),,NO_DATA
CHSKPZ-1,Medium (50–150m),2.2915,1.75,0.42000000000000004,6.0,29.970950000000002,145.0,69.0,669.0,-141.9,2.13514,308.05,0.160565,15.6185,25.45945,0.197315,2.55,110.7205,3.0548100000000002,33.0,0.7749999999999999,412.0,27.14,7.470000000000001,Chattogram,Sitakund,22.61085,91.66437,2020-2021,CHSKPZ-1_Medium (50–150m),-6.683487575212403,PASS
CHSKPZ-1,Shallow (<50m),125.0,1.4000000000000001,1.185,1.5,42.44,554.125,41.0,2141.0,-68.05,4.435,460.55,1.75,13.2925,24.66,0.049525,0.95,111.3,4.465,7.305,1.1400000000000001,1118.16,27.45,7.765000000000001,Chattogram,Sitakunda,22.61085,91.66437,2012-2013,CHSKPZ-1_Shallow (<50m),-42.535074650154634,FAIL
CHSKPZ-1,Shallow (<50m),2.2298,0.8999999999999999,0.235,18.0,15.0215,112.5,41.0,656.5,-62.35,4.14472,139.75,0.12185,14.030999999999999,10.213835,0.195125,1.35,85.133,2.86482,22.0,0.46,421.5,27.0,7.26,Chattogram,Sitakund,22.61082,91.66455,2020-2021,CHSKPZ-1_Shallow (<50m),-6.641163000135257,PASS
CHSKPZ-2,Deep (>150m),1.25,0.4,0.37,1.5,19.665,93.75,176.0,835.5,-75.1,1.185,390.4,0.5599999999999999,3.2504999999999997,8.475,0.149225,0.8899999999999999,201.95,0.65,9.835,0.35,434.0,27.3,8.275,Chattogram,Sitakunda,22.6108,91.66441,2012-2013,CHSKPZ-2_Deep (>150m),6.332250387258903,PASS
CHSKPZ-2,Deep (>150m),3.277855,1.3,0.255,18.0,60.5407,146.15,177.0,849.0,-66.3,2.5153499999999998,343.45,0.17255500000000001,10.839,15.97145,0.3541,1.25,98.0286,0.9848399999999999,61.5,0.345,530.5,26.950000000000003,7.275,Chattogram,Sitakund,22.6108,91.66441,2020-2021,CHSKPZ-2_Deep (>150m),-13.08268092782678,FAIL
CHSKPZ-2,Medium (50–150m),,,,,,,,,,,,,,,,,,,,,,,,,,,,2012-2013,CHSKPZ-2_Medium (50–150m),,NO_DATA
CHSKPZ-2,Medium (50–150m),,,,,,,,,,,,,,,,,,,,,,,,,,,,2020-2021,CHSKPZ-2_Medium (50–150m),,NO_DATA
CHSKPZ-2,Shallow (<50m),,,,,,,,,,,,,,,,,,,,,,,,,,,,2012-2013,CHSKPZ-2_Shallow (<50m),,NO_DATA
CHSKPZ-2,Shallow (<50m),,,,,,,,,,,,,,,,,,,,,,,,,,,,2020-2021,CHSKPZ-2_Shallow (<50m),,NO_DATA
CHSKPZ-3,Deep (>150m),0.0,0.05,0.7250000000000001,2.25,46.83,41.375,212.0,218.5,-32.7,3.09,152.5,0.9199999999999999,3.9945000000000004,4.965,0.09784999999999999,1.8,8.675,0.095,4.2,0.045,125.69999999999999,28.1,7.9350000000000005,Chattogram,Sitakunda,22.61086,91.66423,2012-2013,CHSKPZ-3_Deep (>150m),-7.244074322581767,PASS
CHSKPZ-3,Deep (>150m),2.8841050000000004,1.7000000000000002,0.395,12.0,70.36305,248.375,215.0,1022.5,-37.85,0.591465,392.5,0.34761499999999995,21.131,21.0929,0.136395,0.85,136.8115,2.8962399999999997,56.0,0.49,641.0,27.275,7.13,Chattogram,Sitakund,22.61086,91.66423,2020-2021,CHSKPZ-3_Deep (>150m),-12.446797714102475,FAIL
CHSKPZ-3,Medium (50–150m),,,,,,,,,,,,,,,,,,,,,,,,,,,,2012-2013,CHSKPZ-3_Medium (50–150m),,NO_DATA
CHSKPZ-3,Medium (50–150m),,,,,,,,,,,,,,,,,,,,,,,,,,,,2020-2021,CHSKPZ-3_Medium (50–150m),,NO_DATA
CHSKPZ-3,Shallow (<50m),,,,,,,,,,,,,,,,,,,,,,,,,,,,2012-2013,CHSKPZ-3_Shallow (<50m),,NO_DATA
CHSKPZ-3,Shallow (<50m),,,,,,,,,,,,,,,,,,,,,,,,,,,,2020-2021,CHSKPZ-3_Shallow (<50m),,NO_DATA
CXCKPZ-1,Deep (>150m),,,,,,,,,,,,,,,,,,,,,,,,,,,,2012-2013,CXCKPZ-1_Deep (>150m),,NO_DATA
CXCKPZ-1,Deep (>150m),,,,,,,,,,,,,,,,,,,,,,,,,,,,2020-2021,CXCKPZ-1_Deep (>150m),,NO_DATA
CXCKPZ-1,Medium (50–150m),0.0,0.25,2.4200000000000004,1.5,22.29,34.625,90.0,337.0,12.599999999999998,4.205,155.55,0.78,3.232,12.34,0.07172500000000001,1.2116,51.3,0.86875,6.225,0.125,175.2,28.15,6.535,Cox'S Bazar,Chakaria,21.7825,92.01915,2012-2013,CXCKPZ-1_Medium (50–150m),10.093000441349846,FAIL
CXCKPZ-1,Medium (50–150m),0.0103,1.25,0.1,6.0,19.041265,84.5,90.0,903.5,13.25,0.586265,74.6,0.07697000000000001,4.0786,6.396895000000001,0.033525,1.15,39.2366,0.28156,7.0,0.6950000000000001,569.1700000000001,26.9,7.130000000000001,Cox’s Bazar,Behula Manik,21.77255,92.015375,2020-2021,CXCKPZ-1_Medium (50–150m),-9.183553407688178,PASS
CXCKPZ-1,Shallow (<50m),,,,,,,,,,,,,,,,,,,,,,,,,,,,2012-2013,CXCKPZ-1_Shallow (<50m),,NO_DATA
CXCKPZ-1,Shallow (<50m),,,,,,,,,,,,,,,,,,,,,,,,,,,,2020-2021,CXCKPZ-1_Shallow (<50m),,NO_DATA
CXCKPZ-2,Deep (>150m),0.0,1.15,0.18,1.5,24.509999999999998,32.625,154.0,295.0,11.05,1.15,179.95,0.47,2.925,12.085,0.03445,1.1953,28.07,0.84455,6.09,0.115,152.9,28.4,6.449999999999999,Cox'S Bazar,Chakaria,21.78263,92.01913,2012-2013,CXCKPZ-2_Deep (>150m),-7.013359271189351,PASS
CXCKPZ-2,Deep (>150m),2.32217,0.45,0.060000000000000005,18.0,18.04135,87.75,154.0,759.5,-87.05,1.431345,169.95,0.11546,5.72865,10.387,0.02689,0.75,56.0897,0.6782999999999999,3.0,0.375,481.0,27.55,7.49,Cox’s Bazar,Behula Manik,21.772615000000002,92.015365,2020-2021,CXCKPZ-2_Deep (>150m),-15.099320610527956,FAIL
CXCKPZ-2,Medium (50–150m),,,,,,,,,,,,,,,,,,,,,,,,,,,,2012-2013,CXCKPZ-2_Medium (50–150m),,NO_DATA
CXCKPZ-2,Medium (50–150m),,,,,,,,,,,,,,,,,,,,,,,,,,,,2020-2021,CXCKPZ-2_Medium (50–150m),,NO_DATA
CXCKPZ-2,Shallow (<50m),,,,,,,,,,,,,,,,,,,,,,,,,,,,2012-2013,CXCKPZ-2_Shallow (<50m),,NO_DATA
CXCKPZ-2,Shallow (<50m),,,,,,,,,,,,,,,,,,,,,,,,,,,,2020-2021,CXCKPZ-2_Shallow (<50m),,NO_DATA
CXCKPZ-3,Deep (>150m),0.0,0.15,1.46,1.5,28.73,39.25,276.0,344.0,-67.2,0.455,143.35000000000002,2.4899999999999998,3.107,12.219999999999999,0.5381750000000001,0.6949000000000001,63.08,0.385,6.355,0.135,180.0,30.4,7.65,Cox'S Bazar,Chakaria,21.78274,92.01915,2012-2013,CXCKPZ-3_Deep (>150m),18.261134173488188,FAIL
CXCKPZ-3,Deep (>150m),2.0802349999999996,1.15,0.07500000000000001,12.0,12.182749999999999,95.35,276.0,1004.5,-68.95,0.3549,96.65,0.109875,5.0352,9.31611,0.045704999999999996,1.15,55.11405,0.47134,2.0,0.33,439.5,28.35,7.195,Cox’s Bazar,Behula Manik,21.772669999999998,92.015375,2020-2021,CXCKPZ-3_Deep (>150m),-9.620391939820221,PASS
CXCKPZ-3,Medium (50–150m),,,,,,,,,,,,,,,,,,,,,,,,,,,,2012-2013,CXCKPZ-3_Medium (50–150m),,NO_DATA
CXCKPZ-3,Medium (50–150m),,,,,,,,,,,,,,,,,,,,,,,,,,,,2020-2021,CXCKPZ-3_Medium (50–150m),,NO_DATA
CXCKPZ-3,Shallow (<50m),,,,,,,,,,,,,,,,,,,,,,,,,,,,2012-2013,CXCKPZ-3_Shallow (<50m),,NO_DATA
CXCKPZ-3,Shallow (<50m),,,,,,,,,,,,,,,,,,,,,,,,,,,,2020-2021,CXCKPZ-3_Shallow (<50m),,NO_DATA
CXCX1PZ-1,Deep (>150m),,,,,,,,,,,,,,,,,,,,,,,,,,,,2012-2013,CXCX1PZ-1_Deep (>150m),,NO_DATA
CXCX1PZ-1,Deep (>150m),,,,,,,,,,,,,,,,,,,,,,,,,,,,2020-2021,CXCX1PZ-1_Deep (>150m),,NO_DATA
CXCX1PZ-1,Medium (50–150m),,,,,,,,,,,,,,,,,,,,,,,,,,,,2012-2013,CXCX1PZ-1_Medium (50–150m),,NO_DATA
CXCX1PZ-1,Medium (50–150m),,,,,,,,,,,,,,,,,,,,,,,,,,,,2020-2021,CXCX1PZ-1_Medium (50–150m),,NO_DATA
CXCX1PZ-1,Shallow (<50m),0.0,3.0,0.28,1.5,78.17,50.0,24.0,653.0,-88.3,0.51,207.4,1.29,1.703,29.61,0.5,0.6,36.94,1.92,140.0,0.3,343.0,27.6,7.22,Cox'S Bazar,Cox's B. Sadar-1,21.41826,91.98383,2012-2013,CXCX1PZ-1_Shallow (<50m),1.132437941702802,PASS
CXCX1PZ-1,Shallow (<50m),1.7304199999999998,1.55,0.18,0.0,66.6214,108.4,24.0,1613.0,2.8499999999999996,2.57076,291.6,0.14255500000000002,3.02725,17.8889,0.061505,1.4,68.49755,0.43852,47.5,0.835,1053.0,26.6,6.885,Cox’s Bazar,Kolatoli,21.41826,91.98383,2020-2021,CXCX1PZ-1_Shallow (<50m),-5.43824588149206,PASS
CXCX1PZ-2,Deep (>150m),,,,,,,,,,,,,,,,,,,,,,,,,,,,2012-2013,CXCX1PZ-2_Deep (>150m),,NO_DATA
CXCX1PZ-2,Deep (>150m),,,,,,,,,,,,,,,,,,,,,,,,,,,,2020-2021,CXCX1PZ-2_Deep (>150m),,NO_DATA
CXCX1PZ-2,Medium (50–150m),,,0.38,0.0,42.68,42.0,91.0,,,1.23,97.6,0.13,2.078,4.66,0.35,0.8,19.43,0.05,12.0,,,,,Cox'S Bazar,Cox's B. Sadar-1,21.41827,91.98387,2012-2013,CXCX1PZ-2_Medium (50–150m),6.442448068682769,PASS
CXCX1PZ-2,Medium (50–150m),2.52475,1.05,0.08,18.0,71.36675,190.95,88.0,1702.0,18.450000000000003,2.611725,276.35,0.099295,9.0585,29.869950000000003,0.602995,2.0,91.48235,0.9044899999999999,33.5,0.7000000000000001,1081.5,26.4,7.245,Cox’s Bazar,Kolatoli,21.41827,91.98387,2020-2021,CXCX1PZ-2_Medium (50–150m),-4.2905380246394325,PASS
CXCX1PZ-2,Shallow (<50m),,,,,,,,,,,,,,,,,,,,,,,,,,,,2012-2013,CXCX1PZ-2_Shallow (<50m),,NO_DATA
CXCX1PZ-2,Shallow (<50m),,,,,,,,,,,,,,,,,,,,,,,,,,,,2020-2021,CXCX1PZ-2_Shallow (<50m),,NO_DATA
CXCX1PZ-3,Deep (>150m),,,,,,,,,,,,,,,,,,,,,,,,,,,,2012-2013,CXCX1PZ-3_Deep (>150m),,NO_DATA
CXCX1PZ-3,Deep (>150m),,,,,,,,,,,,,,,,,,,,,,,,,,,,2020-2021,CXCX1PZ-3_Deep (>150m),,NO_DATA
CXCX1PZ-3,Medium (50–150m),0.0,0.15,0.22,1.5,50.295,45.25,139.0,311.2,-11.500000000000004,1.535,106.75,0.32,1.2774999999999999,5.86,0.0577,1.8536,38.815,0.25955,16.26,0.14250000000000002,157.0,26.85,7.1450000000000005,Cox'S Bazar,Cox's B. Sadar-1,21.41834,91.98381,2012-2013,CXCX1PZ-3_Medium (50–150m),16.025019687075318,FAIL
CXCX1PZ-3,Medium (50–150m),2.17754,1.3,0.13,12.0,55.1604,190.6,139.0,1073.0,-47.55,0.8467549999999999,320.25,0.062200000000000005,2.916,17.29015,0.056940000000000004,1.4,107.0877,0.9226,12.0,0.55,656.0,26.215,7.705,Cox’s Bazar,Kolatoli,21.41834,91.98381,2020-2021,CXCX1PZ-3_Medium (50–150m),-11.771921573631584,FAIL
CXCX1PZ-3,Shallow (<50m),,,,,,,,,,,,,,,,,,,,,,,,,,,,2012-2013,CXCX1PZ-3_Shallow (<50m),,NO_DATA
CXCX1PZ-3,Shallow (<50m),,,,,,,,,,,,,,,,,,,,,,,,,,,,2020-2021,CXCX1PZ-3_Shallow (<50m),,NO_DATA
CXCX1PZ-4,Deep (>150m),0.0,0.1,0.41000000000000003,0.75,23.535,44.0,174.0,358.55,-43.6,1.495,176.9,0.605,2.0180000000000002,11.495,0.0651,2.0453,115.29499999999999,0.20675,30.150000000000002,0.14,170.43,26.45,7.375,Cox'S Bazar,Cox's B. Sadar-1,21.41824,91.98389,2012-2013,CXCX1PZ-4_Deep (>150m),19.960977282493836,FAIL
CXCX1PZ-4,Deep (>150m),2.10739,1.5,0.07,12.0,39.4256,200.65,172.0,999.0,38.6,1.227565,223.89999999999998,0.10755500000000001,3.8856,15.232975,0.06625,1.9,104.8032,1.02815,10.5,0.6000000000000001,693.5,26.275,7.23,Cox’s Bazar,Kolatoli,21.4183,91.9855,2020-2021,CXCX1PZ-4_Deep (>150m),-11.626967579631543,FAIL
CXCX1PZ-4,Medium (50–150m),,,,,,,,,,,,,,,,,,,,,,,,,,,,2012-2013,CXCX1PZ-4_Medium (50–150m),,NO_DATA
CXCX1PZ-4,Medium (50–150m),,,,,,,,,,,,,,,,,,,,,,,,,,,,2020-2021,CXCX1PZ-4_Medium (50–150m),,NO_DATA
CXCX1PZ-4,Shallow (<50m),,,,,,,,,,,,,,,,,,,,,,,,,,,,2012-2013,CXCX1PZ-4_Shallow (<50m),,NO_DATA
CXCX1PZ-4,Shallow (<50m),,,,,,,,,,,,,,,,,,,,,,,,,,,,2020-2021,CXCX1PZ-4_Shallow (<50m),,NO_DATA
CXCXLW-1,Deep (>150m),,,,,,,,,,,,,,,,,,,,,,,,,,,,2012-2013,CXCXLW-1_Deep (>150m),,NO_DATA
CXCXLW-1,Deep (>150m),,,,,,,,,,,,,,,,,,,,,,,,,,,,2020-2021,CXCXLW-1_Deep (>150m),,NO_DATA
CXCXLW-1,Medium (50–150m),,,,,,,,,,,,,,,,,,,,,,,,,,,,2012-2013,CXCXLW-1_Medium (50–150m),,NO_DATA
CXCXLW-1,Medium (50–150m),,,,,,,,,,,,,,,,,,,,,,,,,,,,2020-2021,CXCXLW-1_Medium (50–150m),,NO_DATA
CXCXLW-1,Shallow (<50m),0.0,,0.065,4.5,45.0,27.375,49.0,333.5,-63.0,0.055,118.95,0.2,2.0926,10.0,0.05,1.4,16.25,0.15000000000000002,5.0,0.14,174.89999999999998,28.05,7.9,Cox'S Bazar,Cox's Bazar,21.41003,91.98506,2012-2013,CXCXLW-1_Shallow (<50m),12.1369113866761,FAIL
CXCXLW-1,Shallow (<50m),9.7473,1.2,0.125,12.0,69.3998,88.8,49.0,849.0,19.450000000000003,0.23638,198.25,0.06523,5.0376,22.3475,0.82402,2.85,57.47555,0.85726,44.5,0.375,474.5,27.5,7.32,Cox’s Bazar,Cox’s Bazar Sadar,21.41347,91.98582,2020-2021,CXCXLW-1_Shallow (<50m),5.397043640175622,PASS
CXCXLW-2,Deep (>150m),,,,,,,,,,,,,,,,,,,,,,,,,,,,2012-2013,CXCXLW-2_Deep (>150m),,NO_DATA
CXCXLW-2,Deep (>150m),,,,,,,,,,,,,,,,,,,,,,,,,,,,2020-2021,CXCXLW-2_Deep (>150m),,NO_DATA
CXCXLW-2,Medium (50–150m),0.0,,0.095,0.0,10.0,31.75,64.0,312.5,-15.4,6.96,82.35,0.30000000000000004,11.276,20.0,0.05,1.95,18.645,0.215,24.5,0.14500000000000002,166.0,27.1,7.15,Cox'S Bazar,Cox's Bazar,21.41995,91.99198,2012-2013,CXCXLW-2_Medium (50–150m),11.158818870935452,FAIL
CXCXLW-2,Medium (50–150m),1.029385,1.1,0.52,0.0,17.1952,35.6,64.0,647.0,49.1,0.790205,84.2,0.07546,3.1079,10.213619999999999,0.305975,1.3,19.52515,0.43512,11.5,0.24,342.5,29.189999999999998,6.99,Cox’s Bazar,Cox’s Bazar Sadar,21.42005,91.99207,2020-2021,CXCXLW-2_Medium (50–150m),0.16007726995149696,PASS
CXCXLW-2,Shallow (<50m),,,,,,,,,,,,,,,,,,,,,,,,,,,,2012-2013,CXCXLW-2_Shallow (<50m),,NO_DATA
CXCXLW-2,Shallow (<50m),,,,,,,,,,,,,,,,,,,,,,,,,,,,2020-2021,CXCXLW-2_Shallow (<50m),,NO_DATA
CXCXLW-3,Deep (>150m),,,,,,,,,,,,,,,,,,,,,,,,,,,,2012-2013,CXCXLW-3_Deep (>150m),,NO_DATA
CXCXLW-3,Deep (>150m),,,,,,,,,,,,,,,,,,,,,,,,,,,,2020-2021,CXCXLW-3_Deep (>150m),,NO_DATA
CXCXLW-3,Medium (50–150m),0.0,,0.08,5.25,40.53,14.5,61.0,413.5,-39.7,0.8300000000000001,161.65,0.25,2.4875,31.740000000000002,0.45,1.4,13.145,0.295,15.0,0.15000000000000002,221.65,27.0,7.45,Cox'S Bazar,Cox's Bazar,21.42713,92.00278,2012-2013,CXCXLW-3_Medium (50–150m),19.54769206500445,FAIL
CXCXLW-3,Medium (50–150m),0.6949249999999999,1.0,0.175,18.0,27.10609,96.65,61.0,967.5,98.75,2.030165,125.05000000000001,0.061040000000000004,2.2918,14.932825000000001,2.2904,2.4,40.056599999999996,0.44859,8.0,0.45999999999999996,622.0,27.715,6.825,Cox’s Bazar,Cox’s Bazar Sadar,21.42714,92.0029,2020-2021,CXCXLW-3_Medium (50–150m),-10.425060761231453,FAIL
CXCXLW-3,Shallow (<50m),,,,,,,,,,,,,,,,,,,,,,,,,,,,2012-2013,CXCXLW-3_Shallow (<50m),,NO_DATA
CXCXLW-3,Shallow (<50m),,,,,,,,,,,,,,,,,,,,,,,,,,,,2020-2021,CXCXLW-3_Shallow (<50m),,NO_DATA
CXCXLW-4,Deep (>150m),,,,,,,,,,,,,,,,,,,,,,,,,,,,2012-2013,CXCXLW-4_Deep (>150m),,NO_DATA
CXCXLW-4,Deep (>150m),,,,,,,,,,,,,,,,,,,,,,,,,,,,2020-2021,CXCXLW-4_Deep (>150m),,NO_DATA
CXCXLW-4,Medium (50–150m),,,,,,,,,,,,,,,,,,,,,,,,,,,,2012-2013,CXCXLW-4_Medium (50–150m),,NO_DATA
CXCXLW-4,Medium (50–150m),,,,,,,,,,,,,,,,,,,,,,,,,,,,2020-2021,CXCXLW-4_Medium (50–150m),,NO_DATA
CXCXLW-4,Shallow (<50m),0.0,,0.15500000000000003,6.0,15.0,13.0,38.0,364.0,,0.81,146.4,0.30000000000000004,1.7825,12.5,0.05,2.1,12.114999999999998,0.49,13.5,0.2,202.1,28.0,7.2,Cox'S Bazar,Cox's Bazar,21.42631,92.00827,2012-2013,CXCXLW-4_Shallow (<50m),-16.13341225276494,FAIL
CXCXLW-4,Shallow (<50m),1.4157950000000001,0.9,0.175,0.0,30.070999999999998,30.65,44.0,539.5,-7.900000000000002,0.7831049999999999,152.5,0.079295,3.5141999999999998,10.479500000000002,0.06327,1.0,20.2967,0.45025000000000004,6.5,0.22999999999999998,326.0,28.14,7.335,Cox’s Bazar,Cox’s Bazar Sadar,21.42624,92.008,2020-2021,CXCXLW-4_Shallow (<50m),-2.370727597922785,PASS
CXCXLW-5,Deep (>150m),,,,,,,,,,,,,,,,,,,,,,,,,,,,2012-2013,CXCXLW-5_Deep (>150m),,NO_DATA
CXCXLW-5,Deep (>150m),,,,,,,,,,,,,,,,,,,,,,,,,,,,2020-2021,CXCXLW-5_Deep (>150m),,NO_DATA
CXCXLW-5,Medium (50–150m),0.0,,0.005,4.5,7.35,19.125,72.0,248.5,-37.6,2.0599999999999996,106.75,0.25,2.341,37.5,0.15000000000000002,1.05,33.78,0.415,1.0,0.12000000000000001,129.45,26.65,7.35,Cox'S Bazar,Cox's Bazar,21.42594,92.01868,2012-2013,CXCXLW-5_Medium (50–150m),34.05214827465244,FAIL
CXCXLW-5,Medium (50–150m),1.07011,0.75,0.23500000000000001,6.0,20.718805,39.65,72.0,544.0,54.7,0.13877,77.6,0.053135,3.2893999999999997,9.812155,0.040870000000000004,1.0,18.4148,0.32209,11.0,0.21,353.5,28.799999999999997,7.085,Cox’s Bazar,Cox’s Bazar Sadar,21.4256,92.0197,2020-2021,CXCXLW-5_Medium (50–150m),-2.0172590327360678,PASS
CXCXLW-5,Shallow (<50m),,,,,,,,,,,,,,,,,,,,,,,,,,,,2012-2013,CXCXLW-5_Shallow (<50m),,NO_DATA
CXCXLW-5,Shallow (<50m),,,,,,,,,,,,,,,,,,,,,,,,,,,,2020-2021,CXCXLW-5_Shallow (<50m),,NO_DATA
CXTKLW-1,Deep (>150m),,,,,,,,,,,,,,,,,,,,,,,,,,,,2012-2013,CXTKLW-1_Deep (>150m),,NO_DATA
CXTKLW-1,Deep (>150m),,,,,,,,,,,,,,,,,,,,,,,,,,,,2020-2021,CXTKLW-1_Deep (>150m),,NO_DATA
CXTKLW-1,Medium (50–150m),,,,,,,,,,,,,,,,,,,,,,,,,,,,2012-2013,CXTKLW-1_Medium (50–150m),,NO_DATA
CXTKLW-1,Medium (50–150m),,,,,,,,,,,,,,,,,,,,,,,,,,,,2020-2021,CXTKLW-1_Medium (50–150m),,NO_DATA
CXTKLW-1,Shallow (<50m),10.0,,0.095,5.25,10.0,469.0,17.0,2689.0,78.65,0.08,149.45,0.2,4.822,47.5,0.65,1.9,73.525,1.2550000000000001,40.5,1.4000000000000001,1373.5,28.95,5.75,Cox'S Bazar,Teknaf,20.84697,92.2736,2012-2013,CXTKLW-1_Shallow (<50m),-36.745824076010805,FAIL
CXTKLW-1,Shallow (<50m),1.5497649999999998,1.15,0.22,0.0,75.3443,61.75,17.0,1246.5,-59.3,1.732955,286.7,0.03662,3.52785,24.17225,0.34481,2.25,43.5602,0.32491,10.0,0.585,801.0,27.9,7.58,Cox’s Bazar,Teknaf,20.847,92.2736,2020-2021,CXTKLW-1_Shallow (<50m),7.676392835579036,PASS
CXTKLW-2,Deep (>150m),,,,,,,,,,,,,,,,,,,,,,,,,,,,2012-2013,CXTKLW-2_Deep (>150m),,NO_DATA
CXTKLW-2,Deep (>150m),,,,,,,,,,,,,,,,,,,,,,,,,,,,2020-2021,CXTKLW-2_Deep (>150m),,NO_DATA
CXTKLW-2,Medium (50–150m),3.75,,0.045,13.5,150.0,129.25,66.0,1038.0,-44.650000000000006,2.0,277.54999999999995,0.3,3.8545,12.5,0.1,1.7000000000000002,265.8,0.7050000000000001,9.5,0.485,575.0,28.5,7.75,Cox'S Bazar,Teknaf,20.85062,92.28198,2012-2013,CXTKLW-2_Medium (50–150m),38.97429082856303,FAIL
CXTKLW-2,Medium (50–150m),2.11632,0.55,0.255,0.0,71.70335,205.35,66.0,1080.0,-12.799999999999999,0.223805,204.35,0.02465,2.78675,21.68525,0.0629,2.9,79.69445,0.36082000000000003,12.0,0.555,671.5,26.925,7.705,Cox’s Bazar,Teknaf,20.85064,92.282031,2020-2021,CXTKLW-2_Medium (50–150m),-2.9334174138409295,PASS
CXTKLW-2,Shallow (<50m),,,,,,,,,,,,,,,,,,,,,,,,,,,,2012-2013,CXTKLW-2_Shallow (<50m),,NO_DATA
CXTKLW-2,Shallow (<50m),,,,,,,,,,,,,,,,,,,,,,,,,,,,2020-2021,CXTKLW-2_Shallow (<50m),,NO_DATA
CXTKLW-3,Deep (>150m),,,,,,,,,,,,,,,,,,,,,,,,,,,,2012-2013,CXTKLW-3_Deep (>150m),,NO_DATA
CXTKLW-3,Deep (>150m),,,,,,,,,,,,,,,,,,,,,,,,,,,,2020-2021,CXTKLW-3_Deep (>150m),,NO_DATA
CXTKLW-3,Medium (50–150m),,,,,,,,,,,,,,,,,,,,,,,,,,,,2012-2013,CXTKLW-3_Medium (50–150m),,NO_DATA
CXTKLW-3,Medium (50–150m),,,,,,,,,,,,,,,,,,,,,,,,,,,,2020-2021,CXTKLW-3_Medium (50–150m),,NO_DATA
CXTKLW-3,Shallow (<50m),7.5,,0.05,7.5,84.755,1337.5,46.0,4000.0,22.949999999999996,0.045000000000000005,134.2,0.25,13.09,70.0,0.6,5.1,183.35,0.245,105.5,2.085,2250.0,29.0,6.55,Cox'S Bazar,Teknaf,20.85496,92.28407,2012-2013,CXTKLW-3_Shallow (<50m),-39.71177163861107,FAIL
CXTKLW-3,Shallow (<50m),46.68195,1.2,0.115,0.0,82.99164999999999,120.4,46.0,1497.5,-73.2,0.373585,228.75,0.025230000000000002,4.3766,23.556099999999997,0.28991999999999996,0.9,59.508500000000005,0.45518,19.5,0.73,954.0,27.4,7.79,Cox’s Bazar,Teknaf,20.855,92.2841,2020-2021,CXTKLW-3_Shallow (<50m),7.472583489777435,PASS
CXTKLW-4,Deep (>150m),,,,,,,,,,,,,,,,,,,,,,,,,,,,2012-2013,CXTKLW-4_Deep (>150m),,NO_DATA
CXTKLW-4,Deep (>150m),,,,,,,,,,,,,,,,,,,,,,,,,,,,2020-2021,CXTKLW-4_Deep (>150m),,NO_DATA
CXTKLW-4,Medium (50–150m),,,,,,,,,,,,,,,,,,,,,,,,,,,,2012-2013,CXTKLW-4_Medium (50–150m),,NO_DATA
CXTKLW-4,Medium (50–150m),,,,,,,,,,,,,,,,,,,,,,,,,,,,2020-2021,CXTKLW-4_Medium (50–150m),,NO_DATA
CXTKLW-4,Shallow (<50m),12.5,,0.025,9.0,62.05,1248.0,18.0,4464.0,28.200000000000003,11.524999999999999,186.05,0.4,3.844,82.5,0.0,5.5,237.675,0.575,27.5,2.415,2306.0,27.299999999999997,6.45,Cox'S Bazar,Teknaf,20.85715,92.29041,2012-2013,CXTKLW-4_Shallow (<50m),-30.844277341675795,FAIL
CXTKLW-4,Shallow (<50m),20.25025,0.95,0.25,6.0,69.2193,142.35,18.0,1449.5,-117.2,1.1971450000000001,222.65,0.062325,5.021,10.757525,0.745255,1.2000000000000002,96.65,0.88672,11.0,0.6,750.0,27.439999999999998,7.640000000000001,Cox’s Bazar,Teknaf,20.8572,92.2904,2020-2021,CXTKLW-4_Shallow (<50m),3.5620085071436463,PASS
CXTKLW-5,Deep (>150m),,,,,,,,,,,,,,,,,,,,,,,,,,,,2012-2013,CXTKLW-5_Deep (>150m),,NO_DATA
CXTKLW-5,Deep (>150m),,,,,,,,,,,,,,,,,,,,,,,,,,,,2020-2021,CXTKLW-5_Deep (>150m),,NO_DATA
CXTKLW-5,Medium (50–150m),3.75,,0.0,0.0,35.0,173.875,66.0,821.0,9.5,1.56,140.3,0.30000000000000004,4.442,15.0,0.1,1.85,142.435,0.225,6.0,0.44,472.55,28.15,6.9,Cox'S Bazar,Teknaf,20.86045,92.29587,2012-2013,CXTKLW-5_Medium (50–150m),11.869129648868507,FAIL
CXTKLW-5,Medium (50–150m),0.37825,1.1,0.315,0.0,109.2205,83.1,66.0,1312.0,-83.8,7.688135,213.5,0.09185,3.76935,7.991775,1.53091,0.35,23.4499,1.09227,18.5,0.64,837.0,27.5,7.57,Cox’s Bazar,Teknaf,20.8604,92.2959,2020-2021,CXTKLW-5_Medium (50–150m),9.311521821547867,PASS
CXTKLW-5,Shallow (<50m),,,,,,,,,,,,,,,,,,,,,,,,,,,,2012-2013,CXTKLW-5_Shallow (<50m),,NO_DATA
CXTKLW-5,Shallow (<50m),,,,,,,,,,,,,,,,,,,,,,,,,,,,2020-2021,CXTKLW-5_Shallow (<50m),,NO_DATA
FNDBLW-1,Deep (>150m),,,,,,,,,,,,,,,,,,,,,,,,,,,,2012-2013,FNDBLW-1_Deep (>150m),,NO_DATA
FNDBLW-1,Deep (>150m),,,,,,,,,,,,,,,,,,,,,,,,,,,,2020-2021,FNDBLW-1_Deep (>150m),,NO_DATA
FNDBLW-1,Medium (50–150m),0.0,0.8500000000000001,0.09,12.0,36.485,40.5,86.0,516.5,-84.15,12.6,216.55,0.14,1.865,1.13615,0.1,1.35,145.62,2.0,0.0,0.175,277.8,27.15,8.23,Feni,Daganbhuiyan,22.97848,91.33654,2012-2013,FNDBLW-1_Medium (50–150m),25.666372272500894,FAIL
FNDBLW-1,Medium (50–150m),5.5181,0.8,0.094,12.0,33.747535,189.4,95.0,580.5,47.4,0.316925,171.45,0.053715,6.97805,18.302995,0.075225,2.1,91.875,2.38,1.877,0.23500000000000001,362.0,26.740000000000002,6.8149999999999995,Feni,Dagonbhuiya,23.122086,90.754607,2020-2021,FNDBLW-1_Medium (50–150m),-8.21650816995781,PASS
FNDBLW-1,Shallow (<50m),,,,,,,,,,,,,,,,,,,,,,,,,,,,2012-2013,FNDBLW-1_Shallow (<50m),,NO_DATA
FNDBLW-1,Shallow (<50m),,,,,,,,,,,,,,,,,,,,,,,,,,,,2020-2021,FNDBLW-1_Shallow (<50m),,NO_DATA
FNDBLW-2,Deep (>150m),,,,,,,,,,,,,,,,,,,,,,,,,,,,2012-2013,FNDBLW-2_Deep (>150m),,NO_DATA
FNDBLW-2,Deep (>150m),,,,,,,,,,,,,,,,,,,,,,,,,,,,2020-2021,FNDBLW-2_Deep (>150m),,NO_DATA
FNDBLW-2,Medium (50–150m),0.0,1.15,0.04,6.0,48.7,25.25,86.0,351.0,-72.25,8.3,131.14999999999998,0.07,1.729,7.505,0.15000000000000002,1.35,45.754999999999995,0.755,0.0,0.135,179.7,27.4,6.8149999999999995,Feni,Daganbhuiyan,22.97221,91.33321,2012-2013,FNDBLW-2_Medium (50–150m),26.82200495531996,FAIL
FNDBLW-2,Medium (50–150m),121.8364,0.55,0.132,12.0,24.44115,166.8,60.0,860.5,-53.05,2.435635,199.9,0.04463,11.1105,12.50425,0.071425,2.9000000000000004,107.2525,2.585,2.436,0.39,537.5,26.7,6.655,Feni,Dagonbhuiya,22.972438,91.333292,2020-2021,FNDBLW-2_Medium (50–150m),-8.02783647323805,PASS
FNDBLW-2,Shallow (<50m),,,,,,,,,,,,,,,,,,,,,,,,,,,,2012-2013,FNDBLW-2_Shallow (<50m),,NO_DATA
FNDBLW-2,Shallow (<50m),,,,,,,,,,,,,,,,,,,,,,,,,,,,2020-2021,FNDBLW-2_Shallow (<50m),,NO_DATA
FNDBLW-3,Deep (>150m),,,,,,,,,,,,,,,,,,,,,,,,,,,,2012-2013,FNDBLW-3_Deep (>150m),,NO_DATA
FNDBLW-3,Deep (>150m),,,,,,,,,,,,,,,,,,,,,,,,,,,,2020-2021,FNDBLW-3_Deep (>150m),,NO_DATA
FNDBLW-3,Medium (50–150m),26.25,1.2,0.08499999999999999,12.0,49.25,98.0,104.0,658.0,-79.1,3.95,164.7,0.135,4.327,15.145,0.1,5.0,124.11000000000001,1.53,0.0,0.305,347.725,27.05,7.085,Feni,Daganbhuiyan,22.9664,91.33261,2012-2013,FNDBLW-3_Medium (50–150m),21.926130184119266,FAIL
FNDBLW-3,Medium (50–150m),6.41535,0.7000000000000001,0.16,0.0,3.355955,61.5,104.0,464.5,-14.850000000000001,2.17117,118.95,0.100105,5.40845,23.3404,0.09637000000000001,3.05,42.07955,2.0949999999999998,5.1445,0.155,280.5,26.7,6.789999999999999,Feni,Dagonbhuiya,22.966133,91.332882,2020-2021,FNDBLW-3_Medium (50–150m),2.876537015885346,PASS
FNDBLW-3,Shallow (<50m),,,,,,,,,,,,,,,,,,,,,,,,,,,,2012-2013,FNDBLW-3_Shallow (<50m),,NO_DATA
FNDBLW-3,Shallow (<50m),,,,,,,,,,,,,,,,,,,,,,,,,,,,2020-2021,FNDBLW-3_Shallow (<50m),,NO_DATA
FNDBLW-4,Deep (>150m),,,,,,,,,,,,,,,,,,,,,,,,,,,,2012-2013,FNDBLW-4_Deep (>150m),,NO_DATA
FNDBLW-4,Deep (>150m),,,,,,,,,,,,,,,,,,,,,,,,,,,,2020-2021,FNDBLW-4_Deep (>150m),,NO_DATA
FNDBLW-4,Medium (50–150m),0.0,0.95,0.07,6.0,41.385000000000005,37.0,86.0,372.0,-51.6,3.75,146.4,0.105,5.4955,15.325,0.15000000000000002,1.6,57.97,1.0899999999999999,0.5,0.19,190.175,27.2,7.18,Feni,Daganbhuiyan,22.95619,91.33234,2012-2013,FNDBLW-4_Medium (50–150m),24.533802394641146,FAIL
FNDBLW-4,Medium (50–150m),5.202050000000001,1.0,0.0985,6.0,1.2724,110.45,85.0,289.5,-40.05,1.22263,67.35,0.28813500000000003,7.98405,8.760835,0.318195,2.05,74.1977,0.7715000000000001,5.611,0.42,203.015,27.825000000000003,6.705,Feni,Dagonbhuiya,22.956201,91.332306,2020-2021,FNDBLW-4_Medium (50–150m),-3.63277988258933,PASS
FNDBLW-4,Shallow (<50m),,,,,,,,,,,,,,,,,,,,,,,,,,,,2012-2013,FNDBLW-4_Shallow (<50m),,NO_DATA
FNDBLW-4,Shallow (<50m),,,,,,,,,,,,,,,,,,,,,,,,,,,,2020-2021,FNDBLW-4_Shallow (<50m),,NO_DATA
FNDBLW-5,Deep (>150m),,,,,,,,,,,,,,,,,,,,,,,,,,,,2012-2013,FNDBLW-5_Deep (>150m),,NO_DATA
FNDBLW-5,Deep (>150m),,,,,,,,,,,,,,,,,,,,,,,,,,,,2020-2021,FNDBLW-5_Deep (>150m),,NO_DATA
FNDBLW-5,Medium (50–150m),3.75,1.0,0.08,12.0,36.34,126.0,95.0,846.5,-72.6,2.0,228.75,0.125,3.783,66.2425,0.1,1.65,204.705,9.41,0.0,0.29500000000000004,309.85,26.7,7.5649999999999995,Feni,Daganbhuiyan,22.95377,91.32663,2012-2013,FNDBLW-5_Medium (50–150m),34.118540852595345,FAIL
FNDBLW-5,Medium (50–150m),83.38575,1.1,0.17099999999999999,12.0,29.28014,315.95,60.0,1751.5,-16.3,2.3991749999999996,289.85,0.11278,15.305250000000001,18.47048,0.12475,5.75,190.257,2.935,3.2345,0.885,1120.5,26.865000000000002,7.3100000000000005,Feni,Dagonbhuiya,22.978727,91.336785,2020-2021,FNDBLW-5_Medium (50–150m),-9.888255083413142,PASS
FNDBLW-5,Shallow (<50m),,,,,,,,,,,,,,,,,,,,,,,,,,,,2012-2013,FNDBLW-5_Shallow (<50m),,NO_DATA
FNDBLW-5,Shallow (<50m),,,,,,,,,,,,,,,,,,,,,,,,,,,,2020-2021,FNDBLW-5_Shallow (<50m),,NO_DATA
FNFNPZ-1,Deep (>150m),,,,,,,,,,,,,,,,,,,,,,,,,,,,2012-2013,FNFNPZ-1_Deep (>150m),,NO_DATA
FNFNPZ-1,Deep (>150m),,,,,,,,,,,,,,,,,,,,,,,,,,,,2020-2021,FNFNPZ-1_Deep (>150m),,NO_DATA
FNFNPZ-1,Medium (50–150m),,,,,,,,,,,,,,,,,,,,,,,,,,,,2012-2013,FNFNPZ-1_Medium (50–150m),,NO_DATA
FNFNPZ-1,Medium (50–150m),,,,,,,,,,,,,,,,,,,,,,,,,,,,2020-2021,FNFNPZ-1_Medium (50–150m),,NO_DATA
FNFNPZ-1,Shallow (<50m),2.5,0.65,0.77,3.0,53.84,1500.0,45.0,5680.0,-49.05,4.71,378.2,1.28,15.565000000000001,55.475,0.056,0.8739,1061.05,0.4595,6.82,3.05,3240.8,26.8,7.84,Feni,Feni Sadar,22.99768,91.46376,2012-2013,FNFNPZ-1_Shallow (<50m),5.055654899883064,PASS
FNFNPZ-1,Shallow (<50m),10.6506,0.35,0.19,6.0,94.01323000000001,1002.1,46.0,3102.5,-50.85,5.1103,120.44999999999999,0.303115,21.2195,45.617509999999996,0.37851,2.35,411.50855,2.5,2.0415,1.665,2004.5,26.25,6.5,Feni,Feni Sadar,22.99768,91.46376,2020-2021,FNFNPZ-1_Shallow (<50m),-6.093155140818447,PASS
FNFNPZ-2,Deep (>150m),,,,,,,,,,,,,,,,,,,,,,,,,,,,2012-2013,FNFNPZ-2_Deep (>150m),,NO_DATA
FNFNPZ-2,Deep (>150m),,,,,,,,,,,,,,,,,,,,,,,,,,,,2020-2021,FNFNPZ-2_Deep (>150m),,NO_DATA
FNFNPZ-2,Medium (50–150m),2.5,0.75,0.475,1.5,12.67,37.5,127.0,483.0,-55.949999999999996,2.59,277.55,0.665,3.6899999999999995,12.56,0.09375,0.20205,95.4,0.5599000000000001,7.050000000000001,0.21500000000000002,245.05,26.950000000000003,7.93,Feni,Feni Sadar,22.99769,91.46377,2012-2013,FNFNPZ-2_Medium (50–150m),1.5366293015362076,PASS
FNFNPZ-2,Medium (50–150m),8.03149,0.45,0.14,6.0,17.29355,132.675,127.0,545.0,-43.5,4.703455,116.55000000000001,0.12162,5.5402000000000005,13.832650000000001,0.36586,1.65,76.20824999999999,1.38,2.997,0.225,342.0,26.525,6.455,Feni,Feni Sadar,22.99769,91.46377,2020-2021,FNFNPZ-2_Medium (50–150m),-2.9714238367394517,PASS
FNFNPZ-2,Shallow (<50m),,,,,,,,,,,,,,,,,,,,,,,,,,,,2012-2013,FNFNPZ-2_Shallow (<50m),,NO_DATA
FNFNPZ-2,Shallow (<50m),,,,,,,,,,,,,,,,,,,,,,,,,,,,2020-2021,FNFNPZ-2_Shallow (<50m),,NO_DATA
FNFNPZ-3,Deep (>150m),2.5,0.55,0.74,1.5,65.55,20.75,182.0,402.0,-50.699999999999996,3.325,240.95,1.1,2.65,9.1,0.0075,0.18375000000000002,262.3,0.29290000000000005,7.4399999999999995,0.21000000000000002,220.9,27.0,7.82,Feni,Feni Sadar,22.99769,91.46378,2012-2013,FNFNPZ-3_Deep (>150m),53.34475928703465,FAIL
FNFNPZ-3,Deep (>150m),9.85535,0.4,0.422,6.0,46.72415,2768.15,184.0,5083.0,-36.0,2.8329500000000003,222.2,0.0322,9.9895,31.8384,0.248555,2.05,1538.5749999999998,0.395,4.750500000000001,2.79,3303.5,28.04,6.115,Feni,Feni Sadar,22.99769,91.46378,2020-2021,FNFNPZ-3_Deep (>150m),-6.366684666357917,PASS
FNFNPZ-3,Medium (50–150m),,,,,,,,,,,,,,,,,,,,,,,,,,,,2012-2013,FNFNPZ-3_Medium (50–150m),,NO_DATA
FNFNPZ-3,Medium (50–150m),,,,,,,,,,,,,,,,,,,,,,,,,,,,2020-2021,FNFNPZ-3_Medium (50–150m),,NO_DATA
FNFNPZ-3,Shallow (<50m),,,,,,,,,,,,,,,,,,,,,,,,,,,,2012-2013,FNFNPZ-3_Shallow (<50m),,NO_DATA
FNFNPZ-3,Shallow (<50m),,,,,,,,,,,,,,,,,,,,,,,,,,,,2020-2021,FNFNPZ-3_Shallow (<50m),,NO_DATA
FNFNPZ-4,Deep (>150m),1.25,0.4,0.6499999999999999,1.5,6.08,27.5,246.0,429.0,-67.75,1.235,259.25,1.165,2.775,6.395,0.06825,0.1182,389.2,0.49839999999999995,7.125,0.21000000000000002,225.85,27.5,8.08,Feni,Feni Sadar,22.99749,91.46394,2012-2013,FNFNPZ-4_Deep (>150m),54.661074861553395,FAIL
FNFNPZ-4,Deep (>150m),9.372850000000001,1.05,0.16599999999999998,18.0,9.717865,126.1,245.0,458.5,-57.65,0.410405,200.7,0.11046,3.9446000000000003,7.047025,0.31917999999999996,1.9,103.501,0.47000000000000003,3.51,0.175,287.0,26.5,6.885,Feni,Feni Sadar,22.99749,91.46394,2020-2021,FNFNPZ-4_Deep (>150m),-14.107907488611007,FAIL
FNFNPZ-4,Medium (50–150m),,,,,,,,,,,,,,,,,,,,,,,,,,,,2012-2013,FNFNPZ-4_Medium (50–150m),,NO_DATA
FNFNPZ-4,Medium (50–150m),,,,,,,,,,,,,,,,,,,,,,,,,,,,2020-2021,FNFNPZ-4_Medium (50–150m),,NO_DATA
FNFNPZ-4,Shallow (<50m),,,,,,,,,,,,,,,,,,,,,,,,,,,,2012-2013,FNFNPZ-4_Shallow (<50m),,NO_DATA
FNFNPZ-4,Shallow (<50m),,,,,,,,,,,,,,,,,,,,,,,,,,,,2020-2021,FNFNPZ-4_Shallow (<50m),,NO_DATA
GPKPPZ-1,Deep (>150m),,,,,,,,,,,,,,,,,,,,,,,,,,,,2012-2013,GPKPPZ-1_Deep (>150m),,NO_DATA
GPKPPZ-1,Deep (>150m),,,,,,,,,,,,,,,,,,,,,,,,,,,,2020-2021,GPKPPZ-1_Deep (>150m),,NO_DATA
GPKPPZ-1,Medium (50–150m),0.0,0.6000000000000001,0.105,7.5,18.055,140.0,97.0,1286.5,-46.099999999999994,3.9,246.5,0.16,11.8215,59.165000000000006,0.1,10.950000000000001,224.07999999999998,3.715,9.215,0.645,663.65,26.299999999999997,7.5649999999999995,Gopalganj,Kotalipara,23.08825,90.10497,2012-2013,GPKPPZ-1_Medium (50–150m),29.31767742045361,FAIL
GPKPPZ-1,Medium (50–150m),9.48735,1.2,0.305,18.0,26.796999999999997,297.65,98.0,2303.5,-116.0,2.017295,407.5,0.088925,7.763,21.87845,0.37603000000000003,4.35,203.856,2.13688,3.5,1.15,1462.0,26.3,7.95,Gopalganj,Kotalipara,23.088299999999997,90.10497,2020-2021,GPKPPZ-1_Medium (50–150m),-12.761219224909127,FAIL
GPKPPZ-1,Shallow (<50m),,,,,,,,,,,,,,,,,,,,,,,,,,,,2012-2013,GPKPPZ-1_Shallow (<50m),,NO_DATA
GPKPPZ-1,Shallow (<50m),,,,,,,,,,,,,,,,,,,,,,,,,,,,2020-2021,GPKPPZ-1_Shallow (<50m),,NO_DATA
GPKPPZ-2,Deep (>150m),2.5,0.9,0.18,0.75,3.84,2147.5,158.0,8855.0,-35.0,15.9,506.3,0.29500000000000004,15.905,24.48,0.45,20.2,951.8,0.505,9.355,4.65,4580.0,26.65,7.550000000000001,Gopalganj,Kotalipara,23.08821,90.10509,2012-2013,GPKPPZ-2_Deep (>150m),-21.77738442300491,FAIL
GPKPPZ-2,Deep (>150m),29.1234,1.35,0.265,18.0,112.825,1748.85,159.0,6822.0,-103.6,1.596,503.25,0.15857500000000002,14.7385,39.79815,0.053125,1.3,1125.565,0.50637,3.0,3.58,4031.0,27.05,7.75,Gopalganj,Kotalipara,23.08821,90.10509,2020-2021,GPKPPZ-2_Deep (>150m),0.020924054923929767,PASS
GPKPPZ-2,Medium (50–150m),,,,,,,,,,,,,,,,,,,,,,,,,,,,2012-2013,GPKPPZ-2_Medium (50–150m),,NO_DATA
GPKPPZ-2,Medium (50–150m),,,,,,,,,,,,,,,,,,,,,,,,,,,,2020-2021,GPKPPZ-2_Medium (50–150m),,NO_DATA
GPKPPZ-2,Shallow (<50m),,,,,,,,,,,,,,,,,,,,,,,,,,,,2012-2013,GPKPPZ-2_Shallow (<50m),,NO_DATA
GPKPPZ-2,Shallow (<50m),,,,,,,,,,,,,,,,,,,,,,,,,,,,2020-2021,GPKPPZ-2_Shallow (<50m),,NO_DATA
GPKPPZ-3,Deep (>150m),0.0,0.4,0.08499999999999999,0.75,6.495,262.5,250.0,1561.5,-43.8,5.0,250.1,0.135,3.327,40.905,0.2,2.4,201.368,0.2,10.34,0.795,794.0,26.1,7.5,Gopalganj,Kotalipara,23.0882,90.10508,2012-2013,GPKPPZ-3_Deep (>150m),3.8032977075465704,PASS
GPKPPZ-3,Deep (>150m),1.44585,1.1,0.16,18.0,156.39285,1268.425,250.0,5658.5,-116.35,3.2508049999999997,439.20000000000005,0.21891,23.67175,79.79220000000001,0.11603,1.8,548.1095,1.8499400000000001,3.5,2.875,3633.5,26.8,7.95,Gopalganj,Kotalipara,23.0882,90.10508,2020-2021,GPKPPZ-3_Deep (>150m),-5.803856510661235,PASS
GPKPPZ-3,Medium (50–150m),,,,,,,,,,,,,,,,,,,,,,,,,,,,2012-2013,GPKPPZ-3_Medium (50–150m),,NO_DATA
GPKPPZ-3,Medium (50–150m),,,,,,,,,,,,,,,,,,,,,,,,,,,,2020-2021,GPKPPZ-3_Medium (50–150m),,NO_DATA
GPKPPZ-3,Shallow (<50m),,,,,,,,,,,,,,,,,,,,,,,,,,,,2012-2013,GPKPPZ-3_Shallow (<50m),,NO_DATA
GPKPPZ-3,Shallow (<50m),,,,,,,,,,,,,,,,,,,,,,,,,,,,2020-2021,GPKPPZ-3_Shallow (<50m),,NO_DATA
GPKPPZ-4,Deep (>150m),0.0,0.2,0.06,1.5,4.324199999999999,270.0,304.0,1135.0,-42.15,1.3,271.45,0.09,2.807,25.915,0.15000000000000002,2.8,126.853,0.315,11.045,0.61,618.0,26.0,7.93,Gopalganj,Kotalipara,23.08889,90.10493,2012-2013,GPKPPZ-4_Deep (>150m),-21.62748228845766,FAIL
GPKPPZ-4,Deep (>150m),30.773225,1.15,0.23,24.0,35.73335,281.125,305.0,1700.5,-31.694999999999997,3.1564349999999997,328.20000000000005,0.11427999999999999,7.28545,23.3281,0.17881,1.7999999999999998,191.60950000000003,1.9941600000000002,3.5,0.8,1066.0,27.4,8.100000000000001,Gopalganj,Kotalipara,23.08889,90.10493,2020-2021,GPKPPZ-4_Deep (>150m),-7.251012881478826,PASS
GPKPPZ-4,Medium (50–150m),,,,,,,,,,,,,,,,,,,,,,,,,,,,2012-2013,GPKPPZ-4_Medium (50–150m),,NO_DATA
GPKPPZ-4,Medium (50–150m),,,,,,,,,,,,,,,,,,,,,,,,,,,,2020-2021,GPKPPZ-4_Medium (50–150m),,NO_DATA
GPKPPZ-4,Shallow (<50m),,,,,,,,,,,,,,,,,,,,,,,,,,,,2012-2013,GPKPPZ-4_Shallow (<50m),,NO_DATA
GPKPPZ-4,Shallow (<50m),,,,,,,,,,,,,,,,,,,,,,,,,,,,2020-2021,GPKPPZ-4_Shallow (<50m),,NO_DATA
GPMPPZ-1,Deep (>150m),,,,,,,,,,,,,,,,,,,,,,,,,,,,2012-2013,GPMPPZ-1_Deep (>150m),,NO_DATA
GPMPPZ-1,Deep (>150m),,,,,,,,,,,,,,,,,,,,,,,,,,,,2020-2021,GPMPPZ-1_Deep (>150m),,NO_DATA
GPMPPZ-1,Medium (50–150m),,,,,,,,,,,,,,,,,,,,,,,,,,,,2012-2013,GPMPPZ-1_Medium (50–150m),,NO_DATA
GPMPPZ-1,Medium (50–150m),,,,,,,,,,,,,,,,,,,,,,,,,,,,2020-2021,GPMPPZ-1_Medium (50–150m),,NO_DATA
GPMPPZ-1,Shallow (<50m),72.5,0.25,0.52,3.75,56.045,165.25,48.0,1605.0,-68.6,3.3649999999999998,594.75,0.83,10.370000000000001,43.665,0.33999999999999997,0.583,294.35,1.0275,11.705,0.8,817.0,28.3,8.14,Gopalganj,Muksudpur,23.3335,89.9129,2012-2013,GPMPPZ-1_Shallow (<50m),13.869297751140785,FAIL
GPMPPZ-1,Shallow (<50m),43.36175,1.3,0.275,12.0,93.2625,123.35,49.0,1421.5,-60.75,4.903875,347.7,0.10311500000000001,8.30105,24.69005,1.898455,1.7999999999999998,47.9828,1.21349,4.0,0.705,906.5,26.875,8.035,Gopalganj,Muksudpur,23.3335,89.9129,2020-2021,GPMPPZ-1_Shallow (<50m),-2.628677198071302,PASS
GPMPPZ-2,Deep (>150m),,,,,,,,,,,,,,,,,,,,,,,,,,,,2012-2013,GPMPPZ-2_Deep (>150m),,NO_DATA
GPMPPZ-2,Deep (>150m),,,,,,,,,,,,,,,,,,,,,,,,,,,,2020-2021,GPMPPZ-2_Deep (>150m),,NO_DATA
GPMPPZ-2,Medium (50–150m),35.0,0.8,0.22,2.25,25.935,1095.0,109.0,3815.0,-84.75,1.98,457.5,0.45499999999999996,11.263000000000002,79.36500000000001,0.625,2.332,353.14,0.8371999999999999,8.2,2.0,1947.0,27.7,8.415,Gopalganj,Muksudpur,22.33357,89.9129,2012-2013,GPMPPZ-2_Medium (50–150m),-24.295061918917877,FAIL
GPMPPZ-2,Medium (50–150m),33.12405,1.5499999999999998,0.365,18.0,92.4341,1292.75,110.0,4510.5,-119.85,4.27982,387.35,0.19368000000000002,15.09,47.61725,0.6037100000000001,1.6,745.155,4.03149,4.5,2.34,2839.5,26.35,7.795,Gopalganj,Muksudpur,22.33357,89.9129,2020-2021,GPMPPZ-2_Medium (50–150m),-2.529726714146988,PASS
GPMPPZ-2,Shallow (<50m),,,,,,,,,,,,,,,,,,,,,,,,,,,,2012-2013,GPMPPZ-2_Shallow (<50m),,NO_DATA
GPMPPZ-2,Shallow (<50m),,,,,,,,,,,,,,,,,,,,,,,,,,,,2020-2021,GPMPPZ-2_Shallow (<50m),,NO_DATA
GPMPPZ-3,Deep (>150m),0.0,0.15000000000000002,0.385,0.0,50.58,505.0,207.0,1963.5,-51.900000000000006,3.055,231.8,0.43,7.5175,88.055,0.085,0.22595,271.35,0.1904,14.82,1.15,1164.0149999999999,27.0,7.824999999999999,Gopalganj,Muksudpur,23.33391,89.91295,2012-2013,GPMPPZ-3_Deep (>150m),8.738484246499217,PASS
GPMPPZ-3,Deep (>150m),36.98425,1.05,0.28,0.0,138.91000000000003,733.1,212.0,5006.0,-101.0,1.767585,344.65,0.18996500000000002,7.974950000000001,26.603250000000003,1.6296300000000001,0.8,429.77049999999997,1.34277,9.5,2.21,3098.0,26.365,7.885,Gopalganj,Muksudpur,23.33391,89.91295,2020-2021,GPMPPZ-3_Deep (>150m),2.8542655581438385,PASS
GPMPPZ-3,Medium (50–150m),,,,,,,,,,,,,,,,,,,,,,,,,,,,2012-2013,GPMPPZ-3_Medium (50–150m),,NO_DATA
GPMPPZ-3,Medium (50–150m),,,,,,,,,,,,,,,,,,,,,,,,,,,,2020-2021,GPMPPZ-3_Medium (50–150m),,NO_DATA
GPMPPZ-3,Shallow (<50m),,,,,,,,,,,,,,,,,,,,,,,,,,,,2012-2013,GPMPPZ-3_Shallow (<50m),,NO_DATA
GPMPPZ-3,Shallow (<50m),,,,,,,,,,,,,,,,,,,,,,,,,,,,2020-2021,GPMPPZ-3_Shallow (<50m),,NO_DATA
GPMPPZ-4,Deep (>150m),0.0,0.2,0.37,0.0,24.479999999999997,1353.75,310.0,4790.0,-80.85,2.6,176.9,0.77,8.903500000000001,131.0,0.102825,4.0405,415.11,0.42200000000000004,50.53,2.55,2445.0,27.3,8.47,Gopalganj,Muksudpur,23.3337,89.91277,2012-2013,GPMPPZ-4_Deep (>150m),-16.29855236276014,FAIL
GPMPPZ-4,Deep (>150m),0.8327950000000001,1.0,0.135,0.0,225.3215,1728.1,295.0,9631.0,-36.0,2.980745,289.75,0.128115,10.07905,62.338899999999995,0.22799,1.4,760.1899999999999,0.57603,21.5,7.609999999999999,4571.5,26.405,7.8500000000000005,Gopalganj,Muksudpur,23.3332,89.91285,2020-2021,GPMPPZ-4_Deep (>150m),-4.015357409603877,PASS
GPMPPZ-4,Medium (50–150m),,,,,,,,,,,,,,,,,,,,,,,,,,,,2012-2013,GPMPPZ-4_Medium (50–150m),,NO_DATA
GPMPPZ-4,Medium (50–150m),,,,,,,,,,,,,,,,,,,,,,,,,,,,2020-2021,GPMPPZ-4_Medium (50–150m),,NO_DATA
GPMPPZ-4,Shallow (<50m),,,,,,,,,,,,,,,,,,,,,,,,,,,,2012-2013,GPMPPZ-4_Shallow (<50m),,NO_DATA
GPMPPZ-4,Shallow (<50m),,,,,,,,,,,,,,,,,,,,,,,,,,,,2020-2021,GPMPPZ-4_Shallow (<50m),,NO_DATA
GPTPLW-1,Deep (>150m),,,,,,,,,,,,,,,,,,,,,,,,,,,,2012-2013,GPTPLW-1_Deep (>150m),,NO_DATA
GPTPLW-1,Deep (>150m),,,,,,,,,,,,,,,,,,,,,,,,,,,,2020-2021,GPTPLW-1_Deep (>150m),,NO_DATA
GPTPLW-1,Medium (50–150m),40.0,,0.68,12.0,183.13,3410.0,90.0,9285.0,-30.5,9.6,256.2,1.13,25.215,272.92999999999995,0.15000000000000002,31.5,1747.05,1.04,0.0,5.15,4735.0,28.25,7.545,Gopalganj,Tungipara,22.88388,89.89407,2012-2013,GPTPLW-1_Medium (50–150m),3.45869029512961,PASS
GPTPLW-1,Medium (50–150m),33.4532,1.25,0.2,12.0,150.6955,372.1,90.0,5845.0,-96.4,3.4913999999999996,354.45,0.098805,17.08015,33.7784,0.85689,3.35,126.6919,2.88075,7.0,3.7,2539.0,27.189999999999998,7.8149999999999995,Gopalganj,Gopalganj Sadar,22.8839,89.8941,2020-2021,GPTPLW-1_Medium (50–150m),-1.7720697037941964,PASS
GPTPLW-1,Shallow (<50m),,,,,,,,,,,,,,,,,,,,,,,,,,,,2012-2013,GPTPLW-1_Shallow (<50m),,NO_DATA
GPTPLW-1,Shallow (<50m),,,,,,,,,,,,,,,,,,,,,,,,,,,,2020-2021,GPTPLW-1_Shallow (<50m),,NO_DATA
GPTPLW-2,Deep (>150m),,,,,,,,,,,,,,,,,,,,,,,,,,,,2012-2013,GPTPLW-2_Deep (>150m),,NO_DATA
GPTPLW-2,Deep (>150m),,,,,,,,,,,,,,,,,,,,,,,,,,,,2020-2021,GPTPLW-2_Deep (>150m),,NO_DATA
GPTPLW-2,Medium (50–150m),40.0,,0.215,9.0,157.44,2590.0,90.0,7780.0,1.799999999999999,8.05,189.1,0.33499999999999996,19.29,219.81,0.25,31.3,1539.85,1.01,0.0,4.300000000000001,3970.0,27.75,7.08,Gopalganj,Tungipara,22.89156,89.89184,2012-2013,GPTPLW-2_Medium (50–150m),9.797014959460094,PASS
GPTPLW-2,Medium (50–150m),48.4146,0.95,0.175,12.0,193.071,1420.05,90.0,9834.5,-112.15,5.061625,469.7,0.210285,29.212000000000003,93.34725,0.270255,4.25,572.0915,4.30192,5.5,5.529999999999999,6147.5,26.85,7.715,Gopalganj,Gopalganj Sadar,22.8916,89.8918,2020-2021,GPTPLW-2_Medium (50–150m),-5.820849674468465,PASS
GPTPLW-2,Shallow (<50m),,,,,,,,,,,,,,,,,,,,,,,,,,,,2012-2013,GPTPLW-2_Shallow (<50m),,NO_DATA
GPTPLW-2,Shallow (<50m),,,,,,,,,,,,,,,,,,,,,,,,,,,,2020-2021,GPTPLW-2_Shallow (<50m),,NO_DATA
GPTPLW-3,Deep (>150m),,,,,,,,,,,,,,,,,,,,,,,,,,,,2012-2013,GPTPLW-3_Deep (>150m),,NO_DATA
GPTPLW-3,Deep (>150m),,,,,,,,,,,,,,,,,,,,,,,,,,,,2020-2021,GPTPLW-3_Deep (>150m),,NO_DATA
GPTPLW-3,Medium (50–150m),17.5,,0.19,12.0,209.555,2565.0,90.0,8060.0,-53.5,5.6,228.75,0.295,18.28,206.05,0.25,20.5,1840.8,1.2650000000000001,0.0,4.45,4115.0,27.65,7.945,Gopalganj,Tungipara,22.89921,89.88911,2012-2013,GPTPLW-3_Medium (50–150m),16.9113190509725,FAIL
GPTPLW-3,Medium (50–150m),93.077,1.55,0.495,12.0,209.203,3008.8,90.0,11665.0,-123.19999999999999,8.45901,466.65,0.26166,35.995000000000005,63.521550000000005,0.15589,5.4,1787.87,3.29932,5.0,6.105,6856.0,27.064999999999998,7.555,Gopalganj,Gopalganj Sadar,22.8992,89.8891,2020-2021,GPTPLW-3_Medium (50–150m),0.7733183496915412,PASS
GPTPLW-3,Shallow (<50m),,,,,,,,,,,,,,,,,,,,,,,,,,,,2012-2013,GPTPLW-3_Shallow (<50m),,NO_DATA
GPTPLW-3,Shallow (<50m),,,,,,,,,,,,,,,,,,,,,,,,,,,,2020-2021,GPTPLW-3_Shallow (<50m),,NO_DATA
GPTPLW-4,Deep (>150m),,,,,,,,,,,,,,,,,,,,,,,,,,,,2012-2013,GPTPLW-4_Deep (>150m),,NO_DATA
GPTPLW-4,Deep (>150m),,,,,,,,,,,,,,,,,,,,,,,,,,,,2020-2021,GPTPLW-4_Deep (>150m),,NO_DATA
GPTPLW-4,Medium (50–150m),52.5,,0.48000000000000004,12.0,181.36,2275.0,90.0,6680.0,-48.650000000000006,4.25,234.85000000000002,0.785,12.530000000000001,158.32,0.2,23.35,1320.45,0.8700000000000001,0.0,3.5999999999999996,3125.0,27.45,7.824999999999999,Gopalganj,Tungipara,22.90245,89.88506,2012-2013,GPTPLW-4_Medium (50–150m),7.506923631603457,PASS
GPTPLW-4,Medium (50–150m),174.29700000000003,1.5,0.34500000000000003,12.0,216.074,3483.15,90.0,11159.5,-129.7,7.574105,392.25,0.27920999999999996,17.7245,52.744200000000006,0.50498,5.35,1912.2800000000002,3.7862,4.0,6.245,7151.0,26.365000000000002,7.61,Gopalganj,Gopalganj Sadar,22.9025,89.8851,2020-2021,GPTPLW-4_Medium (50–150m),-3.0918388374302457,PASS
GPTPLW-4,Shallow (<50m),,,,,,,,,,,,,,,,,,,,,,,,,,,,2012-2013,GPTPLW-4_Shallow (<50m),,NO_DATA
GPTPLW-4,Shallow (<50m),,,,,,,,,,,,,,,,,,,,,,,,,,,,2020-2021,GPTPLW-4_Shallow (<50m),,NO_DATA
GPTPLW-5,Deep (>150m),,,,,,,,,,,,,,,,,,,,,,,,,,,,2012-2013,GPTPLW-5_Deep (>150m),,NO_DATA
GPTPLW-5,Deep (>150m),,,,,,,,,,,,,,,,,,,,,,,,,,,,2020-2021,GPTPLW-5_Deep (>150m),,NO_DATA
GPTPLW-5,Medium (50–150m),10.0,,0.575,12.0,260.81,302.25,90.0,1429.5,-93.35,0.75,164.7,0.9,3.25,56.89,0.1,4.5,364.65,1.9649999999999999,0.0,0.7,728.5,27.2,8.74,Gopalganj,Tungipara,22.90614,89.88051,2012-2013,GPTPLW-5_Medium (50–150m),48.23214731943363,FAIL
GPTPLW-5,Medium (50–150m),137.6525,1.05,0.23,18.0,198.099,1990.8,90.0,14922.0,-87.69999999999999,2.339805,396.5,0.231725,31.0695,63.87835,0.15494,5.0,1225.55,2.47341,3.0,8.53,9247.0,26.79,7.65,Gopalganj,Gopalganj Sadar,22.9061,89.8805,2020-2021,GPTPLW-5_Medium (50–150m),4.4136143146014595,PASS
GPTPLW-5,Shallow (<50m),,,,,,,,,,,,,,,,,,,,,,,,,,,,2012-2013,GPTPLW-5_Shallow (<50m),,NO_DATA
GPTPLW-5,Shallow (<50m),,,,,,,,,,,,,,,,,,,,,,,,,,,,2020-2021,GPTPLW-5_Shallow (<50m),,NO_DATA
JEBPPZ-1,Deep (>150m),,,,,,,,,,,,,,,,,,,,,,,,,,,,2012-2013,JEBPPZ-1_Deep (>150m),,NO_DATA
JEBPPZ-1,Deep (>150m),,,,,,,,,,,,,,,,,,,,,,,,,,,,2020-2021,JEBPPZ-1_Deep (>150m),,NO_DATA
JEBPPZ-1,Medium (50–150m),0.75,0.0,0.71,1.5,86.995,57.5,53.0,600.5,-20.65,2.0300000000000002,311.1,1.255,3.7649999999999997,12.52,0.2,1.5864500000000001,18.675,0.35,7.35,0.274,308.4,26.05,7.295,Jashore,Bagerpara,23.20834,89.37115,2012-2013,JEBPPZ-1_Medium (50–150m),-4.504393565226202,PASS
JEBPPZ-1,Medium (50–150m),12.4297,1.0,0.1,0.0,138.5215,151.4,55.0,1730.5,-61.95,5.24791,369.05,0.28023000000000003,8.0799,33.58945,0.660245,1.55,53.19705,1.3538000000000001,16.5,0.855,1108.5,26.775,7.84,Jashore,Bagherpara,23.208225,89.37113500000001,2020-2021,JEBPPZ-1_Medium (50–150m),7.256496521854207,PASS
JEBPPZ-1,Shallow (<50m),,,,,,,,,,,,,,,,,,,,,,,,,,,,2012-2013,JEBPPZ-1_Shallow (<50m),,NO_DATA
JEBPPZ-1,Shallow (<50m),,,,,,,,,,,,,,,,,,,,,,,,,,,,2020-2021,JEBPPZ-1_Shallow (<50m),,NO_DATA
JEBPPZ-2,Deep (>150m),,,,,,,,,,,,,,,,,,,,,,,,,,,,2012-2013,JEBPPZ-2_Deep (>150m),,NO_DATA
JEBPPZ-2,Deep (>150m),,,,,,,,,,,,,,,,,,,,,,,,,,,,2020-2021,JEBPPZ-2_Deep (>150m),,NO_DATA
JEBPPZ-2,Medium (50–150m),6.25,0.05,0.515,1.5,81.755,31.25,102.0,575.5,-18.8,3.035,298.9,0.425,8.105,13.315000000000001,0.6,1.36375,30.154999999999998,0.41000000000000003,9.95,0.27249999999999996,298.5,24.5,7.355,Jashore,Bagerpara,23.20828,89.37109,2012-2013,JEBPPZ-2_Medium (50–150m),5.836670448234775,PASS
JEBPPZ-2,Medium (50–150m),43.07015,0.25,0.13,18.0,76.13935000000001,53.15,104.0,1229.5,-95.0,4.695765,344.65,0.093365,9.7671,20.262050000000002,0.39688,1.5,25.33005,2.03604,7.5,0.62,788.0,26.975,7.925000000000001,Jashore,Bagherpara,23.2083,89.37106499999999,2020-2021,JEBPPZ-2_Medium (50–150m),-6.610133871771444,PASS
JEBPPZ-2,Shallow (<50m),,,,,,,,,,,,,,,,,,,,,,,,,,,,2012-2013,JEBPPZ-2_Shallow (<50m),,NO_DATA
JEBPPZ-2,Shallow (<50m),,,,,,,,,,,,,,,,,,,,,,,,,,,,2020-2021,JEBPPZ-2_Shallow (<50m),,NO_DATA
JEBPPZ-3,Deep (>150m),7.5,0.05,0.265,1.5,29.05,40.0,177.0,608.0,-34.8,1.94,244.0,0.16999999999999998,4.38,17.744999999999997,0.2,2.5,15.825000000000001,0.175,9.46,0.3015,320.25,28.65,7.665,Jashore,Bagerpara,23.20827,89.37121,2012-2013,JEBPPZ-3_Deep (>150m),-17.736045343994128,FAIL
JEBPPZ-3,Deep (>150m),8.80885,0.5,0.255,24.0,85.3434,81.925,216.0,1222.5,-101.55,5.152139999999999,274.5,0.145685,10.22955,20.9247,0.778565,2.2,26.90415,1.2538,15.0,0.61,784.5,26.45,7.875,Jashore,Bagherpara,23.208255,89.371215,2020-2021,JEBPPZ-3_Deep (>150m),-2.3771398051447843,PASS
JEBPPZ-3,Medium (50–150m),,,,,,,,,,,,,,,,,,,,,,,,,,,,2012-2013,JEBPPZ-3_Medium (50–150m),,NO_DATA
JEBPPZ-3,Medium (50–150m),,,,,,,,,,,,,,,,,,,,,,,,,,,,2020-2021,JEBPPZ-3_Medium (50–150m),,NO_DATA
JEBPPZ-3,Shallow (<50m),,,,,,,,,,,,,,,,,,,,,,,,,,,,2012-2013,JEBPPZ-3_Shallow (<50m),,NO_DATA
JEBPPZ-3,Shallow (<50m),,,,,,,,,,,,,,,,,,,,,,,,,,,,2020-2021,JEBPPZ-3_Shallow (<50m),,NO_DATA
JEBPPZ-4,Deep (>150m),0.0,0.7,0.05,0.0,7.35,32.0,216.0,340.0,-196.9,5.3,48.8,0.09,9.27,3.99,0.2,5.0,15.4,0.27,50.72,0.1,170.2,27.9,10.26,Jashore,Bagerpara,23.20827,89.37121,2012-2013,JEBPPZ-4_Deep (>150m),-22.562158108512527,FAIL
JEBPPZ-4,Deep (>150m),85.1812,0.25,0.305,0.0,116.6185,94.75,216.0,1685.0,-83.89999999999999,2.9488700000000003,384.29999999999995,0.114385,6.7170000000000005,35.9211,0.14786,2.2,42.7791,0.86254,2.5,0.845,1081.5,27.049999999999997,7.815,Jashore,Bagherpara,23.20818,89.37131,2020-2021,JEBPPZ-4_Deep (>150m),9.165017044574391,PASS
JEBPPZ-4,Medium (50–150m),,,,,,,,,,,,,,,,,,,,,,,,,,,,2012-2013,JEBPPZ-4_Medium (50–150m),,NO_DATA
JEBPPZ-4,Medium (50–150m),,,,,,,,,,,,,,,,,,,,,,,,,,,,2020-2021,JEBPPZ-4_Medium (50–150m),,NO_DATA
JEBPPZ-4,Shallow (<50m),,,,,,,,,,,,,,,,,,,,,,,,,,,,2012-2013,JEBPPZ-4_Shallow (<50m),,NO_DATA
JEBPPZ-4,Shallow (<50m),,,,,,,,,,,,,,,,,,,,,,,,,,,,2020-2021,JEBPPZ-4_Shallow (<50m),,NO_DATA
JEJELW-1,Deep (>150m),,,,,,,,,,,,,,,,,,,,,,,,,,,,2012-2013,JEJELW-1_Deep (>150m),,NO_DATA
JEJELW-1,Deep (>150m),,,,,,,,,,,,,,,,,,,,,,,,,,,,2020-2021,JEJELW-1_Deep (>150m),,NO_DATA
JEJELW-1,Medium (50–150m),0.0,,0.05,30.0,75.86,180.0,98.0,743.0,-24.9,1.1,231.8,0.09,1.03,40.74,0.0,2.1,26.4,0.22,0.0,0.3,372.0,27.9,7.51,Jashore,Jessore Sadar,23.19215,89.20726,2012-2013,JEJELW-1_Medium (50–150m),-8.564724069059924,PASS
JEJELW-1,Medium (50–150m),1.432845,0.1,0.20500000000000002,0.0,89.8845,83.7,98.0,649.5,-8.949999999999996,1.03921,335.5,0.10103999999999999,3.99335,32.08955,0.8422999999999999,0.7,36.25205,0.3881,24.5,0.28,411.5,28.700000000000003,7.290000000000001,Jashore,Noapara,23.19217,89.20726,2020-2021,JEJELW-1_Medium (50–150m),2.779715589079159,PASS
JEJELW-1,Shallow (<50m),,,,,,,,,,,,,,,,,,,,,,,,,,,,2012-2013,JEJELW-1_Shallow (<50m),,NO_DATA
JEJELW-1,Shallow (<50m),,,,,,,,,,,,,,,,,,,,,,,,,,,,2020-2021,JEJELW-1_Shallow (<50m),,NO_DATA
JEJELW-2,Deep (>150m),,,,,,,,,,,,,,,,,,,,,,,,,,,,2012-2013,JEJELW-2_Deep (>150m),,NO_DATA
JEJELW-2,Deep (>150m),,,,,,,,,,,,,,,,,,,,,,,,,,,,2020-2021,JEJELW-2_Deep (>150m),,NO_DATA
JEJELW-2,Medium (50–150m),0.0,,0.04,12.0,78.54,73.0,98.0,430.0,-23.2,1.7,268.4,0.07,1.89,42.36,0.0,1.3,68.5,0.16,0.0,0.3,240.8,26.5,7.37,Jashore,Jessore Sadar,23.18923,89.21585,2012-2013,JEJELW-2_Medium (50–150m),20.77405588495158,FAIL
JEJELW-2,Medium (50–150m),6.969035,1.1,0.135,0.0,72.65195,94.375,98.0,623.5,70.75,0.341855,339.9,0.09162000000000001,5.3637,29.0529,0.64746,2.3499999999999996,57.41375,0.41253,25.05,0.265,397.5,27.825,7.235,Jashore,Noapara,23.18906,89.21594,2020-2021,JEJELW-2_Medium (50–150m),-0.6773446221721423,PASS
JEJELW-2,Shallow (<50m),,,,,,,,,,,,,,,,,,,,,,,,,,,,2012-2013,JEJELW-2_Shallow (<50m),,NO_DATA
JEJELW-2,Shallow (<50m),,,,,,,,,,,,,,,,,,,,,,,,,,,,2020-2021,JEJELW-2_Shallow (<50m),,NO_DATA
JEJELW-3,Deep (>150m),,,,,,,,,,,,,,,,,,,,,,,,,,,,2012-2013,JEJELW-3_Deep (>150m),,NO_DATA
JEJELW-3,Deep (>150m),,,,,,,,,,,,,,,,,,,,,,,,,,,,2020-2021,JEJELW-3_Deep (>150m),,NO_DATA
JEJELW-3,Medium (50–150m),7.5,,0.08,18.0,82.5,18.0,95.0,485.0,-38.0,1.3,207.4,0.12,23.56,36.26,0.0,1.3,12.3,0.22,0.0,0.2,243.0,26.1,7.58,Jashore,Jessore Sadar,23.19007,89.22067,2012-2013,JEJELW-3_Medium (50–150m),29.254617023646485,FAIL
JEJELW-3,Medium (50–150m),5.350300000000001,1.4,0.105,0.0,75.8185,96.2,95.0,597.5,-6.600000000000001,0.8032,347.7,0.090685,4.5561,29.1128,0.367705,1.6500000000000001,52.567350000000005,0.56133,29.0,0.255,378.5,27.950000000000003,7.16,Jashore,Noapara,23.19002,89.22071,2020-2021,JEJELW-3_Medium (50–150m),-2.4632666548599835,PASS
JEJELW-3,Shallow (<50m),,,,,,,,,,,,,,,,,,,,,,,,,,,,2012-2013,JEJELW-3_Shallow (<50m),,NO_DATA
JEJELW-3,Shallow (<50m),,,,,,,,,,,,,,,,,,,,,,,,,,,,2020-2021,JEJELW-3_Shallow (<50m),,NO_DATA
JEJELW-4,Deep (>150m),,,,,,,,,,,,,,,,,,,,,,,,,,,,2012-2013,JEJELW-4_Deep (>150m),,NO_DATA
JEJELW-4,Deep (>150m),,,,,,,,,,,,,,,,,,,,,,,,,,,,2020-2021,JEJELW-4_Deep (>150m),,NO_DATA
JEJELW-4,Medium (50–150m),0.0,,0.34,24.0,86.6,25.0,95.0,538.0,-34.5,1.3,231.8,0.56,1.94,40.5,0.0,2.4,19.9,0.18,0.0,0.2,269.0,26.6,7.56,Jashore,Jessore Sadar,23.18889,89.22583,2012-2013,JEJELW-4_Medium (50–150m),23.399685465855228,FAIL
JEJELW-4,Medium (50–150m),1.45943,0.3,0.13,0.0,72.71445,109.6,95.0,568.5,52.7,0.227405,341.6,0.17278,5.64395,28.860300000000002,0.73661,0.7,55.8904,0.36761,16.05,0.25,362.0,27.979999999999997,7.255000000000001,Jashore,Noapara,23.18898,89.22071,2020-2021,JEJELW-4_Medium (50–150m),-2.452010492180631,PASS
JEJELW-4,Shallow (<50m),,,,,,,,,,,,,,,,,,,,,,,,,,,,2012-2013,JEJELW-4_Shallow (<50m),,NO_DATA
JEJELW-4,Shallow (<50m),,,,,,,,,,,,,,,,,,,,,,,,,,,,2020-2021,JEJELW-4_Shallow (<50m),,NO_DATA
JEJELW-5,Deep (>150m),,,,,,,,,,,,,,,,,,,,,,,,,,,,2012-2013,JEJELW-5_Deep (>150m),,NO_DATA
JEJELW-5,Deep (>150m),,,,,,,,,,,,,,,,,,,,,,,,,,,,2020-2021,JEJELW-5_Deep (>150m),,NO_DATA
JEJELW-5,Medium (50–150m),7.5,,0.14,12.0,95.08,125.0,95.0,548.0,-33.9,1.0,189.1,0.22,1.07,33.28,0.0,1.2,62.1,0.18,0.0,0.2,274.0,26.3,7.56,Jashore,Jessore Sadar,23.19057,89.23474,2012-2013,JEJELW-5_Medium (50–150m),18.486573735884928,FAIL
JEJELW-5,Medium (50–150m),4.960310000000001,0.25,0.15,0.0,74.44065,100.05,95.0,652.0,3.3999999999999986,1.0738,396.5,0.13662,9.9165,28.234499999999997,0.40358,1.85,63.05975,1.05987,23.0,0.31,403.0,27.8,7.210000000000001,Jashore,Noapara,23.19051,89.2346,2020-2021,JEJELW-5_Medium (50–150m),-4.087437362488348,PASS
JEJELW-5,Shallow (<50m),,,,,,,,,,,,,,,,,,,,,,,,,,,,2012-2013,JEJELW-5_Shallow (<50m),,NO_DATA
JEJELW-5,Shallow (<50m),,,,,,,,,,,,,,,,,,,,,,,,,,,,2020-2021,JEJELW-5_Shallow (<50m),,NO_DATA
JEKPLW-1,Deep (>150m),,,,,,,,,,,,,,,,,,,,,,,,,,,,2012-2013,JEKPLW-1_Deep (>150m),,NO_DATA
JEKPLW-1,Deep (>150m),,,,,,,,,,,,,,,,,,,,,,,,,,,,2020-2021,JEKPLW-1_Deep (>150m),,NO_DATA
JEKPLW-1,Medium (50–150m),7.5,,0.15,6.0,123.54,1500.0,84.0,3800.0,-18.5,1.2,103.7,0.24,3.49,135.14,1.1,2.0,874.7,0.21,10.0,2.0,1900.0,27.0,7.37,Jashore,Keshobpur,22.85598,89.35471,2012-2013,JEKPLW-1_Medium (50–150m),11.052801801196958,FAIL
JEKPLW-1,Medium (50–150m),1.27594,0.6,0.16499999999999998,0.0,176.3345,985.3,84.0,8585.5,-4.25,0.540795,262.3,0.14882,5.75825,53.9795,2.298835,1.6,436.668,0.68269,31.0,4.715,5484.5,27.2,7.635,Jashore,Kesobpur,22.85232,89.3544,2020-2021,JEKPLW-1_Medium (50–150m),-0.45620549261472815,PASS
JEKPLW-1,Shallow (<50m),,,,,,,,,,,,,,,,,,,,,,,,,,,,2012-2013,JEKPLW-1_Shallow (<50m),,NO_DATA
JEKPLW-1,Shallow (<50m),,,,,,,,,,,,,,,,,,,,,,,,,,,,2020-2021,JEKPLW-1_Shallow (<50m),,NO_DATA
JEKPLW-2,Deep (>150m),,,,,,,,,,,,,,,,,,,,,,,,,,,,2012-2013,JEKPLW-2_Deep (>150m),,NO_DATA
JEKPLW-2,Deep (>150m),,,,,,,,,,,,,,,,,,,,,,,,,,,,2020-2021,JEKPLW-2_Deep (>150m),,NO_DATA
JEKPLW-2,Medium (50–150m),7.5,,0.31,0.0,193.58,1800.0,89.0,5800.0,-18.0,1.4,,0.5,3.82,119.2,0.2,1.9,1080.6,0.45,3.0,3.4,3248.0,27.9,7.3,Jashore,Keshobpur,22.85263,89.3454,2012-2013,JEKPLW-2_Medium (50–150m),13.4021063205055,FAIL
JEKPLW-2,Medium (50–150m),1.73485,0.85,0.07500000000000001,0.0,158.68099999999998,1136.2,88.0,3817.0,24.5,0.077855,261.1,0.08023,5.8769,53.17895,0.96558,1.2000000000000002,349.67900000000003,0.38305,14.5,1.9249999999999998,2389.5,27.240000000000002,7.404999999999999,Jashore,Kesobpur,22.85249,89.34553,2020-2021,JEKPLW-2_Medium (50–150m),-13.935033013638396,FAIL
JEKPLW-2,Shallow (<50m),,,,,,,,,,,,,,,,,,,,,,,,,,,,2012-2013,JEKPLW-2_Shallow (<50m),,NO_DATA
JEKPLW-2,Shallow (<50m),,,,,,,,,,,,,,,,,,,,,,,,,,,,2020-2021,JEKPLW-2_Shallow (<50m),,NO_DATA
JEKPLW-3,Deep (>150m),,,,,,,,,,,,,,,,,,,,,,,,,,,,2012-2013,JEKPLW-3_Deep (>150m),,NO_DATA
JEKPLW-3,Deep (>150m),,,,,,,,,,,,,,,,,,,,,,,,,,,,2020-2021,JEKPLW-3_Deep (>150m),,NO_DATA
JEKPLW-3,Medium (50–150m),7.5,,0.09,12.0,75.12,1000.0,87.0,3650.0,-15.3,1.6,109.8,0.15,3.83,147.22,0.3,1.6,1270.1,0.21,12.0,2.1,2016.0,27.0,7.25,Jashore,Keshobpur,22.85183,89.33863,2012-2013,JEKPLW-3_Medium (50–150m),39.80551448330621,FAIL
JEKPLW-3,Medium (50–150m),1.742415,0.6499999999999999,0.09,0.0,256.97749999999996,1968.15,87.0,3779.5,70.4,0.86314,268.4,0.18046,41.101,104.1862,1.60522,0.65,984.2650000000001,0.27224000000000004,33.5,1.88,2329.0,27.665,7.960000000000001,Jashore,Kesobpur,22.85169,89.3387,2020-2021,JEKPLW-3_Medium (50–150m),3.7472139292178435,PASS
JEKPLW-3,Shallow (<50m),,,,,,,,,,,,,,,,,,,,,,,,,,,,2012-2013,JEKPLW-3_Shallow (<50m),,NO_DATA
JEKPLW-3,Shallow (<50m),,,,,,,,,,,,,,,,,,,,,,,,,,,,2020-2021,JEKPLW-3_Shallow (<50m),,NO_DATA
JEKPLW-4,Deep (>150m),,,,,,,,,,,,,,,,,,,,,,,,,,,,2012-2013,JEKPLW-4_Deep (>150m),,NO_DATA
JEKPLW-4,Deep (>150m),,,,,,,,,,,,,,,,,,,,,,,,,,,,2020-2021,JEKPLW-4_Deep (>150m),,NO_DATA
JEKPLW-4,Medium (50–150m),7.5,,0.15,6.0,121.24,875.0,87.0,3130.0,-13.6,2.2,85.4,0.24,3.42,111.96,0.3,6.1,739.4,0.19,0.0,1.6,1563.0,26.8,7.25,Jashore,Keshobpur,22.85371,89.33302,2012-2013,JEKPLW-4_Medium (50–150m),28.677594651127524,FAIL
JEKPLW-4,Medium (50–150m),17.17505,0.75,0.4,0.0,182.5855,1464.75,87.0,3796.5,-41.45,5.869895,262.3,0.29243,5.525,53.99505,2.107355,1.7,743.65,0.51674,29.0,1.915,2365.5,27.240000000000002,7.7,Jashore,Kesobpur,22.85381,89.33299,2020-2021,JEKPLW-4_Medium (50–150m),0.07339638210507274,PASS
JEKPLW-4,Shallow (<50m),,,,,,,,,,,,,,,,,,,,,,,,,,,,2012-2013,JEKPLW-4_Shallow (<50m),,NO_DATA
JEKPLW-4,Shallow (<50m),,,,,,,,,,,,,,,,,,,,,,,,,,,,2020-2021,JEKPLW-4_Shallow (<50m),,NO_DATA
JEKPLW-5,Deep (>150m),,,,,,,,,,,,,,,,,,,,,,,,,,,,2012-2013,JEKPLW-5_Deep (>150m),,NO_DATA
JEKPLW-5,Deep (>150m),,,,,,,,,,,,,,,,,,,,,,,,,,,,2020-2021,JEKPLW-5_Deep (>150m),,NO_DATA
JEKPLW-5,Medium (50–150m),7.5,,0.14,6.0,42.52,1180.0,86.0,3600.0,-17.2,1.5,146.4,0.24,1.66,111.24,0.1,1.8,828.5,0.17,9.0,1.9,1802.0,27.1,7.31,Jashore,Keshobpur,22.85439,89.32909,2012-2013,JEKPLW-5_Medium (50–150m),13.539909593113661,FAIL
JEKPLW-5,Medium (50–150m),12.2047,0.35,0.14500000000000002,6.0,107.98899999999999,527.05,85.0,2080.0,-58.25,2.768225,204.05,0.17081000000000002,3.8009500000000003,29.23935,0.867945,1.2000000000000002,253.59500000000003,0.8930199999999999,17.0,0.9299999999999999,1257.5,27.59,7.6000000000000005,Jashore,Kesobpur,22.85443,89.32878,2020-2021,JEKPLW-5_Medium (50–150m),0.6385952852283847,PASS
JEKPLW-5,Shallow (<50m),,,,,,,,,,,,,,,,,,,,,,,,,,,,2012-2013,JEKPLW-5_Shallow (<50m),,NO_DATA
JEKPLW-5,Shallow (<50m),,,,,,,,,,,,,,,,,,,,,,,,,,,,2020-2021,JEKPLW-5_Shallow (<50m),,NO_DATA
JEKPPZ-1,Deep (>150m),,,,,,,,,,,,,,,,,,,,,,,,,,,,2012-2013,JEKPPZ-1_Deep (>150m),,NO_DATA
JEKPPZ-1,Deep (>150m),,,,,,,,,,,,,,,,,,,,,,,,,,,,2020-2021,JEKPPZ-1_Deep (>150m),,NO_DATA
JEKPPZ-1,Medium (50–150m),30.0,0.5,0.095,0.75,45.04,351.5,105.0,1792.0,-30.25,4.62,291.6,0.41,9.49,24.215,0.35,9.799999999999999,280.8,2.3649999999999998,8.89,0.945,933.8,27.200000000000003,7.495,Jashore,Keshobpur,22.91162,89.24516,2012-2013,JEKPPZ-1_Medium (50–150m),5.431667419951193,PASS
JEKPPZ-1,Medium (50–150m),,,,,,,,,,,,,,,,,,,,,,,,,,,,2020-2021,JEKPPZ-1_Medium (50–150m),,NO_DATA
JEKPPZ-1,Shallow (<50m),,,,,,,,,,,,,,,,,,,,,,,,,,,,2012-2013,JEKPPZ-1_Shallow (<50m),,NO_DATA
JEKPPZ-1,Shallow (<50m),12.58685,0.55,0.11499999999999999,12.0,149.448,141.85,21.34,1036.0,-74.5,3.8391200000000003,509.34999999999997,0.41359,7.54155,38.907,0.74058,2.6,50.76755,2.2756600000000002,26.0,0.475,663.0,27.0,7.42,Jashore,Keshobpur,22.91162,89.24516,2020-2021,JEKPPZ-1_Shallow (<50m),-0.6715463174239288,PASS
JEKPPZ-2,Deep (>150m),,,,,,,,,,,,,,,,,,,,,,,,,,,,2012-2013,JEKPPZ-2_Deep (>150m),,NO_DATA
JEKPPZ-2,Deep (>150m),,,,,,,,,,,,,,,,,,,,,,,,,,,,2020-2021,JEKPPZ-2_Deep (>150m),,NO_DATA
JEKPPZ-2,Medium (50–150m),13.75,0.3,0.15,1.5,45.35,681.5,140.0,3040.0,-34.95,2.65,323.0,0.15,6.965,32.464999999999996,0.4,4.75,284.22999999999996,0.475,8.219999999999999,1.62,1609.0,27.0,7.605,Jashore,Keshobpur,22.91168,89.24512,2012-2013,JEKPPZ-2_Medium (50–150m),-17.078235347741902,FAIL
JEKPPZ-2,Medium (50–150m),56.17435,0.45,0.1,12.0,114.41725,111.9,91.46,904.0,-81.8,4.543234999999999,393.45,0.269295,7.15145,34.0255,0.12276500000000001,2.55,65.5261,1.5460900000000002,25.5,0.405,551.0,27.095,7.455,Jashore,Keshobpur,22.91168,89.24512,2020-2021,JEKPPZ-2_Medium (50–150m),4.855903302810284,PASS
JEKPPZ-2,Shallow (<50m),,,,,,,,,,,,,,,,,,,,,,,,,,,,2012-2013,JEKPPZ-2_Shallow (<50m),,NO_DATA
JEKPPZ-2,Shallow (<50m),,,,,,,,,,,,,,,,,,,,,,,,,,,,2020-2021,JEKPPZ-2_Shallow (<50m),,NO_DATA
JEKPPZ-3,Deep (>150m),6.25,0.1,0.21,3.0,13.495,32.75,294.0,684.0,-64.7,1.0999999999999999,298.9,0.16499999999999998,2.3049999999999997,5.685,0.1,3.35,254.5,0.55,8.504999999999999,0.308,361.8,27.450000000000003,8.1,Jashore,Keshobpur,22.91164,89.24514,2012-2013,JEKPPZ-3_Deep (>150m),33.230712526923575,FAIL
JEKPPZ-3,Deep (>150m),,,,,,,,,,,,,,,,,,,,,,,,,,,,2020-2021,JEKPPZ-3_Deep (>150m),,NO_DATA
JEKPPZ-3,Medium (50–150m),,,,,,,,,,,,,,,,,,,,,,,,,,,,2012-2013,JEKPPZ-3_Medium (50–150m),,NO_DATA
JEKPPZ-3,Medium (50–150m),117.84734999999999,0.35,0.355,12.0,71.3663,178.65,122.0,988.0,30.85,3.540135,332.45000000000005,0.22523,10.716000000000001,35.13605,0.083025,2.25,85.5446,3.0901099999999997,28.5,0.41000000000000003,572.5,27.44,7.305,Jashore,Keshobpur,22.91158,89.24524,2020-2021,JEKPPZ-3_Medium (50–150m),-4.6741566767737375,PASS
JEKPPZ-3,Shallow (<50m),,,,,,,,,,,,,,,,,,,,,,,,,,,,2012-2013,JEKPPZ-3_Shallow (<50m),,NO_DATA
JEKPPZ-3,Shallow (<50m),,,,,,,,,,,,,,,,,,,,,,,,,,,,2020-2021,JEKPPZ-3_Shallow (<50m),,NO_DATA
JHJHPZ-1,Deep (>150m),,,,,,,,,,,,,,,,,,,,,,,,,,,,2012-2013,JHJHPZ-1_Deep (>150m),,NO_DATA
JHJHPZ-1,Deep (>150m),,,,,,,,,,,,,,,,,,,,,,,,,,,,2020-2021,JHJHPZ-1_Deep (>150m),,NO_DATA
JHJHPZ-1,Medium (50–150m),,,,,,,,,,,,,,,,,,,,,,,,,,,,2012-2013,JHJHPZ-1_Medium (50–150m),,NO_DATA
JHJHPZ-1,Medium (50–150m),,,,,,,,,,,,,,,,,,,,,,,,,,,,2020-2021,JHJHPZ-1_Medium (50–150m),,NO_DATA
JHJHPZ-1,Shallow (<50m),247.5,0.9500000000000001,0.38,2.25,60.59,640.0,26.0,3125.0,-472.6,7.385,558.15,0.365,17.854999999999997,58.24,0.08127500000000001,4.31555,677.57,1.01535,7.015000000000001,1.6,1570.0,27.85,7.645,Jhalokathi,Jhalokati,22.74471,90.26074,2012-2013,JHJHPZ-1_Shallow (<50m),16.00721261962658,FAIL
JHJHPZ-1,Shallow (<50m),360.275,0.9,0.12,12.0,108.91155,953.55,24.0,2869.5,94.25,3.32124,545.95,0.260685,29.387999999999998,65.13985,0.10099999999999999,1.0,571.6134999999999,3.09597,2.5,1.4,1774.0,26.915,6.9799999999999995,Jhalokathi,Jhalakathi,22.74471,90.26074,2020-2021,JHJHPZ-1_Shallow (<50m),0.16921323275433608,PASS
JHJHPZ-2,Deep (>150m),2.5,1.05,0.38,1.5,98.91,3512.0,175.0,9490.0,-38.0,2.34,323.3,0.41500000000000004,1.5910000000000002,19.8,0.0975,8.04565,902.4250000000001,0.48,47.305,5.3,4940.0,28.4,7.32,Jhalokathi,Jhalokati,22.74459,90.26079,2012-2013,JHJHPZ-2_Deep (>150m),-39.33909853930692,FAIL
JHJHPZ-2,Deep (>150m),8.56505,0.65,0.145,12.0,63.807365,484.35,175.0,831.5,29.75,0.380445,197.7,0.13766,5.5334,28.69119,0.0345,1.1,174.317,0.89361,3.0,0.365,517.5,26.5,7.08,Jhalokathi,Jhalakathi,22.74459,90.26079,2020-2021,JHJHPZ-2_Deep (>150m),-13.443697445597005,FAIL
JHJHPZ-2,Medium (50–150m),,,,,,,,,,,,,,,,,,,,,,,,,,,,2012-2013,JHJHPZ-2_Medium (50–150m),,NO_DATA
JHJHPZ-2,Medium (50–150m),,,,,,,,,,,,,,,,,,,,,,,,,,,,2020-2021,JHJHPZ-2_Medium (50–150m),,NO_DATA
JHJHPZ-2,Shallow (<50m),,,,,,,,,,,,,,,,,,,,,,,,,,,,2012-2013,JHJHPZ-2_Shallow (<50m),,NO_DATA
JHJHPZ-2,Shallow (<50m),,,,,,,,,,,,,,,,,,,,,,,,,,,,2020-2021,JHJHPZ-2_Shallow (<50m),,NO_DATA
JHJHPZ-3,Deep (>150m),2.5,1.5999999999999999,0.275,1.5,68.55000000000001,7300.0,231.0,20735.0,-81.25,3.7,332.45,0.565,34.815,102.07,0.24005,15.5539,1575.8999999999999,0.34625,347.84,12.25,12115.0,28.3,8.125,Jhalokathi,Jhalokati,22.74463,90.26073,2012-2013,JHJHPZ-3_Deep (>150m),-45.789709241448115,FAIL
JHJHPZ-3,Deep (>150m),4.891115,1.15,0.155,24.0,32.53045,305.35,232.0,907.5,43.65,0.2078,288.55,0.23382,10.9433,23.516475,0.03832,1.6,172.6155,0.82039,2.0,0.37,559.5,26.75,7.154999999999999,Jhalokathi,Jhalakathi,22.74463,90.26073,2020-2021,JHJHPZ-3_Deep (>150m),-11.252486398388886,FAIL
JHJHPZ-3,Medium (50–150m),,,,,,,,,,,,,,,,,,,,,,,,,,,,2012-2013,JHJHPZ-3_Medium (50–150m),,NO_DATA
JHJHPZ-3,Medium (50–150m),,,,,,,,,,,,,,,,,,,,,,,,,,,,2020-2021,JHJHPZ-3_Medium (50–150m),,NO_DATA
JHJHPZ-3,Shallow (<50m),,,,,,,,,,,,,,,,,,,,,,,,,,,,2012-2013,JHJHPZ-3_Shallow (<50m),,NO_DATA
JHJHPZ-3,Shallow (<50m),,,,,,,,,,,,,,,,,,,,,,,,,,,,2020-2021,JHJHPZ-3_Shallow (<50m),,NO_DATA
JHJHPZ-4,Deep (>150m),0.0,0.45,0.22999999999999998,2.25,17.674999999999997,95.0,295.0,814.5,-131.6,0.94,344.65,0.43,3.8905000000000003,3.4933,0.135,2.13,311.6,0.42085,6.845000000000001,0.43000000000000005,439.0,29.4,8.84,Jhalokathi,Jhalokati,22.74472,90.26068,2012-2013,JHJHPZ-4_Deep (>150m),26.7245837663364,FAIL
JHJHPZ-4,Deep (>150m),1.791625,0.6,0.26,12.0,12.88081,392.6,295.0,1135.5,59.5,0.132275,256.20000000000005,0.138115,4.09875,6.362875,0.06062,3.8499999999999996,287.8505,0.7009099999999999,1.0,0.51,700.5,26.65,7.1,Jhalokathi,Jhalakathi,22.74472,90.26068,2020-2021,JHJHPZ-4_Deep (>150m),-6.690477707149105,PASS
JHJHPZ-4,Medium (50–150m),,,,,,,,,,,,,,,,,,,,,,,,,,,,2012-2013,JHJHPZ-4_Medium (50–150m),,NO_DATA
JHJHPZ-4,Medium (50–150m),,,,,,,,,,,,,,,,,,,,,,,,,,,,2020-2021,JHJHPZ-4_Medium (50–150m),,NO_DATA
JHJHPZ-4,Shallow (<50m),,,,,,,,,,,,,,,,,,,,,,,,,,,,2012-2013,JHJHPZ-4_Shallow (<50m),,NO_DATA
JHJHPZ-4,Shallow (<50m),,,,,,,,,,,,,,,,,,,,,,,,,,,,2020-2021,JHJHPZ-4_Shallow (<50m),,NO_DATA
KHBGLW-1,Deep (>150m),,,,,,,,,,,,,,,,,,,,,,,,,,,,2012-2013,KHBGLW-1_Deep (>150m),,NO_DATA
KHBGLW-1,Deep (>150m),,,,,,,,,,,,,,,,,,,,,,,,,,,,2020-2021,KHBGLW-1_Deep (>150m),,NO_DATA
KHBGLW-1,Medium (50–150m),0.0,,0.15,12.0,100.58,2830.0,55.0,7160.0,-6.5,4.4,152.5,0.24,4.86,118.76,0.6,1.7,2617.7,0.3,13.0,4.1,4009.6,27.6,7.08,Khulna,Batiaghata,22.73782,89.51816,2012-2013,KHBGLW-1_Medium (50–150m),21.66490714239281,FAIL
KHBGLW-1,Medium (50–150m),3.39869,0.8,0.28500000000000003,0.0,321.0155,2226.55,55.0,7622.0,-36.7,4.539935,417.85,0.063135,9.2035,57.355,3.21821,0.45,962.4825,0.78581,39.5,4.125,4864.5,27.365000000000002,7.78,Khulna,Batighata,22.73778,89.51821,2020-2021,KHBGLW-1_Medium (50–150m),-5.527324203355303,PASS
KHBGLW-1,Shallow (<50m),,,,,,,,,,,,,,,,,,,,,,,,,,,,2012-2013,KHBGLW-1_Shallow (<50m),,NO_DATA
KHBGLW-1,Shallow (<50m),,,,,,,,,,,,,,,,,,,,,,,,,,,,2020-2021,KHBGLW-1_Shallow (<50m),,NO_DATA
KHBGLW-2,Deep (>150m),,,,,,,,,,,,,,,,,,,,,,,,,,,,2012-2013,KHBGLW-2_Deep (>150m),,NO_DATA
KHBGLW-2,Deep (>150m),23.812275,1.0,0.07,18.0,51.4464,320.225,153.0,1018.5,-50.849999999999994,0.8217949999999999,401.4,0.07290500000000001,6.1715,20.110300000000002,0.3981,1.2000000000000002,224.3435,0.44854000000000005,21.05,0.455,608.5,26.875,7.76,Khulna,Batighata,22.73678,89.51277,2020-2021,KHBGLW-2_Deep (>150m),-8.100991920571412,PASS
KHBGLW-2,Medium (50–150m),27.5,,0.43,12.0,44.72,2500.0,92.0,6240.0,-23.9,1.7,207.4,0.77,10.86,142.96,0.2,7.3,1590.2,0.59,20.0,3.6,3494.4,28.4,7.44,Khulna,Batiaghata,22.73646,89.51288,2012-2013,KHBGLW-2_Medium (50–150m),5.457155615265598,PASS
KHBGLW-2,Medium (50–150m),,,,,,,,,,,,,,,,,,,,,,,,,,,,2020-2021,KHBGLW-2_Medium (50–150m),,NO_DATA
KHBGLW-2,Shallow (<50m),,,,,,,,,,,,,,,,,,,,,,,,,,,,2012-2013,KHBGLW-2_Shallow (<50m),,NO_DATA
KHBGLW-2,Shallow (<50m),,,,,,,,,,,,,,,,,,,,,,,,,,,,2020-2021,KHBGLW-2_Shallow (<50m),,NO_DATA
KHBGLW-3,Deep (>150m),,,,,,,,,,,,,,,,,,,,,,,,,,,,2012-2013,KHBGLW-3_Deep (>150m),,NO_DATA
KHBGLW-3,Deep (>150m),,,,,,,,,,,,,,,,,,,,,,,,,,,,2020-2021,KHBGLW-3_Deep (>150m),,NO_DATA
KHBGLW-3,Medium (50–150m),,,0.23,6.0,86.0,3780.0,86.0,9222.0,-21.2,3.1,250.1,0.35,22.56,220.2,0.3,7.3,463.2,0.38,16.0,5.3,5164.32,27.1,7.32,Khulna,Batiaghata,22.73318,89.5027,2012-2013,KHBGLW-3_Medium (50–150m),-44.05299409862916,FAIL
KHBGLW-3,Medium (50–150m),118.0729,0.4,0.28500000000000003,12.0,82.0996,187.75,85.0,5693.0,-51.75,2.743885,236.05,0.10116,34.521,24.216549999999998,0.6284099999999999,1.15,63.1916,2.9359599999999997,33.05,3.21,3690.5,27.2,7.74,Khulna,Batighata,22.73318,89.50273,2020-2021,KHBGLW-3_Medium (50–150m),-2.5795674155356725,PASS
KHBGLW-3,Shallow (<50m),,,,,,,,,,,,,,,,,,,,,,,,,,,,2012-2013,KHBGLW-3_Shallow (<50m),,NO_DATA
KHBGLW-3,Shallow (<50m),,,,,,,,,,,,,,,,,,,,,,,,,,,,2020-2021,KHBGLW-3_Shallow (<50m),,NO_DATA
KHBGLW-4,Deep (>150m),,,,,,,,,,,,,,,,,,,,,,,,,,,,2012-2013,KHBGLW-4_Deep (>150m),,NO_DATA
KHBGLW-4,Deep (>150m),,,,,,,,,,,,,,,,,,,,,,,,,,,,2020-2021,KHBGLW-4_Deep (>150m),,NO_DATA
KHBGLW-4,Medium (50–150m),12.5,,0.26,6.0,107.28,2380.0,90.0,5810.0,-35.0,1.4,164.7,0.4,12.8,142.6,0.4,2.9,1471.4,1.11,107.0,3.3,3311.7,28.6,7.69,Khulna,Batiaghata,22.73125,89.49317,2012-2013,KHBGLW-4_Medium (50–150m),5.943014193790436,PASS
KHBGLW-4,Medium (50–150m),3.48193,0.6,0.16999999999999998,0.0,245.9345,2196.45,90.0,8211.5,-130.2,1.26054,366.65,0.187325,27.405,109.26894999999999,1.9114300000000002,1.1,992.455,0.4275,43.0,4.4350000000000005,5199.5,26.85,7.745000000000001,Khulna,Batighata,22.73126,89.49313,2020-2021,KHBGLW-4_Medium (50–150m),-2.713942270417038,PASS
KHBGLW-4,Shallow (<50m),,,,,,,,,,,,,,,,,,,,,,,,,,,,2012-2013,KHBGLW-4_Shallow (<50m),,NO_DATA
KHBGLW-4,Shallow (<50m),,,,,,,,,,,,,,,,,,,,,,,,,,,,2020-2021,KHBGLW-4_Shallow (<50m),,NO_DATA
KHBGLW-5,Deep (>150m),,,,,,,,,,,,,,,,,,,,,,,,,,,,2012-2013,KHBGLW-5_Deep (>150m),,NO_DATA
KHBGLW-5,Deep (>150m),,,,,,,,,,,,,,,,,,,,,,,,,,,,2020-2021,KHBGLW-5_Deep (>150m),,NO_DATA
KHBGLW-5,Medium (50–150m),27.5,,0.26,12.0,142.46,3350.0,92.0,8930.0,-24.5,1.9,244.0,0.41,14.4,241.36,0.2,6.9,805.7,0.19,87.0,5.0,5000.8,27.1,7.39,Khulna,Batiaghata,22.73363,89.48237,2012-2013,KHBGLW-5_Medium (50–150m),-23.49328523479342,FAIL
KHBGLW-5,Medium (50–150m),36.67935,0.65,0.245,0.0,237.0405,2492.25,91.0,9886.0,-99.25,2.9402299999999997,380.04999999999995,0.11523,27.2705,60.26435,0.176695,1.1,1350.42,0.9498800000000001,45.0,5.62,6490.0,26.65,7.7700000000000005,Khulna,Batighata,22.7337,89.48254,2020-2021,KHBGLW-5_Medium (50–150m),-0.7630335141696324,PASS
KHBGLW-5,Shallow (<50m),,,,,,,,,,,,,,,,,,,,,,,,,,,,2012-2013,KHBGLW-5_Shallow (<50m),,NO_DATA
KHBGLW-5,Shallow (<50m),,,,,,,,,,,,,,,,,,,,,,,,,,,,2020-2021,KHBGLW-5_Shallow (<50m),,NO_DATA
KHKHPZ-1,Deep (>150m),,,,,,,,,,,,,,,,,,,,,,,,,,,,2012-2013,KHKHPZ-1_Deep (>150m),,NO_DATA
KHKHPZ-1,Deep (>150m),,,,,,,,,,,,,,,,,,,,,,,,,,,,2020-2021,KHKHPZ-1_Deep (>150m),,NO_DATA
KHKHPZ-1,Medium (50–150m),22.5,0.15000000000000002,0.38,2.25,42.72,598.75,60.0,2444.5,-59.8,2.32,445.29999999999995,0.38,9.43,25.590000000000003,1.05,6.300000000000001,88.59,1.115,7.75,1.25,1244.0,27.15,8.025,Khulna,Khulna Sadar,22.83308,89.54623,2012-2013,KHKHPZ-1_Medium (50–150m),-48.78715645989641,FAIL
KHKHPZ-1,Medium (50–150m),,,,,,,,,,,,,,,,,,,,,,,,,,,,2020-2021,KHKHPZ-1_Medium (50–150m),,NO_DATA
KHKHPZ-1,Shallow (<50m),,,,,,,,,,,,,,,,,,,,,,,,,,,,2012-2013,KHKHPZ-1_Shallow (<50m),,NO_DATA
KHKHPZ-1,Shallow (<50m),11.05835,0.8,0.07500000000000001,24.0,185.1057,831.45,18.3,2868.5,-74.65,1.25786,643.55,0.064065,15.7035,49.34205,0.711025,1.2999999999999998,256.68,0.37818999999999997,64.5,1.415,1815.0,27.475,7.75,Khulna,Noornagar,22.83971,89.65009,2020-2021,KHKHPZ-1_Shallow (<50m),-18.39309302103866,FAIL
KHKHPZ-2,Deep (>150m),2.5,0.2,0.46,3.0,27.67,550.0,164.0,1463.0,-59.7,6.14,366.0,0.88,8.23,42.58,0.2,7.8,15.04,1.46,7.4,0.7,726.0,25.4,8.06,Khulna,Khulna Sadar,22.83314,89.54616,2012-2013,KHKHPZ-2_Deep (>150m),-57.17974803920518,FAIL
KHKHPZ-2,Deep (>150m),,,,,,,,,,,,,,,,,,,,,,,,,,,,2020-2021,KHKHPZ-2_Deep (>150m),,NO_DATA
KHKHPZ-2,Medium (50–150m),,,,,,,,,,,,,,,,,,,,,,,,,,,,2012-2013,KHKHPZ-2_Medium (50–150m),,NO_DATA
KHKHPZ-2,Medium (50–150m),36.61445,0.9,0.095,3.0,34.025400000000005,281.8,54.73,2370.0,-90.25,1.00129,234.85000000000002,0.20964999999999998,7.89175,26.914450000000002,0.07,2.4,151.51999999999998,0.75559,63.0,1.185,1517.5,27.65,7.834999999999999,Khulna,Noornagar,22.83973,89.65013,2020-2021,KHKHPZ-2_Medium (50–150m),-10.526976502735385,FAIL
KHKHPZ-2,Shallow (<50m),,,,,,,,,,,,,,,,,,,,,,,,,,,,2012-2013,KHKHPZ-2_Shallow (<50m),,NO_DATA
KHKHPZ-2,Shallow (<50m),,,,,,,,,,,,,,,,,,,,,,,,,,,,2020-2021,KHKHPZ-2_Shallow (<50m),,NO_DATA
KHKHPZ-3,Deep (>150m),0.0,0.35,0.365,3.0,60.44,555.0,268.0,2115.0,-84.65,0.905,213.5,0.27,5.55,18.275,0.2,2.45,141.13,0.18,81.26,1.05,1065.0,27.65,8.370000000000001,Khulna,Khulna Sadar,22.83315,89.5462,2012-2013,KHKHPZ-3_Deep (>150m),-31.888093612565683,FAIL
KHKHPZ-3,Deep (>150m),1.2503549999999999,1.4,0.215,9.0,41.647800000000004,177.55,165.0,1212.5,-129.1,1.15043,237.7,0.141745,8.14695,24.59805,0.046925,1.25,84.4245,0.83697,1.5,0.56,760.0,27.85,7.75,Khulna,Noornagar,22.83976,89.65017,2020-2021,KHKHPZ-3_Deep (>150m),-7.254104696393251,PASS
KHKHPZ-3,Medium (50–150m),,,,,,,,,,,,,,,,,,,,,,,,,,,,2012-2013,KHKHPZ-3_Medium (50–150m),,NO_DATA
KHKHPZ-3,Medium (50–150m),,,,,,,,,,,,,,,,,,,,,,,,,,,,2020-2021,KHKHPZ-3_Medium (50–150m),,NO_DATA
KHKHPZ-3,Shallow (<50m),,,,,,,,,,,,,,,,,,,,,,,,,,,,2012-2013,KHKHPZ-3_Shallow (<50m),,NO_DATA
KHKHPZ-3,Shallow (<50m),,,,,,,,,,,,,,,,,,,,,,,,,,,,2020-2021,KHKHPZ-3_Shallow (<50m),,NO_DATA
KHKHPZ-4,Deep (>150m),2.5,0.2,0.21,3.0,82.74,282.5,271.0,1225.0,-88.1,0.85,219.6,0.16,13.8,9.4,0.2,0.7,144.9,5.0,56.0,0.6,605.0,28.2,8.45,Khulna,Khulna Sadar,,,2012-2013,KHKHPZ-4_Deep (>150m),-5.718173389973004,PASS
KHKHPZ-4,Deep (>150m),40.348960000000005,0.85,0.31,12.0,134.6949,1068.35,323.0,1261.0,-18.949999999999996,3.45634,381.25,0.32523,22.93055,79.7098,0.10923,1.65,412.0165,3.21063,37.0,0.9950000000000001,962.05,27.975,7.685,Khulna,Noornagar,22.83292,89.54623,2020-2021,KHKHPZ-4_Deep (>150m),-8.282313859351078,PASS
KHKHPZ-4,Medium (50–150m),,,,,,,,,,,,,,,,,,,,,,,,,,,,2012-2013,KHKHPZ-4_Medium (50–150m),,NO_DATA
KHKHPZ-4,Medium (50–150m),,,,,,,,,,,,,,,,,,,,,,,,,,,,2020-2021,KHKHPZ-4_Medium (50–150m),,NO_DATA
KHKHPZ-4,Shallow (<50m),,,,,,,,,,,,,,,,,,,,,,,,,,,,2012-2013,KHKHPZ-4_Shallow (<50m),,NO_DATA
KHKHPZ-4,Shallow (<50m),,,,,,,,,,,,,,,,,,,,,,,,,,,,2020-2021,KHKHPZ-4_Shallow (<50m),,NO_DATA
KHRSLW-1,Deep (>150m),,,,,,,,,,,,,,,,,,,,,,,,,,,,2012-2013,KHRSLW-1_Deep (>150m),,NO_DATA
KHRSLW-1,Deep (>150m),,,,,,,,,,,,,,,,,,,,,,,,,,,,2020-2021,KHRSLW-1_Deep (>150m),,NO_DATA
KHRSLW-1,Medium (50–150m),102.5,,0.43,6.0,109.3,2350.0,92.0,4600.0,-22.8,4.8,195.2,0.58,8.08,140.72,0.3,7.3,1172.5,0.81,0.0,2.6,2576.0,27.3,7.41,Khulna,Rupsa,22.79967,89.58882,2012-2013,KHRSLW-1_Medium (50–150m),-1.015213979705841,PASS
KHRSLW-1,Medium (50–150m),63.88250000000001,0.8,0.385,27.0,152.7155,1146.7,91.0,4552.5,-67.45,4.81174,436.15,0.131745,22.358,66.52225,0.10627,2.0,554.759,2.63695,32.0,2.35,2855.0,28.05,7.6899999999999995,Khulna,Rupsha,22.79967,89.58889,2020-2021,KHRSLW-1_Medium (50–150m),-4.043791387551711,PASS
KHRSLW-1,Shallow (<50m),,,,,,,,,,,,,,,,,,,,,,,,,,,,2012-2013,KHRSLW-1_Shallow (<50m),,NO_DATA
KHRSLW-1,Shallow (<50m),,,,,,,,,,,,,,,,,,,,,,,,,,,,2020-2021,KHRSLW-1_Shallow (<50m),,NO_DATA
KHRSLW-2,Deep (>150m),,,,,,,,,,,,,,,,,,,,,,,,,,,,2012-2013,KHRSLW-2_Deep (>150m),,NO_DATA
KHRSLW-2,Deep (>150m),,,,,,,,,,,,,,,,,,,,,,,,,,,,2020-2021,KHRSLW-2_Deep (>150m),,NO_DATA
KHRSLW-2,Medium (50–150m),27.5,,0.12,6.0,163.96,1650.0,105.0,3740.0,-26.7,9.8,140.3,0.2,7.59,122.12,0.2,1.1,878.2,0.23,0.0,2.4,2131.8,28.3,7.55,Khulna,Rupsa,22.79737,89.59799,2012-2013,KHRSLW-2_Medium (50–150m),7.4662607432261625,PASS
KHRSLW-2,Medium (50–150m),31.409850000000002,0.6,0.345,0.0,234.895,1192.625,93.0,3678.5,-98.75,3.01752,375.15,0.25859,23.379,75.5555,0.843885,1.65,485.14349999999996,1.43588,47.0,1.825,2289.0,27.35,7.805,Khulna,Rupsha,22.79737,89.59805,2020-2021,KHRSLW-2_Medium (50–150m),-1.3150205263447183,PASS
KHRSLW-2,Shallow (<50m),,,,,,,,,,,,,,,,,,,,,,,,,,,,2012-2013,KHRSLW-2_Shallow (<50m),,NO_DATA
KHRSLW-2,Shallow (<50m),,,,,,,,,,,,,,,,,,,,,,,,,,,,2020-2021,KHRSLW-2_Shallow (<50m),,NO_DATA
KHRSLW-3,Deep (>150m),,,,,,,,,,,,,,,,,,,,,,,,,,,,2012-2013,KHRSLW-3_Deep (>150m),,NO_DATA
KHRSLW-3,Deep (>150m),,,,,,,,,,,,,,,,,,,,,,,,,,,,2020-2021,KHRSLW-3_Deep (>150m),,NO_DATA
KHRSLW-3,Medium (50–150m),12.5,,0.34,12.0,206.26,1480.0,105.0,3230.0,-28.2,1.3,189.1,0.49,12.85,80.56,0.4,4.3,694.9,1.88,0.0,1.9,1841.1,27.7,7.4,Khulna,Rupsa,22.79115,89.60555,2012-2013,KHRSLW-3_Medium (50–150m),2.3299242556820405,PASS
KHRSLW-3,Medium (50–150m),8.2112,1.3,0.07,6.0,143.10500000000002,697.0,93.0,2480.5,-96.15,1.948575,260.0,0.10615999999999999,9.923,44.79675,0.7787850000000001,0.75,344.45849999999996,0.9365699999999999,39.0,1.21,1527.0,27.4,7.68,Khulna,Rupsha,22.79107,89.60562,2020-2021,KHRSLW-3_Medium (50–150m),2.3229047326837766,PASS
KHRSLW-3,Shallow (<50m),,,,,,,,,,,,,,,,,,,,,,,,,,,,2012-2013,KHRSLW-3_Shallow (<50m),,NO_DATA
KHRSLW-3,Shallow (<50m),,,,,,,,,,,,,,,,,,,,,,,,,,,,2020-2021,KHRSLW-3_Shallow (<50m),,NO_DATA
KHRSLW-4,Deep (>150m),,,,,,,,,,,,,,,,,,,,,,,,,,,,2012-2013,KHRSLW-4_Deep (>150m),,NO_DATA
KHRSLW-4,Deep (>150m),,,,,,,,,,,,,,,,,,,,,,,,,,,,2020-2021,KHRSLW-4_Deep (>150m),,NO_DATA
KHRSLW-4,Medium (50–150m),,,0.28,12.0,52.94,505.0,78.0,1830.0,-18.0,6.3,264.4,0.44,2.3225,55.4,0.3,23.9,434.0,1.7,0.0,1.1,1024.8,27.3,7.27,Khulna,Rupsa,22.78657,89.61134,2012-2013,KHRSLW-4_Medium (50–150m),15.194686399025242,FAIL
KHRSLW-4,Medium (50–150m),24.39765,1.35,0.125,24.0,101.90350000000001,368.75,78.0,2215.0,-111.6,2.18717,518.5,0.141745,19.698,54.5202,0.39455,4.0,246.2015,1.18512,26.5,1.075,1381.0,26.9,7.800000000000001,Khulna,Rupsha,22.78655,89.61126,2020-2021,KHRSLW-4_Medium (50–150m),1.2730593318038794,PASS
KHRSLW-4,Shallow (<50m),,,,,,,,,,,,,,,,,,,,,,,,,,,,2012-2013,KHRSLW-4_Shallow (<50m),,NO_DATA
KHRSLW-4,Shallow (<50m),,,,,,,,,,,,,,,,,,,,,,,,,,,,2020-2021,KHRSLW-4_Shallow (<50m),,NO_DATA
KHRSLW-5,Deep (>150m),,,,,,,,,,,,,,,,,,,,,,,,,,,,2012-2013,KHRSLW-5_Deep (>150m),,NO_DATA
KHRSLW-5,Deep (>150m),,,,,,,,,,,,,,,,,,,,,,,,,,,,2020-2021,KHRSLW-5_Deep (>150m),,NO_DATA
KHRSLW-5,Medium (50–150m),102.5,,0.25,12.0,115.76,1640.0,101.0,3750.0,-29.3,5.0,128.1,0.39,11.19,110.32,0.1,20.3,899.7,0.63,0.0,2.1,2100.0,27.9,7.51,Khulna,Rupsa,22.78184,89.617,2012-2013,KHRSLW-5_Medium (50–150m),5.168771378701554,PASS
KHRSLW-5,Medium (50–150m),78.54345,0.7999999999999999,0.19,0.0,154.06799999999998,652.5,101.0,2104.0,-105.4,5.898339999999999,183.0,0.17848499999999998,11.30105,48.676,0.20374,0.9,233.01850000000002,1.04585,43.5,1.0350000000000001,1328.0,26.7,7.8500000000000005,Khulna,Rupsha,22.78167,89.61693,2020-2021,KHRSLW-5_Medium (50–150m),-0.04444232450130969,PASS
KHRSLW-5,Shallow (<50m),,,,,,,,,,,,,,,,,,,,,,,,,,,,2012-2013,KHRSLW-5_Shallow (<50m),,NO_DATA
KHRSLW-5,Shallow (<50m),,,,,,,,,,,,,,,,,,,,,,,,,,,,2020-2021,KHRSLW-5_Shallow (<50m),,NO_DATA
KHRSPZ-1,Deep (>150m),,,,,,,,,,,,,,,,,,,,,,,,,,,,2012-2013,KHRSPZ-1_Deep (>150m),,NO_DATA
KHRSPZ-1,Deep (>150m),,,,,,,,,,,,,,,,,,,,,,,,,,,,2020-2021,KHRSPZ-1_Deep (>150m),,NO_DATA
KHRSPZ-1,Medium (50–150m),,,,,,,,,,,,,,,,,,,,,,,,,,,,2012-2013,KHRSPZ-1_Medium (50–150m),,NO_DATA
KHRSPZ-1,Medium (50–150m),,,,,,,,,,,,,,,,,,,,,,,,,,,,2020-2021,KHRSPZ-1_Medium (50–150m),,NO_DATA
KHRSPZ-1,Shallow (<50m),30.0,0.35,0.28,1.5,27.89,135.5,27.0,987.5,-1.8499999999999999,9.435,494.1,0.155,6.265000000000001,40.815,0.1,16.25,108.685,0.7450000000000001,8.86,0.45799999999999996,519.05,27.65,7.1,Khulna,Rupsa,22.83971,89.65009,2012-2013,KHRSPZ-1_Shallow (<50m),-10.973334071366791,FAIL
KHRSPZ-1,Shallow (<50m),32.91665,0.75,0.245,0.0,233.32600000000002,1134.0,27.0,2824.0,-110.6,4.601025,372.1,0.20230499999999998,13.312999999999999,104.54925,3.07825,3.5,471.3775,1.32552,47.0,1.385,1785.5,27.990000000000002,7.715,Khulna,Rupsha,22.83971,89.65009,2020-2021,KHRSPZ-1_Shallow (<50m),2.739950581091025,PASS
KHRSPZ-2,Deep (>150m),,,,,,,,,,,,,,,,,,,,,,,,,,,,2012-2013,KHRSPZ-2_Deep (>150m),,NO_DATA
KHRSPZ-2,Deep (>150m),,,,,,,,,,,,,,,,,,,,,,,,,,,,2020-2021,KHRSPZ-2_Deep (>150m),,NO_DATA
KHRSPZ-2,Medium (50–150m),7.5,0.1,0.31000000000000005,0.75,134.29500000000002,1800.0,106.0,4150.0,1.2,10.495,222.65,0.22,9.055,74.99000000000001,0.3,17.4,289.94,0.43000000000000005,8.870000000000001,1.9949999999999999,2006.0,27.9,6.984999999999999,Khulna,Rupsa,22.83973,89.65013,2012-2013,KHRSPZ-2_Medium (50–150m),-35.57090945473847,FAIL
KHRSPZ-2,Medium (50–150m),29.5711,1.0499999999999998,0.12,0.0,177.143,1171.6,107.0,4096.5,-121.4,3.853155,301.95,0.113115,23.6805,69.58945,1.1967400000000001,3.25,509.3995,1.72557,35.5,10.17,2556.5,28.6,7.74,Khulna,Rupsha,22.83973,89.65013,2020-2021,KHRSPZ-2_Medium (50–150m),-1.7423273283650405,PASS
KHRSPZ-2,Shallow (<50m),,,,,,,,,,,,,,,,,,,,,,,,,,,,2012-2013,KHRSPZ-2_Shallow (<50m),,NO_DATA
KHRSPZ-2,Shallow (<50m),,,,,,,,,,,,,,,,,,,,,,,,,,,,2020-2021,KHRSPZ-2_Shallow (<50m),,NO_DATA
KHRSPZ-4,Deep (>150m),,,,,,,264.0,3110.0,-19.5,,,,,,,,,,,1.323,1674.0,27.7,7.73,Khulna,Rupsa,22.83965,89.65006,2012-2013,KHRSPZ-4_Deep (>150m),,NO_DATA
KHRSPZ-4,Deep (>150m),104.57,1.0,0.195,18.0,287.91499999999996,875.4,264.0,2426.0,-124.65,12.08456,417.85,0.095105,20.322499999999998,55.20515,1.520805,4.2,323.706,3.72377,38.5,1.18,1528.0,27.8,7.915000000000001,Khulna,Rupsha,22.83965,89.65006,2020-2021,KHRSPZ-4_Deep (>150m),1.2988655261628375,PASS
KHRSPZ-4,Medium (50–150m),,,,,,,,,,,,,,,,,,,,,,,,,,,,2012-2013,KHRSPZ-4_Medium (50–150m),,NO_DATA
KHRSPZ-4,Medium (50–150m),,,,,,,,,,,,,,,,,,,,,,,,,,,,2020-2021,KHRSPZ-4_Medium (50–150m),,NO_DATA
KHRSPZ-4,Shallow (<50m),,,,,,,,,,,,,,,,,,,,,,,,,,,,2012-2013,KHRSPZ-4_Shallow (<50m),,NO_DATA
KHRSPZ-4,Shallow (<50m),,,,,,,,,,,,,,,,,,,,,,,,,,,,2020-2021,KHRSPZ-4_Shallow (<50m),,NO_DATA
LKKNLW-1,Deep (>150m),,,,,,,,,,,,,,,,,,,,,,,,,,,,2012-2013,LKKNLW-1_Deep (>150m),,NO_DATA
LKKNLW-1,Deep (>150m),,,,,,,,,,,,,,,,,,,,,,,,,,,,2020-2021,LKKNLW-1_Deep (>150m),,NO_DATA
LKKNLW-1,Medium (50–150m),0.0,,0.24,12.0,199.1,7950.0,89.0,18750.0,3.5,11.5,170.8,0.38,16.92,522.25,0.4,8.6,313.0,0.5,1.0,10.5,10500.0,28.6,7.1,Laksmipur,Kamal Nagar,22.79439,90.8098,2012-2013,LKKNLW-1_Medium (50–150m),-54.315721725192276,FAIL
LKKNLW-1,Medium (50–150m),18.0563,0.8500000000000001,0.185,6.0,277.21590000000003,1878.6,88.0,5466.0,88.65,2.832305,250.10000000000002,0.07081,82.39275,187.4674,0.140165,2.4,761.6685,2.7134199999999997,1.05,2.82,3366.5,26.95,7.305,Laksmipur,Kamalnagar,22.7944,90.8098,2020-2021,LKKNLW-1_Medium (50–150m),5.87586987455986,PASS
LKKNLW-1,Shallow (<50m),,,,,,,,,,,,,,,,,,,,,,,,,,,,2012-2013,LKKNLW-1_Shallow (<50m),,NO_DATA
LKKNLW-1,Shallow (<50m),,,,,,,,,,,,,,,,,,,,,,,,,,,,2020-2021,LKKNLW-1_Shallow (<50m),,NO_DATA
LKKNLW-2,Deep (>150m),,,,,,,,,,,,,,,,,,,,,,,,,,,,2012-2013,LKKNLW-2_Deep (>150m),,NO_DATA
LKKNLW-2,Deep (>150m),,,,,,,,,,,,,,,,,,,,,,,,,,,,2020-2021,LKKNLW-2_Deep (>150m),,NO_DATA
LKKNLW-2,Medium (50–150m),0.0,,0.09,12.0,279.15,7825.0,80.0,19690.0,-39.0,14.1,189.1,0.15,17.51,718.9,0.3,10.0,705.6,0.84,0.0,12.0,11026.4,30.3,7.9,Laksmipur,Kamal Nagar,22.79574,90.82024,2012-2013,LKKNLW-2_Medium (50–150m),-36.35474249226957,FAIL
LKKNLW-2,Medium (50–150m),39.10275,0.15000000000000002,0.07,3.0,447.69255,2236.8,79.0,4815.0,46.9,3.650945,262.3,0.05639,54.693,197.96654999999998,0.630395,3.8499999999999996,756.12325,2.6188900000000004,2.55,2.88,3208.5,26.25,7.19,Laksmipur,Kamalnagar,22.943825,91.334588,2020-2021,LKKNLW-2_Medium (50–150m),3.8251657417134086,PASS
LKKNLW-2,Shallow (<50m),,,,,,,,,,,,,,,,,,,,,,,,,,,,2012-2013,LKKNLW-2_Shallow (<50m),,NO_DATA
LKKNLW-2,Shallow (<50m),,,,,,,,,,,,,,,,,,,,,,,,,,,,2020-2021,LKKNLW-2_Shallow (<50m),,NO_DATA
LKKNLW-3,Deep (>150m),,,,,,,,,,,,,,,,,,,,,,,,,,,,2012-2013,LKKNLW-3_Deep (>150m),,NO_DATA
LKKNLW-3,Deep (>150m),,,,,,,,,,,,,,,,,,,,,,,,,,,,2020-2021,LKKNLW-3_Deep (>150m),,NO_DATA
LKKNLW-3,Medium (50–150m),0.0,,0.27,12.0,250.05,8325.0,86.0,20800.0,-5.8,19.8,189.1,0.43,18.21,640.4,0.1,11.8,352.25,1.08,0.0,12.1,11856.0,28.7,7.1,Laksmipur,Kamal Nagar,22.79538,90.82796,2012-2013,LKKNLW-3_Medium (50–150m),-48.98738437929621,FAIL
LKKNLW-3,Medium (50–150m),19.1194,0.95,0.060000000000000005,12.0,29.418925,1471.0,85.0,4901.0,32.95,2.86646,225.7,0.21023,38.1527,37.7808,0.623415,2.9,747.551,2.6019200000000002,1.5,3.035,3422.5,26.35,7.65,Laksmipur,Kamalnagar,22.79667,90.828225,2020-2021,LKKNLW-3_Medium (50–150m),-9.001292353701492,PASS
LKKNLW-3,Shallow (<50m),,,,,,,,,,,,,,,,,,,,,,,,,,,,2012-2013,LKKNLW-3_Shallow (<50m),,NO_DATA
LKKNLW-3,Shallow (<50m),,,,,,,,,,,,,,,,,,,,,,,,,,,,2020-2021,LKKNLW-3_Shallow (<50m),,NO_DATA
LKKNLW-4,Deep (>150m),,,,,,,,,,,,,,,,,,,,,,,,,,,,2012-2013,LKKNLW-4_Deep (>150m),,NO_DATA
LKKNLW-4,Deep (>150m),,,,,,,,,,,,,,,,,,,,,,,,,,,,2020-2021,LKKNLW-4_Deep (>150m),,NO_DATA
LKKNLW-4,Medium (50–150m),27.5,,0.2,6.0,198.35,8075.0,86.0,20400.0,-3.0,16.3,115.9,0.31,20.72,607.1,0.5,11.7,331.6,0.64,0.0,11.9,11628.0,27.7,7.2,Laksmipur,Kamal Nagar,22.79549,90.83965,2012-2013,LKKNLW-4_Medium (50–150m),-50.62899587180064,FAIL
LKKNLW-4,Medium (50–150m),4.437155,1.5499999999999998,0.09,0.0,480.7815,6303.95,85.0,21680.0,-13.200000000000003,3.85392,122.0,0.05965,110.36600000000001,178.83085,0.58659,10.95,2266.84,2.88007,2.0,12.34,13460.0,27.3,6.54,Laksmipur,Kamalnagar,22.7955,90.8397,2020-2021,LKKNLW-4_Medium (50–150m),-12.43057575702262,FAIL
LKKNLW-4,Shallow (<50m),,,,,,,,,,,,,,,,,,,,,,,,,,,,2012-2013,LKKNLW-4_Shallow (<50m),,NO_DATA
LKKNLW-4,Shallow (<50m),,,,,,,,,,,,,,,,,,,,,,,,,,,,2020-2021,LKKNLW-4_Shallow (<50m),,NO_DATA
LKKNLW-5,Deep (>150m),,,,,,,,,,,,,,,,,,,,,,,,,,,,2012-2013,LKKNLW-5_Deep (>150m),,NO_DATA
LKKNLW-5,Deep (>150m),,,,,,,,,,,,,,,,,,,,,,,,,,,,2020-2021,LKKNLW-5_Deep (>150m),,NO_DATA
LKKNLW-5,Medium (50–150m),,,0.11,0.0,264.3,7050.0,95.0,19440.0,22.3,61.8,48.8,0.18,15.11,523.65,0.9,20.0,253.25,1.76,1.0,11.4,11080.8,27.1,6.6,Laksmipur,Kamal Nagar,22.7955,90.84731,2012-2013,LKKNLW-5_Medium (50–150m),-48.19831045043626,FAIL
LKKNLW-5,Medium (50–150m),1.05225,1.3,0.1,18.0,101.433,3653.7,95.0,11880.5,24.4,3.03306,179.95,0.358485,46.65,60.91455,0.989095,5.85,1814.92,2.8355799999999998,1.5,6.4,6614.5,27.950000000000003,7.365,Laksmipur,Kamalnagar,22.7955,90.8473,2020-2021,LKKNLW-5_Medium (50–150m),-8.350759019415284,PASS
LKKNLW-5,Shallow (<50m),,,,,,,,,,,,,,,,,,,,,,,,,,,,2012-2013,LKKNLW-5_Shallow (<50m),,NO_DATA
LKKNLW-5,Shallow (<50m),,,,,,,,,,,,,,,,,,,,,,,,,,,,2020-2021,LKKNLW-5_Shallow (<50m),,NO_DATA
LKRGPZ-1,Deep (>150m),,,,,,,,,,,,,,,,,,,,,,,,,,,,2012-2013,LKRGPZ-1_Deep (>150m),,NO_DATA
LKRGPZ-1,Deep (>150m),,,,,,,,,,,,,,,,,,,,,,,,,,,,2020-2021,LKRGPZ-1_Deep (>150m),,NO_DATA
LKRGPZ-1,Medium (50–150m),11.25,1.65,0.5700000000000001,0.0,33.150000000000006,5700.0,91.0,15500.0,-24.2,7.5,472.75,1.145,16.05,41.74,0.27,9.6,2461.7,0.4024,8.6,9.0,8914.4,28.75,7.415,Laksmipur,Ramgati,22.696835,90.909825,2012-2013,LKRGPZ-1_Medium (50–150m),-19.883105162697298,FAIL
LKRGPZ-1,Medium (50–150m),1.70651,0.9,0.29,0.0,100.36,1237.8,61.0,3560.0,4.800000000000001,5.428509999999999,176.9,0.13627,30.470000000000002,53.38635,6.055429999999999,2.05,522.1525,0.38674000000000003,2.05,3.0500000000000003,2922.7,27.315,7.1,Laksmipur,Ramgati,22.69686,90.90986,2020-2021,LKRGPZ-1_Medium (50–150m),-6.45058863108217,PASS
LKRGPZ-1,Shallow (<50m),,,,,,,,,,,,,,,,,,,,,,,,,,,,2012-2013,LKRGPZ-1_Shallow (<50m),,NO_DATA
LKRGPZ-1,Shallow (<50m),40.152,0.4,0.495,3.0,159.0725,1625.4,30.0,5082.5,-18.049999999999997,1.4947,488.0,0.34414,51.434,53.263099999999994,4.61928,2.15,1035.6000000000001,1.43592,3.0,2.82,3189.5,26.0,6.475,Laksmipur,Ramgati,22.6968,90.90979,2020-2021,LKRGPZ-1_Shallow (<50m),4.26322721991494,PASS
LKRGPZ-2,Deep (>150m),3.75,0.45,0.37,0.0,79.485,500.0,182.0,1955.5,-6.8,12.1,158.6,0.54,5.575,34.595,0.10825000000000001,0.97535,241.6,0.25984999999999997,8.755,1.0350000000000001,1035.5,28.0,7.335,Laksmipur,Ramgati,22.6968,90.90983499999999,2012-2013,LKRGPZ-2_Deep (>150m),2.8536323397520826,PASS
LKRGPZ-2,Deep (>150m),2.1100350000000003,0.15000000000000002,0.095,0.0,93.10255000000001,570.6,183.0,1390.5,-18.749999999999996,4.245805,186.05,0.129295,10.4421,46.95225,0.173735,1.1,277.643,0.19258,1.5,0.5700000000000001,854.0,26.825,6.835,Laksmipur,Ramgati,22.6968,90.90986,2020-2021,LKRGPZ-2_Deep (>150m),4.508878746246537,PASS
LKRGPZ-2,Medium (50–150m),,,,,,,,,,,,,,,,,,,,,,,,,,,,2012-2013,LKRGPZ-2_Medium (50–150m),,NO_DATA
LKRGPZ-2,Medium (50–150m),,,,,,,,,,,,,,,,,,,,,,,,,,,,2020-2021,LKRGPZ-2_Medium (50–150m),,NO_DATA
LKRGPZ-2,Shallow (<50m),,,,,,,,,,,,,,,,,,,,,,,,,,,,2012-2013,LKRGPZ-2_Shallow (<50m),,NO_DATA
LKRGPZ-2,Shallow (<50m),,,,,,,,,,,,,,,,,,,,,,,,,,,,2020-2021,LKRGPZ-2_Shallow (<50m),,NO_DATA
LKRGPZ-3,Deep (>150m),0.0,0.75,0.605,2.25,73.72,1817.5,304.0,5645.0,-16.95,5.4,244.0,0.8450000000000001,23.055,71.35000000000001,0.207,12.4,1596.4,1.0425499999999999,9.265,1.5250000000000001,3009.0,28.25,7.265000000000001,Laksmipur,Ramgati,22.69681,90.90979999999999,2012-2013,LKRGPZ-3_Deep (>150m),17.71729727737564,FAIL
LKRGPZ-3,Deep (>150m),8.3113,1.45,0.125,24.0,89.8489,175.35,305.0,480.5,18.549999999999997,2.8152850000000003,247.05,0.095685,15.5085,31.9168,0.326515,1.25,61.37465,0.9715,6.0,0.22,302.0,26.25,6.355,Laksmipur,Ramgati,22.6968,90.90979,2020-2021,LKRGPZ-3_Deep (>150m),1.5723161724224846,PASS
LKRGPZ-3,Medium (50–150m),,,,,,,,,,,,,,,,,,,,,,,,,,,,2012-2013,LKRGPZ-3_Medium (50–150m),,NO_DATA
LKRGPZ-3,Medium (50–150m),,,,,,,,,,,,,,,,,,,,,,,,,,,,2020-2021,LKRGPZ-3_Medium (50–150m),,NO_DATA
LKRGPZ-3,Shallow (<50m),,,,,,,,,,,,,,,,,,,,,,,,,,,,2012-2013,LKRGPZ-3_Shallow (<50m),,NO_DATA
LKRGPZ-3,Shallow (<50m),,,,,,,,,,,,,,,,,,,,,,,,,,,,2020-2021,LKRGPZ-3_Shallow (<50m),,NO_DATA
LKRPLW-1,Deep (>150m),,,,,,,,,,,,,,,,,,,,,,,,,,,,2012-2013,LKRPLW-1_Deep (>150m),,NO_DATA
LKRPLW-1,Deep (>150m),,,,,,,,,,,,,,,,,,,,,,,,,,,,2020-2021,LKRPLW-1_Deep (>150m),,NO_DATA
LKRPLW-1,Medium (50–150m),12.5,,0.2,30.0,156.58,2700.0,92.0,7290.0,-23.8,10.6,396.5,0.31,7.3,224.7,0.2,6.2,1318.0,3.91,0.0,4.1,4082.4,29.7,7.41,Laksmipur,Raipur,22.9828,90.69611,2012-2013,LKRPLW-1_Medium (50–150m),0.19511690464033812,PASS
LKRPLW-1,Medium (50–150m),7.39755,0.3,0.275,12.0,36.86085,311.5,91.0,805.0,69.44999999999999,0.584465,298.9,0.013135,8.195699999999999,22.63845,0.057865,1.1,162.93,0.7940900000000001,1.55,0.38,527.0,26.65,6.52,Laksmipur,Raipur,22.9828,90.6961,2020-2021,LKRPLW-1_Medium (50–150m),-12.461242744822714,FAIL
LKRPLW-1,Shallow (<50m),,,,,,,,,,,,,,,,,,,,,,,,,,,,2012-2013,LKRPLW-1_Shallow (<50m),,NO_DATA
LKRPLW-1,Shallow (<50m),,,,,,,,,,,,,,,,,,,,,,,,,,,,2020-2021,LKRPLW-1_Shallow (<50m),,NO_DATA
LKRPLW-2,Deep (>150m),,,,,,,,,,,,,,,,,,,,,,,,,,,,2012-2013,LKRPLW-2_Deep (>150m),,NO_DATA
LKRPLW-2,Deep (>150m),,,,,,,,,,,,,,,,,,,,,,,,,,,,2020-2021,LKRPLW-2_Deep (>150m),,NO_DATA
LKRPLW-2,Medium (50–150m),12.5,,0.21,0.0,116.36,4150.0,89.0,11150.0,-11.3,22.5,134.2,0.32,16.8,400.84,0.9,10.8,1994.0,1.14,0.0,6.5,6244.0,27.1,7.2,Laksmipur,Raipur,22.98254,90.70296,2012-2013,LKRPLW-2_Medium (50–150m),2.9751224665977674,PASS
LKRPLW-2,Medium (50–150m),9.142349999999999,0.25,0.12000000000000001,12.0,31.481550000000002,236.85,88.0,760.0,72.15,0.626455,301.95,0.09987499999999999,7.7014499999999995,21.61125,0.077075,1.6,144.173,0.76645,1.0,0.36,481.0,26.65,6.95,Laksmipur,Raipur,22.9825,90.703,2020-2021,LKRPLW-2_Medium (50–150m),-10.287600560091564,FAIL
LKRPLW-2,Shallow (<50m),,,,,,,,,,,,,,,,,,,,,,,,,,,,2012-2013,LKRPLW-2_Shallow (<50m),,NO_DATA
LKRPLW-2,Shallow (<50m),,,,,,,,,,,,,,,,,,,,,,,,,,,,2020-2021,LKRPLW-2_Shallow (<50m),,NO_DATA
LKRPLW-3,Deep (>150m),,,,,,,,,,,,,,,,,,,,,,,,,,,,2012-2013,LKRPLW-3_Deep (>150m),,NO_DATA
LKRPLW-3,Deep (>150m),,,,,,,,,,,,,,,,,,,,,,,,,,,,2020-2021,LKRPLW-3_Deep (>150m),,NO_DATA
LKRPLW-3,Medium (50–150m),52.5,,0.25,0.0,99.62,3120.0,89.0,7480.0,-19.6,43.2,36.6,0.4,6.27,206.32,0.5,9.0,1375.0,0.4,0.0,4.3,4263.6,28.2,7.3,Laksmipur,Raipur,22.98235,90.71135,2012-2013,LKRPLW-3_Medium (50–150m),-3.064392973282967,PASS
LKRPLW-3,Medium (50–150m),62.98065,0.7,0.085,0.0,206.1845,1922.7,88.0,6675.5,-59.4,6.41788,402.6,0.080685,69.15950000000001,60.73725,0.161105,12.7,881.7835,2.29553,1.0,3.665,4369.5,27.990000000000002,6.64,Laksmipur,Raipur,22.9824,90.7114,2020-2021,LKRPLW-3_Medium (50–150m),-4.6944152259137715,PASS
LKRPLW-3,Shallow (<50m),,,,,,,,,,,,,,,,,,,,,,,,,,,,2012-2013,LKRPLW-3_Shallow (<50m),,NO_DATA
LKRPLW-3,Shallow (<50m),,,,,,,,,,,,,,,,,,,,,,,,,,,,2020-2021,LKRPLW-3_Shallow (<50m),,NO_DATA
LKRPLW-4,Deep (>150m),,,,,,,,,,,,,,,,,,,,,,,,,,,,2012-2013,LKRPLW-4_Deep (>150m),,NO_DATA
LKRPLW-4,Deep (>150m),,,,,,,,,,,,,,,,,,,,,,,,,,,,2020-2021,LKRPLW-4_Deep (>150m),,NO_DATA
LKRPLW-4,Medium (50–150m),12.5,,0.09,6.0,316.14,2450.0,89.0,5910.0,-5.9,17.7,115.9,0.14,1.26,236.74,1.1,0.8,715.6,0.28,0.0,3.4,3309.6,26.5,7.23,Laksmipur,Raipur,22.98391,90.72127,2012-2013,LKRPLW-4_Medium (50–150m),-2.9909781184607103,PASS
LKRPLW-4,Medium (50–150m),11.87125,0.1,0.09,0.0,356.50350000000003,2007.95,88.0,5965.0,-25.3,9.02325,170.8,0.73044,15.04,60.11335,6.8731,2.2,788.8240000000001,1.2612700000000001,3.5,3.145,3786.0,27.375,6.744999999999999,Laksmipur,Raipur,22.9839,90.7213,2020-2021,LKRPLW-4_Medium (50–150m),-1.3416401110065008,PASS
LKRPLW-4,Shallow (<50m),,,,,,,,,,,,,,,,,,,,,,,,,,,,2012-2013,LKRPLW-4_Shallow (<50m),,NO_DATA
LKRPLW-4,Shallow (<50m),,,,,,,,,,,,,,,,,,,,,,,,,,,,2020-2021,LKRPLW-4_Shallow (<50m),,NO_DATA
LKRPLW-5,Deep (>150m),,,,,,,,,,,,,,,,,,,,,,,,,,,,2012-2013,LKRPLW-5_Deep (>150m),,NO_DATA
LKRPLW-5,Deep (>150m),,,,,,,,,,,,,,,,,,,,,,,,,,,,2020-2021,LKRPLW-5_Deep (>150m),,NO_DATA
LKRPLW-5,Medium (50–150m),52.5,,0.2,30.0,257.52,2200.0,92.0,6180.0,-16.6,10.7,414.8,0.31,5.93,186.86,0.4,39.0,1450.0,3.43,1.0,3.6,3522.6,27.5,7.26,Laksmipur,Raipur,22.98642,90.73212,2012-2013,LKRPLW-5_Medium (50–150m),13.072597470254163,FAIL
LKRPLW-5,Medium (50–150m),159.6505,0.9500000000000001,0.12,18.0,115.739,1612.4,91.0,5388.5,21.650000000000002,5.3666149999999995,686.25,0.05208,33.4945,58.23805,0.726755,5.5,1114.0700000000002,3.49781,2.0,2.81,3399.5,27.490000000000002,7.15,Laksmipur,Raipur,22.9864,90.7321,2020-2021,LKRPLW-5_Medium (50–150m),2.1540324027621116,PASS
LKRPLW-5,Shallow (<50m),,,,,,,,,,,,,,,,,,,,,,,,,,,,2012-2013,LKRPLW-5_Shallow (<50m),,NO_DATA
LKRPLW-5,Shallow (<50m),,,,,,,,,,,,,,,,,,,,,,,,,,,,2020-2021,LKRPLW-5_Shallow (<50m),,NO_DATA
NKHT3LW-1,Deep (>150m),,,,,,,,,,,,,,,,,,,,,,,,,,,,2012-2013,NKHT3LW-1_Deep (>150m),,NO_DATA
NKHT3LW-1,Deep (>150m),,,,,,,,,,,,,,,,,,,,,,,,,,,,2020-2021,NKHT3LW-1_Deep (>150m),,NO_DATA
NKHT3LW-1,Medium (50–150m),5.0,,0.88,15.0,27.47,276.25,93.0,1447.5,-84.75,1.8,161.65,1.395,7.084999999999999,72.13,0.3,1.65,156.60000000000002,0.9349999999999999,0.0,0.75,750.2,28.450000000000003,7.699999999999999,Noakhali,Hatia 3,22.56537,91.11378,2012-2013,NKHT3LW-1_Medium (50–150m),13.310614158001513,FAIL
NKHT3LW-1,Medium (50–150m),3.828135,1.35,0.448,12.0,33.9366,215.65,93.0,849.0,1.2000000000000028,0.8048299999999999,218.9,0.018365,9.2049,24.40315,0.0853,2.0,73.05895,0.485,1.0,0.385,541.0,28.215,6.855,Noakhali,Hatia,22.565391,91.114038,2020-2021,NKHT3LW-1_Medium (50–150m),-17.307917547330394,FAIL
NKHT3LW-1,Shallow (<50m),,,,,,,,,,,,,,,,,,,,,,,,,,,,2012-2013,NKHT3LW-1_Shallow (<50m),,NO_DATA
NKHT3LW-1,Shallow (<50m),,,,,,,,,,,,,,,,,,,,,,,,,,,,2020-2021,NKHT3LW-1_Shallow (<50m),,NO_DATA
NKHT3LW-2,Deep (>150m),,,,,,,,,,,,,,,,,,,,,,,,,,,,2012-2013,NKHT3LW-2_Deep (>150m),,NO_DATA
NKHT3LW-2,Deep (>150m),,,,,,,,,,,,,,,,,,,,,,,,,,,,2020-2021,NKHT3LW-2_Deep (>150m),,NO_DATA
NKHT3LW-2,Medium (50–150m),5.0,,0.27,24.0,30.189999999999998,3887.5,73.0,12825.0,-57.300000000000004,2.935,213.5,0.39,18.5725,271.455,0.2,19.55,782.0,38.95,5.5,7.35,7246.0,28.549999999999997,7.35,Noakhali,Hatia 3,22.55798,91.11143,2012-2013,NKHT3LW-2_Medium (50–150m),-32.84269616315656,FAIL
NKHT3LW-2,Medium (50–150m),4.7788450000000005,0.25,0.4315,12.0,33.45615,282.25,73.0,1354.5,-5.100000000000001,1.34471,311.1,0.12208000000000001,12.706499999999998,42.1989,0.069825,0.75,205.15550000000002,0.535,2.0,0.595,827.0,27.55,6.995,Noakhali,Hatia,22.557927,91.111549,2020-2021,NKHT3LW-2_Medium (50–150m),3.256760396271394,PASS
NKHT3LW-2,Shallow (<50m),,,,,,,,,,,,,,,,,,,,,,,,,,,,2012-2013,NKHT3LW-2_Shallow (<50m),,NO_DATA
NKHT3LW-2,Shallow (<50m),,,,,,,,,,,,,,,,,,,,,,,,,,,,2020-2021,NKHT3LW-2_Shallow (<50m),,NO_DATA
NKHT3LW-3,Deep (>150m),,,,,,,,,,,,,,,,,,,,,,,,,,,,2012-2013,NKHT3LW-3_Deep (>150m),,NO_DATA
NKHT3LW-3,Deep (>150m),,,,,,,,,,,,,,,,,,,,,,,,,,,,2020-2021,NKHT3LW-3_Deep (>150m),,NO_DATA
NKHT3LW-3,Medium (50–150m),22.5,,0.3,21.0,21.534100000000002,2575.0,67.0,8618.5,-67.0,6.65,378.20000000000005,0.48,2.9210000000000003,174.8,0.15000000000000002,7.2,1397.0500000000002,13.0,0.0,4.9,4786.05,28.15,7.55,Noakhali,Hatia 3,22.54992,91.10583,2012-2013,NKHT3LW-3_Medium (50–150m),-2.242501343913596,PASS
NKHT3LW-3,Medium (50–150m),3.697865,0.7000000000000001,0.4015,12.0,56.737500000000004,410.55,67.0,1745.5,-12.799999999999997,0.76657,254.14999999999998,0.02046,14.1155,32.87525,0.074455,1.8,238.5765,0.395,2.0,0.855,1117.5,27.2,6.82,Noakhali,Hatia,22.549943,91.105831,2020-2021,NKHT3LW-3_Medium (50–150m),0.23585975497206008,PASS
NKHT3LW-3,Shallow (<50m),,,,,,,,,,,,,,,,,,,,,,,,,,,,2012-2013,NKHT3LW-3_Shallow (<50m),,NO_DATA
NKHT3LW-3,Shallow (<50m),,,,,,,,,,,,,,,,,,,,,,,,,,,,2020-2021,NKHT3LW-3_Shallow (<50m),,NO_DATA
NKHT3LW-4,Deep (>150m),,,,,,,,,,,,,,,,,,,,,,,,,,,,2012-2013,NKHT3LW-4_Deep (>150m),,NO_DATA
NKHT3LW-4,Deep (>150m),,,,,,,,,,,,,,,,,,,,,,,,,,,,2020-2021,NKHT3LW-4_Deep (>150m),,NO_DATA
NKHT3LW-4,Medium (50–150m),5.0,,0.28,27.0,28.424999999999997,3337.5,72.0,11960.0,-42.75,5.085,192.15,0.43,6.04875,201.6,0.25,8.350000000000001,1943.15,7.225,0.0,6.85,6624.4,28.75,7.25,Noakhali,Hatia 3,22.54379,91.10401,2012-2013,NKHT3LW-4_Medium (50–150m),2.1469510072384144,PASS
NKHT3LW-4,Medium (50–150m),14.5956,0.7,0.5185,6.0,68.7217,357.1,72.0,1698.0,-24.9,1.085745,191.95,0.28964999999999996,15.383000000000001,37.61835,0.07192,1.75,151.3,0.405,1.0,0.86,1084.5,27.105,6.755,Noakhali,Hatia,22.543752,91.10409,2020-2021,NKHT3LW-4_Medium (50–150m),0.2251960083023253,PASS
NKHT3LW-4,Shallow (<50m),,,,,,,,,,,,,,,,,,,,,,,,,,,,2012-2013,NKHT3LW-4_Shallow (<50m),,NO_DATA
NKHT3LW-4,Shallow (<50m),,,,,,,,,,,,,,,,,,,,,,,,,,,,2020-2021,NKHT3LW-4_Shallow (<50m),,NO_DATA
NKHT3LW-5,Deep (>150m),,,,,,,,,,,,,,,,,,,,,,,,,,,,2012-2013,NKHT3LW-5_Deep (>150m),,NO_DATA
NKHT3LW-5,Deep (>150m),,,,,,,,,,,,,,,,,,,,,,,,,,,,2020-2021,NKHT3LW-5_Deep (>150m),,NO_DATA
NKHT3LW-5,Medium (50–150m),10.0,,0.29000000000000004,57.0,24.9,2765.0,72.0,8070.0,-63.05,3.35,420.9,0.41000000000000003,3.18,170.17,0.3,6.75,1610.75,21.05,0.0,4.45,4423.6,28.25,7.4,Noakhali,Hatia 3,22.52858,91.08944,2012-2013,NKHT3LW-5_Medium (50–150m),-1.179444483291635,PASS
NKHT3LW-5,Medium (50–150m),0.027,0.8,0.47250000000000003,6.0,68.6682,542.95,72.0,1741.5,-25.0,0.83711,193.05,0.11220000000000001,15.466000000000001,38.166000000000004,0.097245,2.3,185.702,0.36,1.0,0.86,1096.0,27.2,6.755,Noakhali,Hatia,22.528566,91.089455,2020-2021,NKHT3LW-5_Medium (50–150m),-10.862416203544553,FAIL
NKHT3LW-5,Shallow (<50m),,,,,,,,,,,,,,,,,,,,,,,,,,,,2012-2013,NKHT3LW-5_Shallow (<50m),,NO_DATA
NKHT3LW-5,Shallow (<50m),,,,,,,,,,,,,,,,,,,,,,,,,,,,2020-2021,NKHT3LW-5_Shallow (<50m),,NO_DATA
NRNRLW-1,Deep (>150m),,,,,,,,,,,,,,,,,,,,,,,,,,,,2012-2013,NRNRLW-1_Deep (>150m),,NO_DATA
NRNRLW-1,Deep (>150m),,,,,,,,,,,,,,,,,,,,,,,,,,,,2020-2021,NRNRLW-1_Deep (>150m),,NO_DATA
NRNRLW-1,Medium (50–150m),7.5,,0.25,12.0,81.9,37.5,92.0,2930.0,-20.6,0.9,140.3,0.39,5.38,84.76,0.0,1.9,850.2,0.16,8.0,1.5,1464.0,26.0,7.39,Narail,Narail Sadar,23.16968,89.51569,2012-2013,NRNRLW-1_Medium (50–150m),84.82218150977103,FAIL
NRNRLW-1,Medium (50–150m),0.42557,1.05,0.08499999999999999,0.0,124.564,857.05,91.0,2769.5,27.6,0.5258700000000001,362.95,0.084985,9.912849999999999,47.8989,0.7773049999999999,1.1,441.546,0.24913000000000002,37.0,1.38,1762.5,27.15,7.635,Narail,Narail Sadar,23.16962,89.5156,2020-2021,NRNRLW-1_Medium (50–150m),-2.0704352581604506,PASS
NRNRLW-1,Shallow (<50m),,,,,,,,,,,,,,,,,,,,,,,,,,,,2012-2013,NRNRLW-1_Shallow (<50m),,NO_DATA
NRNRLW-1,Shallow (<50m),,,,,,,,,,,,,,,,,,,,,,,,,,,,2020-2021,NRNRLW-1_Shallow (<50m),,NO_DATA
NRNRLW-2,Deep (>150m),,,,,,,,,,,,,,,,,,,,,,,,,,,,2012-2013,NRNRLW-2_Deep (>150m),,NO_DATA
NRNRLW-2,Deep (>150m),,,,,,,,,,,,,,,,,,,,,,,,,,,,2020-2021,NRNRLW-2_Deep (>150m),,NO_DATA
NRNRLW-2,Medium (50–150m),7.5,,0.06,15.0,0.4,525.0,86.0,2450.0,-22.3,0.4,298.9,0.1,2.93,24.7,0.1,1.8,759.9,0.2,0.0,1.2,1225.0,26.6,7.38,Narail,Narail Sadar,23.17632,89.53808,2012-2013,NRNRLW-2_Medium (50–150m),26.977497640655777,FAIL
NRNRLW-2,Medium (50–150m),2.187245,1.0499999999999998,0.13,0.0,62.39945,593.75,85.0,2537.5,-37.8,1.1124049999999999,451.4,0.01778,5.4265,28.60105,0.785005,0.9500000000000001,337.4525,0.26208,45.0,1.275,1616.0,26.9,7.8100000000000005,Narail,Narail Sadar,23.17634,89.52915,2020-2021,NRNRLW-2_Medium (50–150m),-10.455894361423704,FAIL
NRNRLW-2,Shallow (<50m),,,,,,,,,,,,,,,,,,,,,,,,,,,,2012-2013,NRNRLW-2_Shallow (<50m),,NO_DATA
NRNRLW-2,Shallow (<50m),,,,,,,,,,,,,,,,,,,,,,,,,,,,2020-2021,NRNRLW-2_Shallow (<50m),,NO_DATA
NRNRLW-3,Deep (>150m),,,,,,,,,,,,,,,,,,,,,,,,,,,,2012-2013,NRNRLW-3_Deep (>150m),,NO_DATA
NRNRLW-3,Deep (>150m),,,,,,,,,,,,,,,,,,,,,,,,,,,,2020-2021,NRNRLW-3_Deep (>150m),,NO_DATA
NRNRLW-3,Medium (50–150m),7.5,,0.08,21.0,1.08,575.0,92.0,2680.0,-7.4,0.1,237.9,0.13,3.79,58.72,0.1,1.3,786.7,0.22,0.0,1.4,1338.0,25.9,7.05,Narail,Narail Sadar,23.17841,89.52922,2012-2013,NRNRLW-3_Medium (50–150m),30.57855726864703,FAIL
NRNRLW-3,Medium (50–150m),2.04913,0.25,0.11,0.0,102.9515,630.35,91.0,2871.5,9.350000000000001,3.650295,411.75,0.087325,7.08525,47.6112,1.3157800000000002,1.15,383.3625,0.18195,45.5,1.445,1806.0,26.65,7.65,Narail,Narail Sadar,23.17995,89.55694,2020-2021,NRNRLW-3_Medium (50–150m),1.1451522993231316,PASS
NRNRLW-3,Shallow (<50m),,,,,,,,,,,,,,,,,,,,,,,,,,,,2012-2013,NRNRLW-3_Shallow (<50m),,NO_DATA
NRNRLW-3,Shallow (<50m),,,,,,,,,,,,,,,,,,,,,,,,,,,,2020-2021,NRNRLW-3_Shallow (<50m),,NO_DATA
NRNRLW-4,Deep (>150m),,,,,,,,,,,,,,,,,,,,,,,,,,,,2012-2013,NRNRLW-4_Deep (>150m),,NO_DATA
NRNRLW-4,Deep (>150m),,,,,,,,,,,,,,,,,,,,,,,,,,,,2020-2021,NRNRLW-4_Deep (>150m),,NO_DATA
NRNRLW-4,Medium (50–150m),7.5,,0.06,18.0,29.06,747.5,92.0,3030.0,-21.5,1.3,189.1,0.08,2.69,49.36,0.0,1.4,1132.4,0.39,0.0,1.6,1513.0,25.2,7.36,Narail,Narail Sadar,23.18002,89.54744,2012-2013,NRNRLW-4_Medium (50–150m),37.7222434821194,FAIL
NRNRLW-4,Medium (50–150m),4.17656,0.8,0.195,18.0,92.31784999999999,1111.3,91.0,2989.5,59.75,0.913255,356.85,0.048485,6.360849999999999,38.9328,0.909605,1.15,672.486,0.40879,43.0,1.475,1865.0,28.075000000000003,7.390000000000001,Narail,Narail Sadar,23.18003,89.54742,2020-2021,NRNRLW-4_Medium (50–150m),-1.8818226295668508,PASS
NRNRLW-4,Shallow (<50m),,,,,,,,,,,,,,,,,,,,,,,,,,,,2012-2013,NRNRLW-4_Shallow (<50m),,NO_DATA
NRNRLW-4,Shallow (<50m),,,,,,,,,,,,,,,,,,,,,,,,,,,,2020-2021,NRNRLW-4_Shallow (<50m),,NO_DATA
NRNRLW-5,Deep (>150m),,,,,,,,,,,,,,,,,,,,,,,,,,,,2012-2013,NRNRLW-5_Deep (>150m),,NO_DATA
NRNRLW-5,Deep (>150m),,,,,,,,,,,,,,,,,,,,,,,,,,,,2020-2021,NRNRLW-5_Deep (>150m),,NO_DATA
NRNRLW-5,Medium (50–150m),7.5,,0.12,6.0,57.58,975.0,86.0,3470.0,-25.3,0.6,164.7,0.18,4.54,77.86,0.0,1.6,975.3,0.12,17.0,1.8,1737.0,25.7,7.45,Narail,Narail Sadar,23.17999,89.55697,2012-2013,NRNRLW-5_Medium (50–150m),25.484824125037676,FAIL
NRNRLW-5,Medium (50–150m),2.322925,0.6,0.15000000000000002,12.0,107.5125,878.3,85.0,2702.0,35.7,1.52339,310.55,0.08616,10.69725,42.9202,1.2761900000000002,1.2999999999999998,560.195,0.45335,26.0,1.31,1685.5,27.415,7.494999999999999,Narail,Narail Sadar,23.17999,89.55686,2020-2021,NRNRLW-5_Medium (50–150m),4.340557159136998,PASS
NRNRLW-5,Shallow (<50m),,,,,,,,,,,,,,,,,,,,,,,,,,,,2012-2013,NRNRLW-5_Shallow (<50m),,NO_DATA
NRNRLW-5,Shallow (<50m),,,,,,,,,,,,,,,,,,,,,,,,,,,,2020-2021,NRNRLW-5_Shallow (<50m),,NO_DATA
PKGCPZ-1,Deep (>150m),,,,,,,,,,,,,,,,,,,,,,,,,,,,2012-2013,PKGCPZ-1_Deep (>150m),,NO_DATA
PKGCPZ-1,Deep (>150m),,,,,,,,,,,,,,,,,,,,,,,,,,,,2020-2021,PKGCPZ-1_Deep (>150m),,NO_DATA
PKGCPZ-1,Medium (50–150m),,,,,,,,,,,,,,,,,,,,,,,,,,,,2012-2013,PKGCPZ-1_Medium (50–150m),,NO_DATA
PKGCPZ-1,Medium (50–150m),,,,,,,,,,,,,,,,,,,,,,,,,,,,2020-2021,PKGCPZ-1_Medium (50–150m),,NO_DATA
PKGCPZ-1,Shallow (<50m),47.5,0.55,0.24000000000000002,3.75,42.06,220.0,24.0,1506.5,-62.650000000000006,1.77,491.3,0.47,8.43,38.955,0.3975,2.4477,377.35,1.7435,16.215,0.845,850.05,27.700000000000003,8.08,Patuakhali,Galachipa,22.15796,90.408,2012-2013,PKGCPZ-1_Shallow (<50m),19.543735937579125,FAIL
PKGCPZ-1,Shallow (<50m),7.829055,1.1,0.07,12.0,58.89607,530.9,27.0,3390.5,-63.55,3.5453799999999998,263.1,0.13137500000000002,10.894,29.58242,1.07643,1.4,223.41434999999998,0.415,5.0595,1.815,2190.0,27.3,7.52,Patuakhali,Galachipa,22.15796,90.408,2020-2021,PKGCPZ-1_Shallow (<50m),-12.135660390107903,FAIL
PKGCPZ-2,Deep (>150m),,,,,,,,,,,,,,,,,,,,,,,,,,,,2012-2013,PKGCPZ-2_Deep (>150m),,NO_DATA
PKGCPZ-2,Deep (>150m),,,,,,,,,,,,,,,,,,,,,,,,,,,,2020-2021,PKGCPZ-2_Deep (>150m),,NO_DATA
PKGCPZ-2,Medium (50–150m),1.25,1.35,0.325,1.5,58.36,4103.75,91.0,10840.0,-40.25,3.46,225.70000000000002,0.385,17.175,50.785000000000004,0.45,15.9134,327.4,0.3212,4.015000000000001,5.755000000000001,5752.0,27.9,7.73,Patuakhali,Galachipa,22.15796,90.40798,2012-2013,PKGCPZ-2_Medium (50–150m),-69.08665625747169,FAIL
PKGCPZ-2,Medium (50–150m),4.189445,1.25,0.125,12.0,96.69175,612.1,91.0,1438.0,-49.6,1.830245,369.3,0.139875,6.78345,41.68155,0.07135,1.15,261.44565,2.935,6.9205,0.72,937.5,26.75,7.465,Patuakhali,Galachipa,22.15796,90.40798,2020-2021,PKGCPZ-2_Medium (50–150m),-9.36088563527814,PASS
PKGCPZ-2,Shallow (<50m),,,,,,,,,,,,,,,,,,,,,,,,,,,,2012-2013,PKGCPZ-2_Shallow (<50m),,NO_DATA
PKGCPZ-2,Shallow (<50m),,,,,,,,,,,,,,,,,,,,,,,,,,,,2020-2021,PKGCPZ-2_Shallow (<50m),,NO_DATA
PKGCPZ-3,Deep (>150m),1.25,0.9500000000000001,0.28,0.75,81.43,3030.0,180.0,9375.0,-59.15,2.52,256.2,0.615,11.963,42.519999999999996,0.02025,11.6805,483.095,0.5429,6.705,5.307,5294.95,28.950000000000003,8.030000000000001,Patuakhali,Galachipa,22.15796,90.40797,2012-2013,PKGCPZ-3_Deep (>150m),-51.309253486028716,FAIL
PKGCPZ-3,Deep (>150m),12.6311,1.0,0.07500000000000001,18.0,63.510549999999995,917.5,180.0,5972.5,-22.3,3.7871749999999995,393.45000000000005,0.13789,20.4055,40.24505,0.14939,1.7,689.5195,1.555,1.73,3.175,3808.0,27.25,7.375,Patuakhali,Galachipa,22.15796,90.40797,2020-2021,PKGCPZ-3_Deep (>150m),5.836937794510465,PASS
PKGCPZ-3,Medium (50–150m),,,,,,,,,,,,,,,,,,,,,,,,,,,,2012-2013,PKGCPZ-3_Medium (50–150m),,NO_DATA
PKGCPZ-3,Medium (50–150m),,,,,,,,,,,,,,,,,,,,,,,,,,,,2020-2021,PKGCPZ-3_Medium (50–150m),,NO_DATA
PKGCPZ-3,Shallow (<50m),,,,,,,,,,,,,,,,,,,,,,,,,,,,2012-2013,PKGCPZ-3_Shallow (<50m),,NO_DATA
PKGCPZ-3,Shallow (<50m),,,,,,,,,,,,,,,,,,,,,,,,,,,,2020-2021,PKGCPZ-3_Shallow (<50m),,NO_DATA
PKGCPZ-4,Deep (>150m),2.5,0.6,0.32,3.0,7.432,47.5,330.0,865.0,-52.2,1.08,347.7,0.26,4.46,2.227,0.48,0.4206,224.3,2.6984,4.06,0.493,493.1,26.3,7.81,Patuakhali,Galachipa,22.158,90.40791,2012-2013,PKGCPZ-4_Deep (>150m),17.791107023153433,FAIL
PKGCPZ-4,Deep (>150m),36.9724,1.15,0.115,42.0,128.9325,370.45,329.0,4322.0,-63.599999999999994,3.4526649999999997,634.4,0.13162,12.027999999999999,36.30515,0.283665,2.1,259.6725,2.5,58.2885,2.315,2768.5,27.625,7.7749999999999995,Patuakhali,Galachipa,22.15796,90.408,2020-2021,PKGCPZ-4_Deep (>150m),-5.397175874163425,PASS
PKGCPZ-4,Medium (50–150m),,,,,,,,,,,,,,,,,,,,,,,,,,,,2012-2013,PKGCPZ-4_Medium (50–150m),,NO_DATA
PKGCPZ-4,Medium (50–150m),,,,,,,,,,,,,,,,,,,,,,,,,,,,2020-2021,PKGCPZ-4_Medium (50–150m),,NO_DATA
PKGCPZ-4,Shallow (<50m),,,,,,,,,,,,,,,,,,,,,,,,,,,,2012-2013,PKGCPZ-4_Shallow (<50m),,NO_DATA
PKGCPZ-4,Shallow (<50m),,,,,,,,,,,,,,,,,,,,,,,,,,,,2020-2021,PKGCPZ-4_Shallow (<50m),,NO_DATA
PKKLLW-1,Deep (>150m),,,,,,,,,,,,,,,,,,,,,,,,,,,,2012-2013,PKKLLW-1_Deep (>150m),,NO_DATA
PKKLLW-1,Deep (>150m),,,,,,,,,,,,,,,,,,,,,,,,,,,,2020-2021,PKKLLW-1_Deep (>150m),,NO_DATA
PKKLLW-1,Medium (50–150m),0.0,,0.5549999999999999,21.0,67.025,166.5,91.0,946.0,-88.65,2.3499999999999996,204.35,0.885,2.763,28.35,0.4,0.25,33.75,0.86,0.5,0.52,530.3399999999999,28.25,8.45,Patuakhali,Kalapara,21.98122,90.21759,2012-2013,PKKLLW-1_Medium (50–150m),-9.1413005577864,PASS
PKKLLW-1,Medium (50–150m),0.26938,0.85,0.10500000000000001,12.0,42.8018,259.6,91.0,1359.0,14.150000000000002,1.8875,329.4,0.10789,6.5687999999999995,30.84765,0.156385,1.55,151.64249999999998,0.835,2.325,0.505,832.5,27.7,7.334999999999999,Patuakhali,Kalapara,21.98113,90.217675,2020-2021,PKKLLW-1_Medium (50–150m),-6.909873922709911,PASS
PKKLLW-1,Shallow (<50m),,,,,,,,,,,,,,,,,,,,,,,,,,,,2012-2013,PKKLLW-1_Shallow (<50m),,NO_DATA
PKKLLW-1,Shallow (<50m),,,,,,,,,,,,,,,,,,,,,,,,,,,,2020-2021,PKKLLW-1_Shallow (<50m),,NO_DATA
PKKLLW-2,Deep (>150m),,,,,,,,,,,,,,,,,,,,,,,,,,,,2012-2013,PKKLLW-2_Deep (>150m),,NO_DATA
PKKLLW-2,Deep (>150m),,,,,,,,,,,,,,,,,,,,,,,,,,,,2020-2021,PKKLLW-2_Deep (>150m),,NO_DATA
PKKLLW-2,Medium (50–150m),0.0,,0.485,12.0,72.4,169.5,91.0,1086.0,-76.89999999999999,4.8,219.6,0.785,3.4695,36.675,0.2,0.35,190.7,0.86,2.0,0.55,591.105,27.200000000000003,8.305,Patuakhali,Kalapara,21.97402,90.21102,2012-2013,PKKLLW-2_Medium (50–150m),26.361055727373646,FAIL
PKKLLW-2,Medium (50–150m),3.557255,0.6499999999999999,0.165,6.0,83.706,896.95,91.0,1679.0,25.650000000000002,2.8062699999999996,242.89999999999998,0.15558,22.5375,28.9284,0.5854550000000001,5.9,412.355,1.285,10.56,0.765,1036.0,27.025,7.455,Patuakhali,Kalapara,21.974,90.211,2020-2021,PKKLLW-2_Medium (50–150m),-8.439296784282726,PASS
PKKLLW-2,Shallow (<50m),,,,,,,,,,,,,,,,,,,,,,,,,,,,2012-2013,PKKLLW-2_Shallow (<50m),,NO_DATA
PKKLLW-2,Shallow (<50m),,,,,,,,,,,,,,,,,,,,,,,,,,,,2020-2021,PKKLLW-2_Shallow (<50m),,NO_DATA
PKKLLW-3,Deep (>150m),,,,,,,,,,,,,,,,,,,,,,,,,,,,2012-2013,PKKLLW-3_Deep (>150m),,NO_DATA
PKKLLW-3,Deep (>150m),,,,,,,,,,,,,,,,,,,,,,,,,,,,2020-2021,PKKLLW-3_Deep (>150m),,NO_DATA
PKKLLW-3,Medium (50–150m),0.0,,0.44,6.0,311.725,1790.0,116.0,4185.0,-46.65,4.5,109.8,0.71,10.8285,238.60000000000002,0.45,0.44999999999999996,90.55,0.29,5.5,2.25,2278.6,27.2,7.869999999999999,Patuakhali,Kalapara,21.96984,90.20621,2012-2013,PKKLLW-3_Medium (50–150m),-14.139364206339991,FAIL
PKKLLW-3,Medium (50–150m),3.440885,0.95,0.135,0.0,192.34550000000002,1380.9,116.0,4340.5,4.550000000000004,5.83075,222.65,0.183365,17.5485,44.57275,0.089175,1.05,592.838,0.415,2.3845,2.19,2711.5,27.35,7.595,Patuakhali,Kalapara,21.9698,90.2062,2020-2021,PKKLLW-3_Medium (50–150m),-3.5983873796362054,PASS
PKKLLW-3,Shallow (<50m),,,,,,,,,,,,,,,,,,,,,,,,,,,,2012-2013,PKKLLW-3_Shallow (<50m),,NO_DATA
PKKLLW-3,Shallow (<50m),,,,,,,,,,,,,,,,,,,,,,,,,,,,2020-2021,PKKLLW-3_Shallow (<50m),,NO_DATA
PKKLLW-4,Deep (>150m),,,,,,,,,,,,,,,,,,,,,,,,,,,,2012-2013,PKKLLW-4_Deep (>150m),,NO_DATA
PKKLLW-4,Deep (>150m),,,,,,,,,,,,,,,,,,,,,,,,,,,,2020-2021,PKKLLW-4_Deep (>150m),,NO_DATA
PKKLLW-4,Medium (50–150m),0.0,,0.43000000000000005,15.0,51.0,320.0,82.0,1361.0,-72.1,2.7,198.25,0.6900000000000001,4.075,17.1,0.30000000000000004,0.75,89.15,0.345,2.0,0.74,740.835,27.299999999999997,8.2,Patuakhali,Kalapara,21.9636,90.19597,2012-2013,PKKLLW-4_Medium (50–150m),-22.97692734740243,FAIL
PKKLLW-4,Medium (50–150m),4.643985,0.5,0.15000000000000002,18.0,18.05918,276.95,82.0,1189.5,-22.900000000000002,4.880274999999999,271.45,0.20394500000000002,18.4775,37.1113,0.23102,1.1,194.43200000000002,0.35,2.876,0.575,751.0,27.965,7.715,Patuakhali,Kalapara,21.9636,90.196,2020-2021,PKKLLW-4_Medium (50–150m),0.4571242138689628,PASS
PKKLLW-4,Shallow (<50m),,,,,,,,,,,,,,,,,,,,,,,,,,,,2012-2013,PKKLLW-4_Shallow (<50m),,NO_DATA
PKKLLW-4,Shallow (<50m),,,,,,,,,,,,,,,,,,,,,,,,,,,,2020-2021,PKKLLW-4_Shallow (<50m),,NO_DATA
PKKLLW-5,Deep (>150m),,,,,,,,,,,,,,,,,,,,,,,,,,,,2012-2013,PKKLLW-5_Deep (>150m),,NO_DATA
PKKLLW-5,Deep (>150m),,,,,,,,,,,,,,,,,,,,,,,,,,,,2020-2021,PKKLLW-5_Deep (>150m),,NO_DATA
PKKLLW-5,Medium (50–150m),0.0,,0.48,9.0,221.625,1720.0,86.0,4079.0,-62.6,5.5,176.9,0.7649999999999999,7.096,105.25,0.35,0.65,521.8,0.33999999999999997,1.0,2.3,2305.6000000000004,27.35,8.095,Patuakhali,Kalapara,21.95964,90.19084,2012-2013,PKKLLW-5_Medium (50–150m),-9.461932958872907,PASS
PKKLLW-5,Medium (50–150m),7.5291,1.3499999999999999,0.2,18.0,16.944785,374.4,85.0,2071.5,-2.5,4.78339,326.35,0.15506999999999999,54.3155,20.195805,0.23277,3.5,237.9885,0.64,3.662,1.045,1317.0,27.2,7.305,Patuakhali,Kalapara,21.9596,90.1908,2020-2021,PKKLLW-5_Medium (50–150m),-7.183996225937722,PASS
PKKLLW-5,Shallow (<50m),,,,,,,,,,,,,,,,,,,,,,,,,,,,2012-2013,PKKLLW-5_Shallow (<50m),,NO_DATA
PKKLLW-5,Shallow (<50m),,,,,,,,,,,,,,,,,,,,,,,,,,,,2020-2021,PKKLLW-5_Shallow (<50m),,NO_DATA
PKKLPZ-1,Deep (>150m),,,,,,,,,,,,,,,,,,,,,,,,,,,,2012-2013,PKKLPZ-1_Deep (>150m),,NO_DATA
PKKLPZ-1,Deep (>150m),,,,,,,,,,,,,,,,,,,,,,,,,,,,2020-2021,PKKLPZ-1_Deep (>150m),,NO_DATA
PKKLPZ-1,Medium (50–150m),,,,,,,,,,,,,,,,,,,,,,,,,,,,2012-2013,PKKLPZ-1_Medium (50–150m),,NO_DATA
PKKLPZ-1,Medium (50–150m),,,,,,,,,,,,,,,,,,,,,,,,,,,,2020-2021,PKKLPZ-1_Medium (50–150m),,NO_DATA
PKKLPZ-1,Shallow (<50m),142.5,2.4000000000000004,0.27,1.5,71.195,11600.0,24.0,27200.0,-32.050000000000004,7.34,347.7,0.485,20.015,61.72,0.22949999999999998,38.92,440.4,1.0750000000000002,5.96,16.15,14790.0,27.9,7.529999999999999,Patuakhali,Kalapara,21.8293,90.12002,2012-2013,PKKLPZ-1_Shallow (<50m),-84.22798516453533,FAIL
PKKLPZ-1,Shallow (<50m),39.76245,0.8,0.45,18.0,805.8435,7966.4,24.0,18023.5,-31.549999999999997,6.356635,277.55,0.04058,206.533,177.6893,1.715085,3.95,2891.955,2.44,21.7025,13.49,8252.0,26.689999999999998,7.795,Patuakhali,Kalapara,22.46576,90.38599,2020-2021,PKKLPZ-1_Shallow (<50m),-10.619282105936453,FAIL
PKKLPZ-2,Deep (>150m),,,,,,,,,,,,,,,,,,,,,,,,,,,,2012-2013,PKKLPZ-2_Deep (>150m),,NO_DATA
PKKLPZ-2,Deep (>150m),,,,,,,,,,,,,,,,,,,,,,,,,,,,2020-2021,PKKLPZ-2_Deep (>150m),,NO_DATA
PKKLPZ-2,Medium (50–150m),0.0,1.3,0.21000000000000002,0.0,158.97000000000003,12318.0,121.0,30100.0,-11.1,7.5600000000000005,301.95,0.45999999999999996,15.059999999999999,67.12,0.44,12.394649999999999,375.125,0.14465,625.22,10.0,16171.0,28.0,7.175000000000001,Patuakhali,Kalapara,21.82938,90.12004,2012-2013,PKKLPZ-2_Medium (50–150m),-84.62611468951347,FAIL
PKKLPZ-2,Medium (50–150m),0.255625,0.8500000000000001,0.13,24.0,176.5125,2704.2,122.0,11162.5,-86.14999999999999,0.37546,417.85,0.11708,66.7135,59.60695,0.291025,1.05,1400.1775,0.465,67.5,9.64,10599.0,26.85,8.025,Patuakhali,Kalapara,21.82938,90.12004,2020-2021,PKKLPZ-2_Medium (50–150m),-5.573697492281006,PASS
PKKLPZ-2,Shallow (<50m),,,,,,,,,,,,,,,,,,,,,,,,,,,,2012-2013,PKKLPZ-2_Shallow (<50m),,NO_DATA
PKKLPZ-2,Shallow (<50m),,,,,,,,,,,,,,,,,,,,,,,,,,,,2020-2021,PKKLPZ-2_Shallow (<50m),,NO_DATA
PKKLPZ-3,Deep (>150m),1.25,0.35,0.19,2.25,53.97,7708.5,180.0,19535.0,-30.25,1.195,344.65,0.445,2.885,31.13,0.0364,0.7674000000000001,137.82,0.89335,35.855,12.450000000000001,10244.5,27.9,7.42,Patuakhali,Kalapara,21.82942,90.12006,2012-2013,PKKLPZ-3_Deep (>150m),-90.33810055958628,FAIL
PKKLPZ-3,Deep (>150m),23.024199999999997,0.7,0.15000000000000002,18.0,161.0805,1746.25,180.0,12688.0,-87.39999999999999,0.40334,396.5,0.096745,67.579,57.06895,0.9454450000000001,1.7000000000000002,797.9559999999999,0.535,61.5,7.32,8889.55,26.85,8.04,Patuakhali,Kalapara,21.82942,90.12006,2020-2021,PKKLPZ-3_Deep (>150m),-7.911836217038178,PASS
PKKLPZ-3,Medium (50–150m),,,,,,,,,,,,,,,,,,,,,,,,,,,,2012-2013,PKKLPZ-3_Medium (50–150m),,NO_DATA
PKKLPZ-3,Medium (50–150m),,,,,,,,,,,,,,,,,,,,,,,,,,,,2020-2021,PKKLPZ-3_Medium (50–150m),,NO_DATA
PKKLPZ-3,Shallow (<50m),,,,,,,,,,,,,,,,,,,,,,,,,,,,2012-2013,PKKLPZ-3_Shallow (<50m),,NO_DATA
PKKLPZ-3,Shallow (<50m),,,,,,,,,,,,,,,,,,,,,,,,,,,,2020-2021,PKKLPZ-3_Shallow (<50m),,NO_DATA
PKKLPZ-4,Deep (>150m),1.25,1.25,0.32630000000000003,4.5,8.41,368.25,268.0,2120.0,-95.95,0.695,552.05,1.445,7.74,10.6,0.21565,,238.31,1.883,9.864999999999998,1.15,1156.5,28.4,7.675000000000001,Patuakhali,Kalapara,21.82944,90.12009,2012-2013,PKKLPZ-4_Deep (>150m),-25.0832849118165,FAIL
PKKLPZ-4,Deep (>150m),12.4702,1.15,0.13,18.0,4.919695,466.7,268.0,4250.0,-90.85,0.418585,741.15,0.12523,9.599450000000001,15.70815,0.098745,2.35,463.1425,2.935,22.1935,2.205,2704.5,26.515,7.875,Patuakhali,Kalapara,21.82944,90.12009,2020-2021,PKKLPZ-4_Deep (>150m),-9.402403616988991,PASS
PKKLPZ-4,Medium (50–150m),,,,,,,,,,,,,,,,,,,,,,,,,,,,2012-2013,PKKLPZ-4_Medium (50–150m),,NO_DATA
PKKLPZ-4,Medium (50–150m),,,,,,,,,,,,,,,,,,,,,,,,,,,,2020-2021,PKKLPZ-4_Medium (50–150m),,NO_DATA
PKKLPZ-4,Shallow (<50m),,,,,,,,,,,,,,,,,,,,,,,,,,,,2012-2013,PKKLPZ-4_Shallow (<50m),,NO_DATA
PKKLPZ-4,Shallow (<50m),,,,,,,,,,,,,,,,,,,,,,,,,,,,2020-2021,PKKLPZ-4_Shallow (<50m),,NO_DATA
PKPKLW-1,Deep (>150m),,,,,,,,,,,,,,,,,,,,,,,,,,,,2012-2013,PKPKLW-1_Deep (>150m),,NO_DATA
PKPKLW-1,Deep (>150m),,,,,,,,,,,,,,,,,,,,,,,,,,,,2020-2021,PKPKLW-1_Deep (>150m),,NO_DATA
PKPKLW-1,Medium (50–150m),3.75,,0.44999999999999996,15.0,194.60000000000002,1136.25,92.0,3210.0,-22.35,6.09,97.6,0.72,4.764,117.19999999999999,0.55,0.4,332.70000000000005,0.3,4.5,1.75,1719.4,29.0,7.075,Patuakhali,Patuakhali Sadar,22.3562,90.27092,2012-2013,PKPKLW-1_Medium (50–150m),-0.10507607629330744,PASS
PKPKLW-1,Medium (50–150m),0.81913,1.0,0.445,42.0,90.926,1212.6,91.0,8729.5,35.6,3.0947,545.95,0.17546,28.066499999999998,56.4925,0.22905999999999999,2.5,622.236,2.32,2.378,4.845,5582.0,26.6,7.664999999999999,Patuakhali,Patuakhali Sadar,22.356185,90.27102500000001,2020-2021,PKPKLW-1_Medium (50–150m),-9.321074991075703,PASS
PKPKLW-1,Shallow (<50m),,,,,,,,,,,,,,,,,,,,,,,,,,,,2012-2013,PKPKLW-1_Shallow (<50m),,NO_DATA
PKPKLW-1,Shallow (<50m),,,,,,,,,,,,,,,,,,,,,,,,,,,,2020-2021,PKPKLW-1_Shallow (<50m),,NO_DATA
PKPKLW-2,Deep (>150m),,,,,,,,,,,,,,,,,,,,,,,,,,,,2012-2013,PKPKLW-2_Deep (>150m),,NO_DATA
PKPKLW-2,Deep (>150m),,,,,,,,,,,,,,,,,,,,,,,,,,,,2020-2021,PKPKLW-2_Deep (>150m),,NO_DATA
PKPKLW-2,Medium (50–150m),3.75,,0.56,0.0,524.5250000000001,3650.0,92.0,9450.0,-5.5,4.295,42.7,0.875,4.5465,293.775,2.35,0.3,1439.15,0.5,0.5,5.35,5213.4,28.3,6.765,Patuakhali,Patuakhali Sadar,22.35936,90.28048,2012-2013,PKPKLW-2_Medium (50–150m),4.433336164743916,PASS
PKPKLW-2,Medium (50–150m),1.95078,0.5,0.41000000000000003,24.0,233.94549999999998,3748.25,91.0,8925.0,-72.85,5.7755849999999995,286.7,0.7636799999999999,21.486,65.88325,3.33066,2.05,1425.94,1.88,5.3025,5.02,5798.0,27.049999999999997,7.85,Patuakhali,Patuakhali Sadar,22.3594,90.2805,2020-2021,PKPKLW-2_Medium (50–150m),-16.418033426623577,FAIL
PKPKLW-2,Shallow (<50m),,,,,,,,,,,,,,,,,,,,,,,,,,,,2012-2013,PKPKLW-2_Shallow (<50m),,NO_DATA
PKPKLW-2,Shallow (<50m),,,,,,,,,,,,,,,,,,,,,,,,,,,,2020-2021,PKPKLW-2_Shallow (<50m),,NO_DATA
PKPKLW-3,Deep (>150m),,,,,,,,,,,,,,,,,,,,,,,,,,,,2012-2013,PKPKLW-3_Deep (>150m),,NO_DATA
PKPKLW-3,Deep (>150m),,,,,,,,,,,,,,,,,,,,,,,,,,,,2020-2021,PKPKLW-3_Deep (>150m),,NO_DATA
PKPKLW-3,Medium (50–150m),3.75,,0.53,3.0,405.225,3590.0,92.0,8305.0,-17.6,10.4,79.3,0.84,14.11,332.375,0.75,0.25,1105.55,0.48,0.5,4.65,4558.6,28.4,6.9350000000000005,Patuakhali,Patuakhali Sadar,22.36111,90.29214,2012-2013,PKPKLW-3_Medium (50–150m),-3.1484646797371627,PASS
PKPKLW-3,Medium (50–150m),4.2203800000000005,0.6499999999999999,0.56,12.0,117.37100000000001,1799.2,91.0,4441.0,-22.25,2.99451,234.3,0.16208,18.8745,41.0666,1.3941,2.15,957.095,1.17,1.0,0.92,2785.0,27.5,7.630000000000001,Patuakhali,Patuakhali Sadar,22.36108,90.29219,2020-2021,PKPKLW-3_Medium (50–150m),-3.3522287550827783,PASS
PKPKLW-3,Shallow (<50m),,,,,,,,,,,,,,,,,,,,,,,,,,,,2012-2013,PKPKLW-3_Shallow (<50m),,NO_DATA
PKPKLW-3,Shallow (<50m),,,,,,,,,,,,,,,,,,,,,,,,,,,,2020-2021,PKPKLW-3_Shallow (<50m),,NO_DATA
PKPKLW-4,Deep (>150m),,,,,,,,,,,,,,,,,,,,,,,,,,,,2012-2013,PKPKLW-4_Deep (>150m),,NO_DATA
PKPKLW-4,Deep (>150m),,,,,,,,,,,,,,,,,,,,,,,,,,,,2020-2021,PKPKLW-4_Deep (>150m),,NO_DATA
PKPKLW-4,Medium (50–150m),3.75,,0.425,0.0,393.0,3760.0,92.0,9880.0,-25.55,6.285,97.6,0.6699999999999999,16.11,351.525,0.5,0.75,1314.9,0.385,52.0,5.55,5459.4,28.05,7.165,Patuakhali,Patuakhali Sadar,22.36082,90.29803,2012-2013,PKPKLW-4_Medium (50–150m),-1.1037441585726664,PASS
PKPKLW-4,Medium (50–150m),0.62022,0.75,0.405,24.0,31.98401,286.5,91.0,848.0,0.5,0.108805,409.35,0.139295,6.13925,8.810755,0.0688,0.7,224.00850000000003,0.64,1.5295,0.365,548.5,27.689999999999998,7.664999999999999,Patuakhali,Patuakhali Sadar,22.3608,90.298,2020-2021,PKPKLW-4_Medium (50–150m),-12.28372488192291,FAIL
PKPKLW-4,Shallow (<50m),,,,,,,,,,,,,,,,,,,,,,,,,,,,2012-2013,PKPKLW-4_Shallow (<50m),,NO_DATA
PKPKLW-4,Shallow (<50m),,,,,,,,,,,,,,,,,,,,,,,,,,,,2020-2021,PKPKLW-4_Shallow (<50m),,NO_DATA
PKPKLW-5,Deep (>150m),,,,,,,,,,,,,,,,,,,,,,,,,,,,2012-2013,PKPKLW-5_Deep (>150m),,NO_DATA
PKPKLW-5,Deep (>150m),,,,,,,,,,,,,,,,,,,,,,,,,,,,2020-2021,PKPKLW-5_Deep (>150m),,NO_DATA
PKPKLW-5,Medium (50–150m),5.0,,0.395,15.0,252.25,2152.0,92.0,6008.0,-54.85,7.300000000000001,207.4,0.645,14.5825,197.725,0.6,0.35,1000.9,1.635,1.0,3.4,3323.96,28.15,7.67,Patuakhali,Patuakhali Sadar,22.36134,90.30849,2012-2013,PKPKLW-5_Medium (50–150m),6.079859782041402,PASS
PKPKLW-5,Medium (50–150m),0.0004,1.0,0.37,18.0,25.927010000000003,342.75,91.0,811.0,5.1,0.426205,348.5,0.17789,6.2036999999999995,22.362299999999998,0.08371,1.25,217.482,0.65,1.9425,0.365,506.5,27.25,7.645,Patuakhali,Patuakhali Sadar,22.3613,90.3085,2020-2021,PKPKLW-5_Medium (50–150m),-11.409543485875194,FAIL
PKPKLW-5,Shallow (<50m),,,,,,,,,,,,,,,,,,,,,,,,,,,,2012-2013,PKPKLW-5_Shallow (<50m),,NO_DATA
PKPKLW-5,Shallow (<50m),,,,,,,,,,,,,,,,,,,,,,,,,,,,2020-2021,PKPKLW-5_Shallow (<50m),,NO_DATA
PRBRLW-1,Deep (>150m),,,,,,,,,,,,,,,,,,,,,,,,,,,,2012-2013,PRBRLW-1_Deep (>150m),,NO_DATA
PRBRLW-1,Deep (>150m),,,,,,,,,,,,,,,,,,,,,,,,,,,,2020-2021,PRBRLW-1_Deep (>150m),,NO_DATA
PRBRLW-1,Medium (50–150m),7.5,,0.17,12.0,33.75,3730.0,89.0,10500.0,-59.3,2.7,323.3,0.3,1.744,195.55,0.6,14.3,1787.1,1.39,0.0,5.9,5880.0,28.4,7.99,Pirojpur,Bhandaria,22.48932,90.01292,2012-2013,PRBRLW-1_Medium (50–150m),-7.498103928131221,PASS
PRBRLW-1,Medium (50–150m),25.863599999999998,1.2000000000000002,0.14500000000000002,12.0,18.711195,777.85,88.0,2559.0,7.449999999999999,0.8378450000000001,610.0,0.196745,9.39895,20.5831,0.482535,1.65,513.1625,1.715,48.0595,1.255,1621.5,27.049999999999997,7.33,Pirojpur,Bhandaria,22.4893,90.0129,2020-2021,PRBRLW-1_Medium (50–150m),-13.949793881053196,FAIL
PRBRLW-1,Shallow (<50m),,,,,,,,,,,,,,,,,,,,,,,,,,,,2012-2013,PRBRLW-1_Shallow (<50m),,NO_DATA
PRBRLW-1,Shallow (<50m),,,,,,,,,,,,,,,,,,,,,,,,,,,,2020-2021,PRBRLW-1_Shallow (<50m),,NO_DATA
PRBRLW-2,Deep (>150m),,,,,,,,,,,,,,,,,,,,,,,,,,,,2012-2013,PRBRLW-2_Deep (>150m),,NO_DATA
PRBRLW-2,Deep (>150m),,,,,,,,,,,,,,,,,,,,,,,,,,,,2020-2021,PRBRLW-2_Deep (>150m),,NO_DATA
PRBRLW-2,Medium (50–150m),7.5,,0.05,0.0,44.23,136.0,86.0,702.0,-55.7,15.6,97.6,0.11,6.355,18.17,0.1,2.0,124.47,0.49,4.0,0.4,393.12,27.9,8.25,Pirojpur,Bhandaria,22.48942,90.02272,2012-2013,PRBRLW-2_Medium (50–150m),27.74338923265115,FAIL
PRBRLW-2,Medium (50–150m),1.142285,0.65,0.14500000000000002,24.0,65.456495,522.1,85.0,1607.5,29.0,0.9147700000000001,542.35,0.292325,39.9852,63.1379,0.370365,1.7,300.79200000000003,4.18,33.741,1.2850000000000001,1003.0,26.45,7.49,Pirojpur,Bhandaria,22.4894,90.0227,2020-2021,PRBRLW-2_Medium (50–150m),-5.55930096473944,PASS
PRBRLW-2,Shallow (<50m),,,,,,,,,,,,,,,,,,,,,,,,,,,,2012-2013,PRBRLW-2_Shallow (<50m),,NO_DATA
PRBRLW-2,Shallow (<50m),,,,,,,,,,,,,,,,,,,,,,,,,,,,2020-2021,PRBRLW-2_Shallow (<50m),,NO_DATA
PRBRLW-3,Deep (>150m),,,,,,,,,,,,,,,,,,,,,,,,,,,,2012-2013,PRBRLW-3_Deep (>150m),,NO_DATA
PRBRLW-3,Deep (>150m),,,,,,,,,,,,,,,,,,,,,,,,,,,,2020-2021,PRBRLW-3_Deep (>150m),,NO_DATA
PRBRLW-3,Medium (50–150m),7.5,,0.07,9.0,72.894,2600.0,89.0,6790.0,-13.1,2.1,244.0,0.12,29.491,160.54,0.2,12.0,794.75,0.75,0.0,3.9,3802.4,26.8,7.2,Pirojpur,Bhandaria,22.48883,90.03338,2012-2013,PRBRLW-3_Medium (50–150m),-19.674904249770105,FAIL
PRBRLW-3,Medium (50–150m),4.952615000000001,0.75,0.095,24.0,58.9568,781.2,88.0,1686.5,29.15,0.70529,512.4,0.12126999999999999,12.731,24.892599999999998,0.11122499999999999,2.1,477.8675,1.2,38.8375,0.885,1081.0,26.85,7.5649999999999995,Pirojpur,Bhandaria,22.4879,90.0424,2020-2021,PRBRLW-3_Medium (50–150m),-10.269667426483993,FAIL
PRBRLW-3,Shallow (<50m),,,,,,,,,,,,,,,,,,,,,,,,,,,,2012-2013,PRBRLW-3_Shallow (<50m),,NO_DATA
PRBRLW-3,Shallow (<50m),,,,,,,,,,,,,,,,,,,,,,,,,,,,2020-2021,PRBRLW-3_Shallow (<50m),,NO_DATA
PRBRLW-4,Deep (>150m),,,,,,,,,,,,,,,,,,,,,,,,,,,,2012-2013,PRBRLW-4_Deep (>150m),,NO_DATA
PRBRLW-4,Deep (>150m),,,,,,,,,,,,,,,,,,,,,,,,,,,,2020-2021,PRBRLW-4_Deep (>150m),,NO_DATA
PRBRLW-4,Medium (50–150m),0.0,,0.16,21.0,93.54,3250.0,86.0,8580.0,-17.5,13.7,451.4,0.27,1.412,187.7,1.4,12.5,877.65,4.68,0.0,4.9,4804.8,28.3,7.26,Pirojpur,Bhandaria,22.4879,90.04235,2012-2013,PRBRLW-4_Medium (50–150m),-25.946997030359093,FAIL
PRBRLW-4,Medium (50–150m),9.9225,0.95,0.15000000000000002,24.0,52.9302,431.7,85.0,2110.5,39.1,4.463475,665.55,0.20848499999999998,16.429,51.0132,0.38649,2.1,224.2,3.236,28.3085,1.02,1320.5,24.564999999999998,7.49,Pirojpur,Bhandaria,22.4879,90.0424,2020-2021,PRBRLW-4_Medium (50–150m),-17.763767493437168,FAIL
PRBRLW-4,Shallow (<50m),,,,,,,,,,,,,,,,,,,,,,,,,,,,2012-2013,PRBRLW-4_Shallow (<50m),,NO_DATA
PRBRLW-4,Shallow (<50m),,,,,,,,,,,,,,,,,,,,,,,,,,,,2020-2021,PRBRLW-4_Shallow (<50m),,NO_DATA
PRBRLW-5,Deep (>150m),,,,,,,,,,,,,,,,,,,,,,,,,,,,2012-2013,PRBRLW-5_Deep (>150m),,NO_DATA
PRBRLW-5,Deep (>150m),,,,,,,,,,,,,,,,,,,,,,,,,,,,2020-2021,PRBRLW-5_Deep (>150m),,NO_DATA
PRBRLW-5,Medium (50–150m),12.5,,0.4,18.0,101.0,8250.0,89.0,20300.0,-1.0,6.5,378.2,0.64,6.682,567.45,0.4,41.6,3153.2,0.76,0.0,12.1,10160.0,27.5,7.11,Pirojpur,Bhandaria,22.48625,90.04937,2012-2013,PRBRLW-5_Medium (50–150m),-11.848046749367342,FAIL
PRBRLW-5,Medium (50–150m),8.3982,1.65,0.15000000000000002,18.0,42.87825,391.55,88.0,1680.5,12.75,2.200965,503.35,0.33523000000000003,20.1565,27.096,0.09642500000000001,2.3,281.235,4.087,15.021,0.81,1054.5,27.35,7.5249999999999995,Pirojpur,Bhandaria,22.4863,90.0494,2020-2021,PRBRLW-5_Medium (50–150m),-8.442814676630148,PASS
PRBRLW-5,Shallow (<50m),,,,,,,,,,,,,,,,,,,,,,,,,,,,2012-2013,PRBRLW-5_Shallow (<50m),,NO_DATA
PRBRLW-5,Shallow (<50m),,,,,,,,,,,,,,,,,,,,,,,,,,,,2020-2021,PRBRLW-5_Shallow (<50m),,NO_DATA
PRBRPZ-1,Deep (>150m),,,,,,,,,,,,,,,,,,,,,,,,,,,,2012-2013,PRBRPZ-1_Deep (>150m),,NO_DATA
PRBRPZ-1,Deep (>150m),,,,,,,,,,,,,,,,,,,,,,,,,,,,2020-2021,PRBRPZ-1_Deep (>150m),,NO_DATA
PRBRPZ-1,Medium (50–150m),,,,,,,,,,,,,,,,,,,,,,,,,,,,2012-2013,PRBRPZ-1_Medium (50–150m),,NO_DATA
PRBRPZ-1,Medium (50–150m),,,,,,,,,,,,,,,,,,,,,,,,,,,,2020-2021,PRBRPZ-1_Medium (50–150m),,NO_DATA
PRBRPZ-1,Shallow (<50m),27.5,0.9,0.5700000000000001,5.25,94.92,2506.25,27.0,9215.0,-64.0,0.09,674.05,0.865,21.244999999999997,138.315,0.12334999999999999,7.78443,910.81,1.7729,26.055,5.15,4700.0,27.15,8.174999999999999,Pirojpur,Bhandaria,22.47583,90.07568,2012-2013,PRBRPZ-1_Shallow (<50m),-18.96774257064974,FAIL
PRBRPZ-1,Shallow (<50m),25.859700000000004,1.35,0.18,74.0,254.60700000000003,2560.55,27.0,8437.0,-33.35,0.2903,1384.6999999999998,0.15218500000000001,71.248,109.6309,0.111915,3.3499999999999996,1505.895,3.5810000000000004,61.0,4.755,5378.5,27.715,7.710000000000001,Pirojpur,Bhandaria,22.47583,90.07568,2020-2021,PRBRPZ-1_Shallow (<50m),-5.192050126304114,PASS
PRBRPZ-2,Deep (>150m),1.25,1.8,0.525,1.5,20.003500000000003,9750.0,164.0,24200.0,-36.7,6.405,402.6,1.0050000000000001,7.6075,34.3,0.013575,13.327100000000002,379.45,0.21265,4.32,14.3,12011.0,28.1,7.635,Pirojpur,Bhandaria,22.47582,90.07575,2012-2013,PRBRPZ-2_Deep (>150m),-86.29094887981901,FAIL
PRBRPZ-2,Deep (>150m),0.01275,1.75,0.13,24.0,77.92804,5148.05,165.0,23089.0,-56.95,4.05869,502.7,0.146745,51.13,62.5503,0.11638000000000001,4.4,2844.7999999999997,0.99,5.5,13.5,14308.5,27.475,7.83,Pirojpur,Bhandaria,22.47582,90.07575,2020-2021,PRBRPZ-2_Deep (>150m),-7.007010273450865,PASS
PRBRPZ-2,Medium (50–150m),,,,,,,,,,,,,,,,,,,,,,,,,,,,2012-2013,PRBRPZ-2_Medium (50–150m),,NO_DATA
PRBRPZ-2,Medium (50–150m),,,,,,,,,,,,,,,,,,,,,,,,,,,,2020-2021,PRBRPZ-2_Medium (50–150m),,NO_DATA
PRBRPZ-2,Shallow (<50m),,,,,,,,,,,,,,,,,,,,,,,,,,,,2012-2013,PRBRPZ-2_Shallow (<50m),,NO_DATA
PRBRPZ-2,Shallow (<50m),,,,,,,,,,,,,,,,,,,,,,,,,,,,2020-2021,PRBRPZ-2_Shallow (<50m),,NO_DATA
PRBRPZ-3,Deep (>150m),1.25,1.25,0.4,1.5,84.5,2312.5,253.0,8035.0,-66.55,3.785,195.1,0.35,16.435000000000002,89.69,0.100375,22.27025,859.725,0.13055,4.895,4.6,4225.0,28.35,8.15,Pirojpur,Bhandaria,22.47578,90.07576,2012-2013,PRBRPZ-3_Deep (>150m),-16.36188538823876,FAIL
PRBRPZ-3,Deep (>150m),13.411299999999999,0.15,0.253,30.0,88.08994999999999,690.55,253.0,2634.0,-71.75,5.838939999999999,589.4,0.32171,47.83,47.74535,0.472445,2.15,413.388,0.89,32.751,0.54,754.5,27.015,7.915000000000001,Pirojpur,Bhandaria,22.47578,90.07576,2020-2021,PRBRPZ-3_Deep (>150m),-5.331720576618576,PASS
PRBRPZ-3,Medium (50–150m),,,,,,,,,,,,,,,,,,,,,,,,,,,,2012-2013,PRBRPZ-3_Medium (50–150m),,NO_DATA
PRBRPZ-3,Medium (50–150m),,,,,,,,,,,,,,,,,,,,,,,,,,,,2020-2021,PRBRPZ-3_Medium (50–150m),,NO_DATA
PRBRPZ-3,Shallow (<50m),,,,,,,,,,,,,,,,,,,,,,,,,,,,2012-2013,PRBRPZ-3_Shallow (<50m),,NO_DATA
PRBRPZ-3,Shallow (<50m),,,,,,,,,,,,,,,,,,,,,,,,,,,,2020-2021,PRBRPZ-3_Shallow (<50m),,NO_DATA
PRBRPZ-4,Deep (>150m),25.0,2.05,0.275,2.25,72.305,1812.5,335.0,6460.0,-67.9,6.46,292.79999999999995,0.42,9.43,34.58,0.49,3.01985,642.15,0.27565,3.28,3.5,3300.0,28.549999999999997,8.165000000000001,Pirojpur,Bhandaria,22.47588,90.07591,2012-2013,PRBRPZ-4_Deep (>150m),-23.34918300120833,FAIL
PRBRPZ-4,Deep (>150m),13.36982,0.85,0.20500000000000002,18.0,153.7825,2107.05,316.0,7174.5,12.524999999999999,3.134635,491.15,0.21848499999999998,34.967999999999996,62.375600000000006,3.74047,4.55,1182.42,2.51,21.979,3.745,4413.0,27.275,7.845,Pirojpur,Bhandaria,22.47578,90.07581,2020-2021,PRBRPZ-4_Deep (>150m),-2.4689201738844693,PASS
PRBRPZ-4,Medium (50–150m),,,,,,,,,,,,,,,,,,,,,,,,,,,,2012-2013,PRBRPZ-4_Medium (50–150m),,NO_DATA
PRBRPZ-4,Medium (50–150m),,,,,,,,,,,,,,,,,,,,,,,,,,,,2020-2021,PRBRPZ-4_Medium (50–150m),,NO_DATA
PRBRPZ-4,Shallow (<50m),,,,,,,,,,,,,,,,,,,,,,,,,,,,2012-2013,PRBRPZ-4_Shallow (<50m),,NO_DATA
PRBRPZ-4,Shallow (<50m),,,,,,,,,,,,,,,,,,,,,,,,,,,,2020-2021,PRBRPZ-4_Shallow (<50m),,NO_DATA
PRBRPZ-5,Deep (>150m),10.0,1.35,0.16999999999999998,1.5,79.31,3462.5,316.0,10705.0,-65.8,3.585,204.35000000000002,0.425,18.97,100.88499999999999,0.155,7.058999999999999,1278.4,0.1496,5.295,6.05,5470.0,28.9,8.195,Pirojpur,Bhandaria,22.47515,90.07546,2012-2013,PRBRPZ-5_Deep (>150m),-19.323503552471326,FAIL
PRBRPZ-5,Deep (>150m),1.994875,2.55,0.22,12.0,144.67149999999998,3153.35,335.0,10443.0,-42.449999999999996,11.22345,394.1,0.146745,30.168,59.66765,1.87375,5.699999999999999,1608.7350000000001,0.895,8.0435,5.6850000000000005,6546.5,28.365000000000002,8.2,Pirojpur,Bhandaria,22.475,90.07554,2020-2021,PRBRPZ-5_Deep (>150m),-7.102409884214078,PASS
PRBRPZ-5,Medium (50–150m),,,,,,,,,,,,,,,,,,,,,,,,,,,,2012-2013,PRBRPZ-5_Medium (50–150m),,NO_DATA
PRBRPZ-5,Medium (50–150m),,,,,,,,,,,,,,,,,,,,,,,,,,,,2020-2021,PRBRPZ-5_Medium (50–150m),,NO_DATA
PRBRPZ-5,Shallow (<50m),,,,,,,,,,,,,,,,,,,,,,,,,,,,2012-2013,PRBRPZ-5_Shallow (<50m),,NO_DATA
PRBRPZ-5,Shallow (<50m),,,,,,,,,,,,,,,,,,,,,,,,,,,,2020-2021,PRBRPZ-5_Shallow (<50m),,NO_DATA
SKSKPZ-1,Deep (>150m),100.0,0.0,0.53,0.75,154.9,800.0,152.0,2765.0,-13.799999999999997,5.12,247.05,0.99,9.655000000000001,24.529999999999998,0.55,4.25,436.70000000000005,0.2664,8.5,1.5499999999999998,1576.2,28.15,6.915,Satkhira,Satkhira Sadar,22.6375,89.12613,2012-2013,SKSKPZ-1_Deep (>150m),4.102745265832626,PASS
SKSKPZ-1,Deep (>150m),,,,,,,,,,,,,,,,,,,,,,,,,,,,2020-2021,SKSKPZ-1_Deep (>150m),,NO_DATA
SKSKPZ-1,Medium (50–150m),,,,,,,,,,,,,,,,,,,,,,,,,,,,2012-2013,SKSKPZ-1_Medium (50–150m),,NO_DATA
SKSKPZ-1,Medium (50–150m),,,,,,,,,,,,,,,,,,,,,,,,,,,,2020-2021,SKSKPZ-1_Medium (50–150m),,NO_DATA
SKSKPZ-1,Shallow (<50m),,,,,,,,,,,,,,,,,,,,,,,,,,,,2012-2013,SKSKPZ-1_Shallow (<50m),,NO_DATA
SKSKPZ-1,Shallow (<50m),103.5789,0.45,0.14,21.0,130.2405,591.975,23.65,2730.5,-120.8,4.8831549999999995,370.575,0.4299925,7.153499999999999,39.3352,0.3624425,2.425,302.365525,3.39079,3.5,2.9075,2669.0,27.22,8.1375,Satkhira,Satkhira Sadar,22.7059575,89.083572,2020-2021,SKSKPZ-1_Shallow (<50m),-0.9169883117825387,PASS
SKSKPZ-2,Deep (>150m),40.0,0.45,3560.81,2.25,99.035,2610.0,262.0,6260.0,-21.85,3.29,344.65,1.125,10.7,33.835,0.8,3.1,829.77,1.865,7.5,3.5,3450.0,28.2,7.07,Satkhira,Satkhira Sadar,22.6378,89.12622,2012-2013,SKSKPZ-2_Deep (>150m),-28.55748235283339,FAIL
SKSKPZ-2,Deep (>150m),,,,,,,,,,,,,,,,,,,,,,,,,,,,2020-2021,SKSKPZ-2_Deep (>150m),,NO_DATA
SKSKPZ-2,Medium (50–150m),,,,,,,,,,,,,,,,,,,,,,,,,,,,2012-2013,SKSKPZ-2_Medium (50–150m),,NO_DATA
SKSKPZ-2,Medium (50–150m),8.279125,0.2,0.065,18.0,121.9685,418.3,100.0,7469.5,-125.80000000000001,2.733765,384.3,0.066745,13.3265,53.1714,0.059295,2.9,164.23250000000002,3.51455,5.5,4.07,4450.5,26.6,7.66,Satkhira,Satkhira Sadar,22.7078,89.12622,2020-2021,SKSKPZ-2_Medium (50–150m),-2.492761983522963,PASS
SKSKPZ-2,Shallow (<50m),,,,,,,,,,,,,,,,,,,,,,,,,,,,2012-2013,SKSKPZ-2_Shallow (<50m),,NO_DATA
SKSKPZ-2,Shallow (<50m),,,,,,,,,,,,,,,,,,,,,,,,,,,,2020-2021,SKSKPZ-2_Shallow (<50m),,NO_DATA
SKSN2PZ-1,Deep (>150m),,,,,,,,,,,,,,,,,,,,,,,,,,,,2012-2013,SKSN2PZ-1_Deep (>150m),,NO_DATA
SKSN2PZ-1,Deep (>150m),,,,,,,,,,,,,,,,,,,,,,,,,,,,2020-2021,SKSN2PZ-1_Deep (>150m),,NO_DATA
SKSN2PZ-1,Medium (50–150m),7.5,0.4,2.92,0.0,205.9,2490.0,67.0,7260.0,5.9,13.4,366.0,1.12,7.16,13.02,0.6,8.9,67.27,0.63,7.7,4.3,4138.0,27.2,6.93,Satkhira,Shymnagar-2,22.27887,89.31125,2012-2013,SKSN2PZ-1_Medium (50–150m),-67.31121468615922,FAIL
SKSN2PZ-1,Medium (50–150m),4.33627,0.2,0.215,0.0,348.1895,2350.25,67.0,28780.0,-31.1,6.7819199999999995,216.55,0.09743,12.0345,63.506,1.292025,2.45,1090.165,1.09998,7.5,15.350000000000001,26490.0,28.15,8.05,Satkhira,Shyamnagar,22.27887,89.31125,2020-2021,SKSN2PZ-1_Medium (50–150m),0.388622117616842,PASS
SKSN2PZ-1,Shallow (<50m),,,,,,,,,,,,,,,,,,,,,,,,,,,,2012-2013,SKSN2PZ-1_Shallow (<50m),,NO_DATA
SKSN2PZ-1,Shallow (<50m),14.02558,0.4,0.14500000000000002,18.0,170.92705,3862.75,30.0,29680.0,24.349999999999998,2.411915,497.15,0.211495,82.3865,154.0175,0.09196,4.3,1915.179,3.40378,50.5,19.32,18647.5,28.0,7.75,Satkhira,Shyamnagar,22.2788,89.3112,2020-2021,SKSN2PZ-1_Shallow (<50m),-5.417955124422113,PASS
SKSN2PZ-2,Deep (>150m),,,,,,,,,,,,,,,,,,,,,,,,,,,,2012-2013,SKSN2PZ-2_Deep (>150m),,NO_DATA
SKSN2PZ-2,Deep (>150m),,,,,,,,,,,,,,,,,,,,,,,,,,,,2020-2021,SKSN2PZ-2_Deep (>150m),,NO_DATA
SKSN2PZ-2,Medium (50–150m),12.5,0.0,2.51,0.0,19.53,3000.0,116.0,8710.0,-3.9,1.24,402.6,1.16,8.15,33.7,0.6,0.5,199.7,0.2,69.63,4.9,4965.0,28.0,7.12,Satkhira,Shymnagar-2,22.27908,89.31133,2012-2013,SKSN2PZ-2_Medium (50–150m),-75.88240792613131,FAIL
SKSN2PZ-2,Medium (50–150m),0.18855,0.15000000000000002,0.185,0.0,252.8835,2151.8,116.0,8858.5,-47.1,3.80373,222.64999999999998,0.033715,9.9019,69.1699,1.06785,3.15,1051.745,0.6597999999999999,10.5,10.025,5344.0,27.64,8.06,Satkhira,Shyamnagar,22.27908,89.31133,2020-2021,SKSN2PZ-2_Medium (50–150m),-0.11307119653407803,PASS
SKSN2PZ-2,Shallow (<50m),,,,,,,,,,,,,,,,,,,,,,,,,,,,2012-2013,SKSN2PZ-2_Shallow (<50m),,NO_DATA
SKSN2PZ-2,Shallow (<50m),,,,,,,,,,,,,,,,,,,,,,,,,,,,2020-2021,SKSN2PZ-2_Shallow (<50m),,NO_DATA
SKSN2PZ-3,Deep (>150m),0.0,0.0,0.26,1.5,139.3,890.0,218.0,2730.0,-30.0,0.96,366.0,0.22,9.2,28.8,0.1,1.3,138.1,0.18,8.5,1.6,1556.0,27.8,7.52,Satkhira,Shymnagar-2,22.27927,89.31125,2012-2013,SKSN2PZ-3_Deep (>150m),-33.549665462053355,FAIL
SKSN2PZ-3,Deep (>150m),2.4619999999999997,0.75,0.235,0.0,163.5,1007.95,212.0,5521.5,-78.35,2.6686900000000002,231.8,0.04546,14.387,66.5452,0.05772,1.95,464.76200000000006,0.52414,5.0,6.85,3165.5,27.65,8.100000000000001,Satkhira,Shyamnagar,22.27927,89.31125,2020-2021,SKSN2PZ-3_Deep (>150m),2.90078677885496,PASS
SKSN2PZ-3,Medium (50–150m),,,,,,,,,,,,,,,,,,,,,,,,,,,,2012-2013,SKSN2PZ-3_Medium (50–150m),,NO_DATA
SKSN2PZ-3,Medium (50–150m),,,,,,,,,,,,,,,,,,,,,,,,,,,,2020-2021,SKSN2PZ-3_Medium (50–150m),,NO_DATA
SKSN2PZ-3,Shallow (<50m),,,,,,,,,,,,,,,,,,,,,,,,,,,,2012-2013,SKSN2PZ-3_Shallow (<50m),,NO_DATA
SKSN2PZ-3,Shallow (<50m),,,,,,,,,,,,,,,,,,,,,,,,,,,,2020-2021,SKSN2PZ-3_Shallow (<50m),,NO_DATA
SKSNLW-1,Deep (>150m),,,,,,,,,,,,,,,,,,,,,,,,,,,,2012-2013,SKSNLW-1_Deep (>150m),,NO_DATA
SKSNLW-1,Deep (>150m),,,,,,,,,,,,,,,,,,,,,,,,,,,,2020-2021,SKSNLW-1_Deep (>150m),,NO_DATA
SKSNLW-1,Medium (50–150m),7.5,,0.3,6.0,43.74,8300.0,84.0,20050.0,-18.6,6.9,244.0,0.49,0.88,483.96,13.0,37.1,237.1,0.26,460.0,12.1,11228.0,27.7,7.45,Satkhira,Shymnagar,22.23728,89.08839,2012-2013,SKSNLW-1_Medium (50–150m),-64.80765487178384,FAIL
SKSNLW-1,Medium (50–150m),0.92985,0.6,0.135,0.0,440.74699999999996,7299.55,84.0,21613.5,-23.55,0.966045,527.6500000000001,0.178365,141.128,204.6031,0.05479,3.7,3903.21,0.81359,69.0,12.524999999999999,13242.5,27.325000000000003,7.465,Satkhira,Shymnagor,22.23737,89.08838,2020-2021,SKSNLW-1_Medium (50–150m),-0.8889963314121418,PASS
SKSNLW-1,Shallow (<50m),,,,,,,,,,,,,,,,,,,,,,,,,,,,2012-2013,SKSNLW-1_Shallow (<50m),,NO_DATA
SKSNLW-1,Shallow (<50m),,,,,,,,,,,,,,,,,,,,,,,,,,,,2020-2021,SKSNLW-1_Shallow (<50m),,NO_DATA
SKSNLW-2,Deep (>150m),,,,,,,,,,,,,,,,,,,,,,,,,,,,2012-2013,SKSNLW-2_Deep (>150m),,NO_DATA
SKSNLW-2,Deep (>150m),,,,,,,,,,,,,,,,,,,,,,,,,,,,2020-2021,SKSNLW-2_Deep (>150m),,NO_DATA
SKSNLW-2,Medium (50–150m),7.5,,0.2,6.0,98.76,8325.0,80.0,19400.0,-26.2,6.1,305.0,0.31,0.48,439.36,0.4,4.3,2809.5,0.32,540.0,11.1,10864.0,27.4,7.38,Satkhira,Shymnagar,22.24706,89.09082,2012-2013,SKSNLW-2_Medium (50–150m),-21.164624766176058,FAIL
SKSNLW-2,Medium (50–150m),1.4764499999999998,0.30000000000000004,0.185,18.0,293.19000000000005,5190.85,79.0,21085.0,-9.0,5.078505,494.1,0.13324,81.6865,168.92745,1.274685,3.0,2840.8050000000003,1.34059,70.0,11.66,13150.0,27.075000000000003,7.53,Satkhira,Shymnagor,22.24667,89.08986,2020-2021,SKSNLW-2_Medium (50–150m),-0.7215679322531993,PASS
SKSNLW-2,Shallow (<50m),,,,,,,,,,,,,,,,,,,,,,,,,,,,2012-2013,SKSNLW-2_Shallow (<50m),,NO_DATA
SKSNLW-2,Shallow (<50m),,,,,,,,,,,,,,,,,,,,,,,,,,,,2020-2021,SKSNLW-2_Shallow (<50m),,NO_DATA
SKSNLW-3,Deep (>150m),,,,,,,,,,,,,,,,,,,,,,,,,,,,2012-2013,SKSNLW-3_Deep (>150m),,NO_DATA
SKSNLW-3,Deep (>150m),,,,,,,,,,,,,,,,,,,,,,,,,,,,2020-2021,SKSNLW-3_Deep (>150m),,NO_DATA
SKSNLW-3,Medium (50–150m),0.0,,0.22,6.0,107.9,630.0,82.0,2920.0,-58.3,2.1,122.0,0.36,16.16,99.48,0.1,0.6,734.6,4.58,380.0,1.7,1635.2,27.4,8.1,Satkhira,Shymnagar,22.25496,89.09418,2012-2013,SKSNLW-3_Medium (50–150m),24.280741853903734,FAIL
SKSNLW-3,Medium (50–150m),0.19835,0.35,0.15000000000000002,0.0,701.3820000000001,6044.9,82.0,19098.0,8.3,2.019305,335.5,0.081745,101.7176,271.57965,2.6424800000000004,10.0,2408.14,0.9004500000000001,76.0,11.23,12122.5,27.45,7.225,Satkhira,Shymnagor,22.25521,89.09414,2020-2021,SKSNLW-3_Medium (50–150m),-3.7675751355551506,PASS
SKSNLW-3,Shallow (<50m),,,,,,,,,,,,,,,,,,,,,,,,,,,,2012-2013,SKSNLW-3_Shallow (<50m),,NO_DATA
SKSNLW-3,Shallow (<50m),,,,,,,,,,,,,,,,,,,,,,,,,,,,2020-2021,SKSNLW-3_Shallow (<50m),,NO_DATA
SKSNLW-4,Deep (>150m),,,,,,,,,,,,,,,,,,,,,,,,,,,,2012-2013,SKSNLW-4_Deep (>150m),,NO_DATA
SKSNLW-4,Deep (>150m),,,,,,,,,,,,,,,,,,,,,,,,,,,,2020-2021,SKSNLW-4_Deep (>150m),,NO_DATA
SKSNLW-4,Medium (50–150m),0.0,,0.31,6.0,185.16,6500.0,89.0,9920.0,-20.0,5.0,146.4,0.35,0.33,400.64,1.3,12.8,198.2,0.13,123.0,5.9,5654.4,27.8,7.29,Satkhira,Shymnagar,22.2649,89.09772,2012-2013,SKSNLW-4_Medium (50–150m),-57.407150691020036,FAIL
SKSNLW-4,Medium (50–150m),0.00925,0.2,0.125,0.0,346.13649999999996,5774.6,88.0,16990.0,-17.9,1.153645,450.2,0.324295,42.8565,172.75345,0.84825,9.2,2335.5,0.54432,98.0,8.29,8654.0,26.715,7.565,Satkhira,Shymnagor,22.26489,89.09779,2020-2021,SKSNLW-4_Medium (50–150m),-12.461341340894235,FAIL
SKSNLW-4,Shallow (<50m),,,,,,,,,,,,,,,,,,,,,,,,,,,,2012-2013,SKSNLW-4_Shallow (<50m),,NO_DATA
SKSNLW-4,Shallow (<50m),,,,,,,,,,,,,,,,,,,,,,,,,,,,2020-2021,SKSNLW-4_Shallow (<50m),,NO_DATA
SKSNLW-5,Deep (>150m),,,,,,,,,,,,,,,,,,,,,,,,,,,,2012-2013,SKSNLW-5_Deep (>150m),,NO_DATA
SKSNLW-5,Deep (>150m),,,,,,,,,,,,,,,,,,,,,,,,,,,,2020-2021,SKSNLW-5_Deep (>150m),,NO_DATA
SKSNLW-5,Medium (50–150m),7.5,,0.25,6.0,67.06,5875.0,84.0,13090.0,-34.4,3.3,152.5,0.4,15.17,291.8,0.4,2.4,2871.3,0.2,124.0,8.1,7330.4,29.7,7.66,Satkhira,Shymnagar,22.2725,89.10076,2012-2013,SKSNLW-5_Medium (50–150m),-5.641013883169579,PASS
SKSNLW-5,Medium (50–150m),0.4536,0.8500000000000001,0.26,0.0,650.1514999999999,7281.5,84.0,15333.0,-3.1999999999999997,1.536885,414.8,0.44743,56.276,207.91815,0.37094,3.3,3614.6400000000003,0.59197,74.0,11.7,24074.0,27.475,7.6499999999999995,Satkhira,Shymnagor,22.27247,89.10064,2020-2021,SKSNLW-5_Medium (50–150m),-1.3048157859656178,PASS
SKSNLW-5,Shallow (<50m),,,,,,,,,,,,,,,,,,,,,,,,,,,,2012-2013,SKSNLW-5_Shallow (<50m),,NO_DATA
SKSNLW-5,Shallow (<50m),,,,,,,,,,,,,,,,,,,,,,,,,,,,2020-2021,SKSNLW-5_Shallow (<50m),,NO_DATA
